{
  "article_url": "https://andylee.pro/wp/?p=3665",
  "title": "FM96.1 : 中醫是如何從肝脾入手治牛皮癬、癲癇和嚴重的肌肉流失",
  "content": "<!--[if lt IE 9]><script>document.createElement('audio');</script><![endif]-->\n<audio class=\"wp-audio-shortcode\" controls=\"controls\" id=\"audio-3665-1\" preload=\"none\" style=\"width: 100%;\"><source src=\"https://andylee.pro/wp/wp-content/uploads/2016/07/Drcase_20160705_510-545pm_30m13s_converted.mp3?_=1\" type=\"audio/mpeg\"/><a href=\"https://andylee.pro/wp/wp-content/uploads/2016/07/Drcase_20160705_510-545pm_30m13s_converted.mp3\">https://andylee.pro/wp/wp-content/uploads/2016/07/Drcase_20160705_510-545pm_30m13s_converted.mp3</a></audio>\n<p>天氣炎熱的夏天，總會有一些皮膚的毛病令人好不舒服，這與肝臟解毒、脾臟去濕功能有關，在不同的病患身上的表現也有所差異。一名六十餘歲的病患，臉上額部有一塊塊脫落的皮屑，類似牛皮癬的徵狀，求診過許多中西醫治療，病情毫無進展，牛皮癬的致病原因，西醫認為是免疫系統的問題，而疾病不會經由病患傳染，西醫使用固醇類藥物治療，但只是暫時性的效果，中醫由肝臟的角度切入，由於病患年紀較長，肝臟解毒的功能下降，加上脾臟虛弱，去濕功能差造常皮下有水濕，這種情況通常會使用＂發汗　＂的方法，使用有麻黃、荊芥，等有宣發功效的藥物，將皮表下的髒東西給排除。</p>\n<p>病患接受治療兩個半月後，未能達到理想中的效果，實在令人頭疼，換個思路來治療，由補益肝血加上健脾利水的方式，在兩個星期後病情有了轉變，患者皮癬開始消退，令我訝異的是，這些補益的藥物比起宣發藥物的藥性相對和緩，探討其原因，或許病患常年工作積勞，身體未能夠得到充分的營養以及休息所造成，因此藉由補益肝臟，健脾利水的方式，將身體虛損補足，身體就有能力恢復健康的狀態，病患也無須經常來就診。</p>\n<p>再來討論一位五十歲中年男子，病在肝、脾的臨床案例。這名中年男子，於今年年初首次發生癲癇，患者發病時，有數十秒喪失意識記憶空白，經由西醫檢查找不出發病原因。診斷後，主要原因來自於患者長年勞累，肝臟受損導致肝剋脾土，而脾主利水化濕，一但功能異常身體開始積濕，經年累月濕化為痰飲，而痰飲可存在身體的任何部位，有不同的徵狀，這位患者則積聚在頭部，造成癲癇；另一位病患則是運動健將，患者來看診時，訴說自己在一年內體重驟降五十磅，肌肉嚴重流失，平時很容易疲累，透過西醫檢查不出原因，中醫認為患者的脾臟極虛，所謂＂脾主四肢肌肉＂，用西醫名詞解釋，這位患者有＂　重症肌無力＂（ＭＧ）的徵狀，這幾例患者都藉由補肝健脾達到治療的效果，這就是中醫辨證的有趣之處，看似不同的疾病，治療的方向卻大同小異。</p>\n<p>人體是個很奧妙的有機體，當一個器官虛弱時，其他的臟器會補其不足，所以疾病的產生是一個長時間的過程，當身體異狀被我們查覺時，其實已經不是單一問題存在了，生病過程是複雜的，治療更非一蹴可幾，因此在治療的過程病患需要耐心，配合醫師腳步，別輕信所謂的　＂偏方　＂，每個病患生病過程及生理狀況各有異同，豈能一方治百病。</p>\n<p><strong>（語音檔案由FM96.1電台提供，文章摘錄自語音檔案內容，部分文字略有異同，敬請見諒。）</strong></p>",
  "article_time": "2016年07月19日 15:56",
  "comments": [
    {
      "id": "85550874acc0e3eed16ac56c854fa383",
      "author": "ray",
      "time": "2017年12月07日 17:56",
      "content": "<p>您好。我朋友患上西醫所說的牛皮廯，生不如死。医生只給他類因醇。他亦看了很多中医，情況一直沒好轉。你可否電郵有關藥方給我？感激不盡。</p>",
      "level": 0,
      "highlight": false,
      "children": [
        {
          "id": "e56bcc0bf00d4133774d4f3f671487ac",
          "author": "andy",
          "time": "2017年12月18日 14:21",
          "content": "<p>中醫講辨證論治，不是某個西醫病名就對於某個中藥方。</p>",
          "level": 1,
          "highlight": true,
          "children": []
        }
      ]
    },
    {
      "id": "6d8341916dfb2f7e3b9ca64056abd67e",
      "author": "Creamymami",
      "time": "2022年08月26日 19:51",
      "content": "<p>李醫師好！本人身在香港，得了腰椎骨刺引起坐骨神經痛，飽受煎熬，看了不少中醫，但感覺幫不了，有點灰心，不知如何是好，也試過自己看醫書嘗試泡浸方劑，也未見成效，實在令人沮喪。故冒昧請教可否給我介紹一下香港一些好的中醫？我絕對相信有學識的中醫能幫到我，只是市場上中醫質素太參差而已。</p>\n<p>另外，有親戚現居加拿大，患上頸靜脈球瘤，不知李醫師有否遇過相關案例？中醫角度來說，有關疾病是什麼原因引起的？西醫認為有關腫瘤位置問題不宜動手術，但已影響舌頭活動能力，需要盡快處理，請問中醫療法是否可行？幫助縮小腫瘤？還望李醫師賜教！</p>\n<p>如蒙賜教，感激不盡！祝一切安好！</p>",
      "level": 0,
      "highlight": false,
      "children": [
        {
          "id": "319f975a48cc194faf807a6f8c623680",
          "author": "李宗恩",
          "time": "2022年09月15日 12:49",
          "content": "<p>我無法在網上針對個案一一討論。</p>",
          "level": 1,
          "highlight": true,
          "children": []
        }
      ]
    },
    {
      "id": "1856f9f997d69bdd9dfe26258db7d606",
      "author": "闫中天",
      "time": "2023年10月31日 19:48",
      "content": "<p>老师，健脾只有这两个方向吗？一个是小建中汤方向，一个是白术茯苓利水方向（或者说是甘淡渗利）</p>",
      "level": 0,
      "highlight": false,
      "children": [
        {
          "id": "6a731b909ab21a34ef3dc9f42ef27fd2",
          "author": "李宗恩",
          "time": "2023年11月07日 09:24",
          "content": "<p>這是兩個常見的大方向，不是只有這兩個方法。</p>",
          "level": 1,
          "highlight": true,
          "children": []
        }
      ]
    },
    {
      "id": "1d3f0c62ebbdcca72ffd2edd1f4ac4a8",
      "author": "czc",
      "time": "2024年08月13日 08:12",
      "content": "<p>尊敬的李医师你好，请教一个问题，我的老婆90多斤，不算太瘦，但是脸上没肉，胳膊也是很细，但是下半身（大腿和屁股）却比较胖，如同脂肪无法流通到上半身一样。这种是基因确定还是身体问题，能否改善呢，看中医说她脾虚，之前最瘦才80斤，现在慢慢涨到90斤，但是脸看起来还是很消瘦。非常感谢你的回复。</p>",
      "level": 0,
      "highlight": false,
      "children": [
        {
          "id": "98dced7306087f84d42859c31173da2f",
          "author": "李梁",
          "time": "2024年08月15日 13:11",
          "content": "<p>原谅我看到你的留言再次摇头笑了笑，让我斗胆猜测一下那位中医师给你所谓一套辩证下来的脾虚的方剂，十之八九就是什么所谓的四君子汤，或者理中汤方内，亦或者归脾汤方类的，如果没猜错，基本主要还是在这三个方剂上面做加减，不过我已经对大陆中医师常用的一套所谓脾虚湿气重，痰湿体质，湿热体质，寒湿体质，等等一系列的辩证词语早已司空见惯了！但通常一听到这些话词，我通常会觉得这位中医师的功底还有待考量！</p>",
          "level": 1,
          "highlight": false,
          "children": []
        },
        {
          "id": "a84f8d4b925918de0093d6f3396ff524",
          "author": "李宗恩",
          "time": "2024年08月17日 18:32",
          "content": "<p>脾虛，下半身寒濕重。</p>",
          "level": 1,
          "highlight": true,
          "children": [
            {
              "id": "48d9837f66e66729b36d5d3d6e0d8aa5",
              "author": "czc",
              "time": "2024年08月17日 21:07",
              "content": "<p>谢谢你的回复，虽知不能凭单一症状去治病，奈何身边无有水准的中医，自己的愚见：她几乎从来不运动，出汗也少，胃口也不太好，近几年工作原因常常熬夜，伤肝，克到脾，还带有脸色枯黄，现在给她报健身房做做力量训练，再试试用小建中汤，网上购买的小建中汤膏泡水喝可以吗？还是要自己买药材水煎更好？谢谢。（自己一知半解，献丑）</p>",
              "level": 2,
              "highlight": false,
              "children": [
                {
                  "id": "6b1a1813e64fd111b192d2fe252ccbe1",
                  "author": "阿哈",
                  "time": "2024年09月03日 08:29",
                  "content": "<p>你好 , 在下非中醫 , 但老婆有相似問題 , 亦是體虛 , 面黃</p>\n<p>曾看過一個中醫 ,<br/>\n他一見面黃便秘 + 肝脈大 + 胃脈弱 ,<br/>\n便開 4 服柴胡龍骨牡蠣湯先瀉實 , </p>\n<p>之後才怯痰用玉壺湯之類 ,<br/>\n最後才用小建中湯補虛</p>\n<p>瀉實 –&gt; 怯痰 –&gt; 補虛</p>\n<p>胃口 , 面色 , 精氣神慢慢恢復了<br/>\n希望對你老婆有用 </p>",
                  "level": 3,
                  "highlight": false,
                  "children": [
                    {
                      "id": "88d072a21f6ebecdfeb6dc1bcba90ac3",
                      "author": "czc",
                      "time": "2024年10月04日 10:08",
                      "content": "<p>谢谢你的耐心答复，但是本人不是医师，不敢拿枕边人做实验。</p>",
                      "level": 4,
                      "highlight": false,
                      "children": []
                    }
                  ]
                }
              ]
            }
          ]
        }
      ]
    }
  ],
  "page": 43,
  "order": 6,
  "filename": "data\\page43\\page43_order5_6a731b909ab21a34ef3dc9f42ef27fd2.json"
}