{
  "article_url": "https://andylee.pro/wp/?p=3841",
  "title": "FM96.1 : 中西合璧更好？我們還再重蹈覆轍？",
  "content": "<!--[if lt IE 9]><script>document.createElement('audio');</script><![endif]-->\n<audio class=\"wp-audio-shortcode\" controls=\"controls\" id=\"audio-3841-1\" preload=\"none\" style=\"width: 100%;\"><source src=\"https://andylee.pro/wp/wp-content/uploads/2016/09/Dr_case_20160906_509-544pm_30m43s_converted.mp3?_=1\" type=\"audio/mpeg\"/><a href=\"https://andylee.pro/wp/wp-content/uploads/2016/09/Dr_case_20160906_509-544pm_30m43s_converted.mp3\">https://andylee.pro/wp/wp-content/uploads/2016/09/Dr_case_20160906_509-544pm_30m43s_converted.mp3</a></audio>\n<p>一般罹患癌症的病患多數仍尋求西醫的幫助，找尋中醫幫助的癌症病患經常是西醫已宣布放棄治療，來找尋所謂的＂奇蹟＂，而多數的癌末病患期望中醫在短時間內將問題解決，這想法是不切實際的，還有一種情況，在曾經罹癌的親屬接受西醫治療無效的經驗下，患者選擇中醫治療。</p>\n<p>一名史坦佛的學妹，帶著她乳癌末期的姐姐來就診，患者五十出頭，癌細胞已擴散至全身，初期患者來就診時咳嗽嚴重，已經有肺積水的現象，大大的影響睡眠，經過中藥的治療後，病患的咳嗽現象大幅改進，身體也逐漸溫暖，精神也好起來，晚上也睡得好。但另一方面，這名患者的腫瘤醫師，認為患者的身體情況已改善，可以開始服用＂標靶治療藥物＂來阻隔乳癌細胞的繼續生長，而此治療的盲點在於，假設這藥物對患者的乳癌細胞有幫助，那患者的腦癌細胞呢？其餘擴散的癌細胞呢？！可以說這一標靶藥物對於這位病患的是沒有助益的，更糟糕的副作用是造成身體的白血球大幅降低，建議該病患諮詢其他腫瘤醫師的意見，另一名腫瘤專家表示不贊同此標靶藥物的使用，理由有兩點，第一、服用該藥物後白血球會大量減少，其次，這位腫瘤專家的前癌症病患服用此標靶藥物，並沒有延續其生命，這名患者在諮詢這些建議後，仍然接受了這標靶藥物的治療。</p>\n<p>為什麼這位病患會如此堅持這項治療呢？她說：她必須試盡各種方法，如此才對得起家人。而經過一個星期的標靶治療，病患的白血球數量驟降至危險邊緣，必須停止服用藥物，此時，患者回頭尋求中醫，希望能幫助她白血球數量提升，經過中藥的幫助後，將她的白血球也恢復一些，隨後患者又回到西醫的治療，白血球數目一直在危險邊緣上上下下，她的腫瘤科醫師竟然說反正沒有其它辦法治療，即使白血球數目很差，還是繼續服用標靶藥物！病情甚至比原先預期更加速惡化。</p>\n<p>許多癌末的病患會抱持著奇蹟的發生，在最後的階段嘗試著各種不合邏輯的治療，讓身體遭受到許多苦痛，即便最終闖關失敗，患者還認為這樣的方式是對得起自己和家人，儼然成為＂悲劇英雄＂。在西醫宣判剩餘的日子之後，病患應該思考，如何將剩餘的日子過的有品質，而不是用盡折磨自己的方式來等待痊癒的奇蹟，當然病患的家屬在患者虛弱的同時，也扮演著重要的角色，有些家人希望病患可以完全康復，強烈期望病患進行激烈的治療行為，甚至病患本身沒有意願嘗試激烈的手術，但在家人的堅持下接受了治療，直至治療無效且過程中承受了許多苦痛，家人才覺得愧疚。無論中西醫在治療癌末病人的案例上，有好、也有壞的結果，而中西醫雙方治療的方法，哪種方法讓病患的痛苦降至最低，並且能提高剩餘日子的生活品質，這是癌末病人以及身旁家屬需要去思考的課題，而最不切實際的想法就是，認為奇蹟總是會發生，而忽略所謂的人道對待，以及臨終的生活品質。</p>\n<p>一名八十八歲婦人，平時生活起居飲食正常，在健康檢查後發現，肛門直腸有一個四公分腫塊，醫師認為是惡性腫塊，由於腫塊太大無法切除，醫師進行化療手術，化療手術後的副作用造成老婦人急性肺炎，送至加護病房一個星期後才轉回普通病房，主治醫師決定讓病人採用放療手術，手術後，病患開始拉肚子、掉髮、全身難受，還必須使用紙尿布，試想，八十八歲婦人，原本生活起居正常，能吃能喝，行動自如，即使原本身上的腫塊還在，術前與術後的生活品質大相逕庭，如此手術值得嗎？必須嗎？過度的治療無非是加速病人的死亡。目前病患接受中醫的治療，維持該有的生活素質。</p>\n<p><strong>（語音檔案由FM96.1電台提供，文章摘錄自語音檔案內容，部分文字略有異同，敬請見諒。）</strong></p>",
  "article_time": "2016年09月06日 13:51",
  "comments": [
    {
      "id": "b3184ede03afb62efd51357ad14d2733",
      "author": "Frances S.",
      "time": "2016年12月11日 05:56",
      "content": "<p>李醫師 您好：請問有肛門瘻管病症，有時腫，有時消，是否只有手術一途呢？謝謝您。</p>",
      "level": 0,
      "highlight": false,
      "children": [
        {
          "id": "e45a9c6f0c23176856f358a41b3fc406",
          "author": "andy",
          "time": "2016年12月12日 15:53",
          "content": "<p>中醫應該有辦法幫助病情。</p>",
          "level": 1,
          "highlight": true,
          "children": []
        }
      ]
    },
    {
      "id": "26ba1d8e11d8219e60b00a0acafe30e9",
      "author": "Gillian求助信",
      "time": "2020年02月21日 07:34",
      "content": "<p>李医师您好！家父于去年五月查出消化系统癌症晚期，5-7月做了两次半化疗后我们停止了一切西医治疗，改用中医服药。9个月来家父病情时好时坏有所反复，最近三周腹胀加重，特别是已有近两周不能正常大便（每天有便意五六次却只能共解出一两汤匙），腹胀加肠梗阻使得父亲难以睡眠，也影响饮食，身体每况愈下。我们全家担心的同时不愿意再让父亲去接受西医化疗，寄希望于中医能缓解父亲腹胀及梗阻。然而大陆的所谓名医都是用中西医结合的思路，而江湖郎中所谓的秘方很多都不可信。今天有幸认识倪师传人李医师您，家父或救治有望了！恳请您慈悲出手相救！全家至诚拜谢！</p>",
      "level": 0,
      "highlight": false,
      "children": [
        {
          "id": "6c2bc4ae90350f7d5bd36b73bf2724e1",
          "author": "andy",
          "time": "2020年02月21日 11:04",
          "content": "<p>對於年長的癌末病人，不適合遠程治療，加上當地買的中藥材往往品質不良、製藥方式不規範，一般病人還可以勉強使用，年長癌末病人危險度高，中藥材品質及製作過程非常重要。</p>",
          "level": 1,
          "highlight": true,
          "children": []
        }
      ]
    },
    {
      "id": "c030cbfee6410fd77abf2f5d7b69ba54",
      "author": "感恩李医师",
      "time": "2020年02月21日 16:44",
      "content": "<p>李医师，我们在杭州，您有熟悉的倪师弟子推荐吗？对国内医学院培养出来的医生真的不敢再尝试了！感恩您！</p>",
      "level": 0,
      "highlight": false,
      "children": [
        {
          "id": "2277ecd9675b2551da811e97f73b069b",
          "author": "andy",
          "time": "2020年02月22日 10:44",
          "content": "<p>我不清楚杭州的情況。</p>",
          "level": 1,
          "highlight": true,
          "children": []
        }
      ]
    },
    {
      "id": "85c31243c337272ce68d314e98f5e832",
      "author": "感恩李医师",
      "time": "2020年02月24日 15:43",
      "content": "<p>您好李医师！请问您目前是在美国吗？方便告诉您诊所的具体联系方式、地址及您的坐诊时间吗？谢谢！</p>",
      "level": 0,
      "highlight": false,
      "children": [
        {
          "id": "dee3a6b9c35016d30a28d2f802faa63f",
          "author": "andy",
          "time": "2020年02月24日 19:45",
          "content": "<p>這裡網頁上不是有寫嗎？https://andylee.pro/wp/?page_id=2115</p>",
          "level": 1,
          "highlight": true,
          "children": []
        }
      ]
    }
  ],
  "page": 43,
  "order": 1,
  "filename": "data\\page42\\page42_order8_a41932559bc0c3b4744e894bb34fcb2e.json"
}