{
  "article_url": "https://andylee.pro/wp/?p=3639",
  "title": "FM 96.1 : 夏至談＂寒涼　＂－頭暈、心悸等重症的根源",
  "content": "<!--[if lt IE 9]><script>document.createElement('audio');</script><![endif]-->\n<audio class=\"wp-audio-shortcode\" controls=\"controls\" id=\"audio-3639-1\" preload=\"none\" style=\"width: 100%;\"><source src=\"https://andylee.pro/wp/wp-content/uploads/2016/07/dr-case_20160621_510-545pm_31m07s_converted.mp3?_=1\" type=\"audio/mpeg\"/><a href=\"https://andylee.pro/wp/wp-content/uploads/2016/07/dr-case_20160621_510-545pm_31m07s_converted.mp3\">https://andylee.pro/wp/wp-content/uploads/2016/07/dr-case_20160621_510-545pm_31m07s_converted.mp3</a></audio>\n<p>今天正值中國時令的＂夏至　＂節氣，是一年當中日照時間最長的一天，天氣也逐漸炎熱起來，冰品、冷氣就成了日常的一部分了，但是夏季吃冰其實對身體的損害很大，這是因為夏天較為溫熱，自然身體內部的陽氣存量較冬天少，這時候夏天吃冰覺得舒適，到了冬天就會有病徵出現，這當中就包含了少腹寒濕的積聚，初期可能有腹瀉、消化不良等腹部的症狀。心與小腸相表裡，屬於火臟，心為君火、小腸為相火，心臟搏跳將熱量傳至小腸，小腸再溫熱周邊的子宮、膀胱，因此許多子宮寒冷的婦女，就會有不孕的現象；年邁的長者有類似梅尼爾氏綜合症頭暈的現象，源自於心火不足加上腎功能虛弱，以致腎水上泛於中膈，因此頭暈。臨床有許多心律不整的病患，舌根苔厚膩，身體寒濕，心火被寒濕所阻隔，心臟則加強運作，耗損心陽，造成日後的心律失常，在西醫心電圖就會看出異常，中醫則會有脈結代的現象。</p>\n<p>現代人提倡生機飲食，早上起床喝一杯生鮮蔬果汁，有些人擔心太寒涼，會在蔬果汁加薑，在臨床看來，薑可以溫胃、溫中，但是有些寒涼體質的人，屬心陽不足，長期服用薑汁對體質沒幫助，反倒胃潰瘍上身，日常的食材其實都有藥性，長期食用某類食物建議諮詢醫師，斟酌食用才好。灣區許多工程師，年紀三十出頭就有小腹，一方面運動量不足，加上代謝功能開始下降，身體累積許多廢水，當廢水積聚在體內越多，心臟熱量傳遞的阻礙也就越大，也由於心主五液，排除廢水消除小腹同時，是需要將心臟功能加強，看似福態的小腹實際上隱藏日後心臟病的發作。</p>\n<p>在看診的過程中，曾遇過病患抱怨身體在短時間內，由健壯的體魄迅速消瘦、肌肉流失，甚至變的很容易疲累，但病患平時保持著良好的運動習慣。為何會短時間內肌肉流失？這就可以追溯到病人的生活習慣，病患在激烈運動後，往往會大量的飲用冰水補充水分，中醫認為脾主四肢、肌肉，當寒涼的冰水進入人體，直接傷害了脾胃的陽氣，長期造成脾氣虛弱，臨床就會出現：容易疲勞、肌肉無力，甚至有所謂的　＂重症肌無力＂（ＭＧ）的症狀出現，這與脾臟有寒相關。</p>\n<p>案例一：劉先生，小兒五歲，夜晚尿床約三到四次，想請問李　醫師有什麼辦法解決？</p>\n<p>幼兒五歲腎氣還在發育中，甚至有些小朋友到了十二歲還在尿床，這與腎陽的功能息息相關，治療上可以使用桂枝湯為基礎，再加上炮附子的使用，可將陽氣收引，接著就要藉由平時飲食習慣維持身體健康。</p>\n<p>案例二：張女士，早晨起床口苦，尤其在睡眠不好時發生，想請問李　醫師原因？</p>\n<p>有兩種可能，第一、肝臟不好，間接影響膽汁分泌紊亂，造成口苦，可由清肝下手。第二、平時睡得好，但晨起口苦，通常與心火相關，需要進一步診斷找出病因。</p>\n<p>案例三：李女士，六十歲，時常便秘，有服用大黃中藥排解，停藥就無效，想請問李醫師怎麼解決？</p>\n<p>大黃乃屬攻藥、軍藥，長期服用會損傷脾胃，而造成便秘有數種原因，可能是熱結於大腸，也有可能寒象造成腸胃蠕動不佳，但是由這位聽眾的口氣，判斷應該屬於熱象所造成津液不足的便秘，津液與血同源，中醫認為更年期後的婦女，肝血會下降，造成臟躁的現象，建議找尋信賴的醫師，確診身體的寒熱虛實，對證下藥才好。</p>\n<p><strong>（語音檔案由FM96.1電台提供，文章摘錄自語音檔案內容，部分文字略有異同，敬請見諒。）</strong></p>",
  "article_time": "2016年06月21日 14:15",
  "comments": [
    {
      "id": "3c8d47fae820f0d6497442fcee4513a1",
      "author": "Irene Zhao",
      "time": "2018年11月02日 21:44",
      "content": "<p>想请教经方中哪些是清肝的？谢谢</p>",
      "level": 0,
      "highlight": false,
      "children": [
        {
          "id": "97a0d1cdd99aed71de96abc509e937bf",
          "author": "andy",
          "time": "2018年11月03日 10:00",
          "content": "<p>一般以柴胡、鬱金、黃芩等為主，情況需要時，適度加入茜草、丹皮、龍膽草等，但是，「清肝」不是就加入幾味藥，而是得辨證論治，知道自己在做什麼，同時得攻補配合，而不是一直清。</p>",
          "level": 1,
          "highlight": true,
          "children": []
        }
      ]
    },
    {
      "id": "c1588a513eddc8e0e80327c76c173c4b",
      "author": "Ashley",
      "time": "2025年02月05日 05:32",
      "content": "<p>李醫師您好：您有在此廣播中提到”平時睡得很好，晨起口苦，通常與心火相關”，但因為廣播時間關係所以沒有講到此病理機制，是否可講解此前後的關係？感謝李醫師！</p>",
      "level": 0,
      "highlight": false,
      "children": [
        {
          "id": "580856ad48d6e7d7954852054801a3be",
          "author": "李宗恩",
          "time": "2025年02月10日 15:07",
          "content": "<p>心火上炎</p>",
          "level": 1,
          "highlight": true,
          "children": []
        }
      ]
    }
  ],
  "page": 43,
  "order": 6,
  "filename": "data\\page43\\page43_order6_c835a9c1c9c22ba83bca35019cc10dda.json",
  "timestamp": 1739680052.9922156
}