{
  "article_url": "https://andylee.pro/wp/?p=5869",
  "title": "FM96.1：腎、膽結石臨床治療看中醫藥驚艷療效",
  "content": "<figure class=\"wp-block-audio\"><audio controls=\"\" src=\"https://andylee.pro/wp/wp-content/uploads/2019/06/S-20190122檢驗中醫：腎、膽結石臨床治療看中醫藥驚艷療效.mp3\"></audio></figure>\n<p>（語音檔案由FM96.1電台提供，文章摘錄撰寫中，請稍加等待謝謝。）</p>",
  "article_time": "2019年01月22日 11:40",
  "comments": [
    {
      "id": "52e0469ae1bdc0f939c917ce667109eb",
      "author": "跳駿",
      "time": "2023年03月05日 01:02",
      "content": "<p>李醫生您好,我想咨詢一下我的腎結石如何排出體外？本人33歲，8歲那年因腎積水，腎結石，右側開刀取石，當時有十多粒，因時間關係沒有全部取完，一直吃家裡做的排石藥丸。現在做B超，右腎右數枚強回聲團，大者8mm，後方伴聲影。是採用激光碎石治療？皮下微創取石？還是使用豬苓湯+茯苓戎盐汤加減？現在右側腎部位摸上去較冰冷，微痛，經脈不通。</p>",
      "level": 0,
      "highlight": false,
      "children": [
        {
          "id": "92592c251ae6062814b7f5011cdc94b9",
          "author": "李宗恩",
          "time": "2023年03月13日 11:08",
          "content": "<p>你應該找中醫師看診，雖然豬苓湯等可以排腎結石，但身體問題不是那麽單純，得深入解決根本問題。</p>",
          "level": 1,
          "highlight": true,
          "children": []
        }
      ]
    },
    {
      "id": "20c356dc7510c37fd78dc388b15fbc2e",
      "author": "谢依璇",
      "time": "2023年07月29日 23:41",
      "content": "<p>李医师，我家妹妹已经确诊胆囊炎，胆囊结石，然后现在我们不想切胆囊，想约您的线上诊疗号，已经发邮件给诊所的了，希望能等到您的号，现在就在家静养，目前还没有去看南京的中医，不太信任她们，国内的医生为了绩效已经疯了，特别是疫情之后，更加疯狂的推荐做手术，妹妹才21岁，在得到您线上问诊之前，我们能做些什么呢？</p>",
      "level": 0,
      "highlight": false,
      "children": [
        {
          "id": "551ecb9e399d5a97630d64c941008254",
          "author": "李宗恩",
          "time": "2023年07月30日 15:16",
          "content": "<p>減除所有生活作息及飲食的壞習慣，譬如晚睡、刷手機、生冷食物、生氣吵架等等，另外，膽汁由肝產生，肝有問題導致膽的問題，任何傷害肝的行為都應該減去。</p>",
          "level": 1,
          "highlight": true,
          "children": []
        }
      ]
    },
    {
      "id": "69db9456bf09f3e94c6f04c60f37e8d8",
      "author": "送你座帆船",
      "time": "2024年11月15日 08:22",
      "content": "<p>有时候跟别人解释中医真的很生气很无奈，找到一个优秀的中医医生也是非常的难，毕竟人只相信自己看到的。</p>",
      "level": 0,
      "highlight": false,
      "children": []
    }
  ],
  "page": 30,
  "order": 2
}