{
  "article_url": "https://andylee.pro/wp/?p=5322",
  "title": "卵巢囊腫",
  "content": "<p>這是一位四十歲的華人女士，三週多前來看診，原因是她之前懷孕兩次都流產了，這次剛剛懷孕幾週，可是，婦產科醫師一直找不到胎兒的心跳，她想知道中醫有沒有什麼辦法，而如果這次胎兒保不住，希望能調理身體，讓下次成功懷孕生小孩。另外，婦產科檢查出兩個很大的卵巢囊腫，左邊的已經15公分多，右邊的也有8公分多，婦產科醫師覺得太大了，得儘快動手術切除，但是，外科手術醫師評估後，認為動手術切除卵巢囊腫會傷害到她的卵巢，很可能會影響未來生育的能力，病人想知道中醫有什麼辦法可以處理這個兩面為難的問題。</p>\n<p>看到病人中下焦寒濕明顯的體型，聽到婦產科醫師找不到胎兒的心跳，我們已經可以猜測胎兒應該已經保不住了。而病人的脈很沈、腎脈很弱，也完全沒有孕脈了，八九不離十，胎兒早在一兩週前就已經出問題了。因此，第一次的藥方以去中下焦寒濕為主，一般所謂安胎的的中藥，意義已經不大了。</p>\n<p>病人看完中醫後，馬上去了婦產科再度複檢，證實了胎兒已經沒有生命了，並使用西藥來人工流產。病人準時一週後來複診，這個時候我們以坐月子來看待病人的情況，藥方以生化湯為基礎，但是依然延續上週的去中下焦寒，而因為沒有胎兒的顧慮，藥方的劑量加重許多。</p>\n<p>一週後再度複診，藥方轉為一般坐月子第二週的方向，開始補血補氣，讓病人的身體恢復，同時，依然重用利水的中藥。</p>\n<p>今天第四次來看診，還沒進診間，就聽到病人和診所前台有些喧鬧聲，好像病人很高興地向診所同仁解釋什麼。原來，病人幾天前在婦產科醫師大力恐嚇下去做超音波檢查，為切除卵巢囊腫的手術做準備，結果，負責做超音波的檢查人員從座椅上跳了起來，大叫不可能，因為左右兩個大大的卵巢囊腫都已經不見了！</p>\n<p>病人固然非常高興，而病人的先生為歐洲白人，本來對中醫嗤之以鼻，完全不相信，然而，在短短三週左右，避免了很可能會傷害卵巢而影響生育能力的手術，黑白分明的改變，也轉為相信中醫，急著詢問他在歐洲重病的親人是不是也可以用中醫來治療。</p>\n<p>中醫想要得到大眾及主流醫學的認可與尊重，依靠的不是什麼祖傳秘方、幾代中醫世家、自己發明的什麼特殊藥方或手法等等不切實際的宣傳方法，只要有足夠的臨床療效，自然會得到認可與尊重。</p>",
  "article_time": "2019年02月11日 17:12",
  "comments": [
    {
      "id": "b529c616dd4932e7b549034d8908694f",
      "author": "CHOU HEIDI",
      "time": "2019年02月11日 21:37",
      "content": "<p>請問PCOS 有沒有治愈的醫案呢</p>",
      "level": 0,
      "highlight": false,
      "children": [
        {
          "id": "6e7f4ec894be7ecc47023f65589a0d08",
          "author": "andy",
          "time": "2019年02月12日 19:14",
          "content": "<p>有PCOS的醫案，但是，PCOS的病人差異很大，西醫仍不知道原因，而中醫得一個一個去深入了解情況，不是一兩個醫案可以解釋個大概的。</p>",
          "level": 1,
          "highlight": true,
          "children": []
        }
      ]
    },
    {
      "id": "1ecbd0cc34bfadb22d7a66bfa0d21f88",
      "author": "miracle",
      "time": "2019年02月17日 06:13",
      "content": "<p>李师，您好！对于HIV感染者，已服药三年，请问李师有何建议？以前听倪师讲过，这并不是致死之病，但死亡率却很高，大陆主要以服药延缓病毒复制，很期待李师的解答，感恩！</p>",
      "level": 0,
      "highlight": false,
      "children": [
        {
          "id": "a03912d040269f40574af0ae8abc10e9",
          "author": "andy",
          "time": "2019年02月19日 17:06",
          "content": "<p>AIDS最大問題是免疫系統的瓦解，導致感染無法受到控制，因此，治療的方式得看病人感染導致什麼問題，而非一個方劑來治療每個病人。</p>",
          "level": 1,
          "highlight": true,
          "children": [
            {
              "id": "3fea536c4ccf5221feb0cf067ebef710",
              "author": "miracle",
              "time": "2019年02月19日 20:29",
              "content": "<p>非常感谢李老师的回复！</p>",
              "level": 2,
              "highlight": false,
              "children": []
            }
          ]
        }
      ]
    },
    {
      "id": "65a91a61dae06ed4fe37b424aab2a146",
      "author": "苑云芸",
      "time": "2019年02月18日 23:54",
      "content": "<p>andy医师你好：我是一个中医的小白，学历也只有大陆的专科。对中医产生了很大的兴趣，在社会上参加过中医外治的培训（针灸推拿），简单的学习了些中医理论。后来接触到倪师的视频，也一直在学习视频的内容，现在到伤寒论上篇了，感觉学习很难了。不知道我这种情况的，没有中医大学的背景，只是学习倪师的讲的中医核心，是否可以学习会。谢谢。</p>",
      "level": 0,
      "highlight": false,
      "children": [
        {
          "id": "112a357f0f48dde277c1ff1422b724d7",
          "author": "andy",
          "time": "2019年02月19日 17:43",
          "content": "<p>如果你真的能讀懂倪老師整套的中醫教材，你的中醫功力已經比絕大多數的中醫厲害了。許多倪老師的學生原本都不是學醫的，跟倪老師學習到臨床療效都已經不錯了，才到中醫大學念中醫學位，主要是為了能考中醫師執照，當個正式的中醫師，而非只是私底下幫幫親朋好友而已。不過，沒有老師教導及臨床跟診下，不容易真的讀懂倪老師的教材。</p>",
          "level": 1,
          "highlight": true,
          "children": []
        }
      ]
    },
    {
      "id": "462ee4c11cb9d479368265655f34d9ea",
      "author": "苑云芸",
      "time": "2019年02月20日 03:09",
      "content": "<p>非常感谢老师。不知道去哪里去真正学习到。</p>",
      "level": 0,
      "highlight": false,
      "children": []
    },
    {
      "id": "94fe81e22953053e1124eb9f20481d5f",
      "author": "内经初学者",
      "time": "2019年04月07日 20:11",
      "content": "<p>苑云芸: 你在哪里？ 我们能交流学中医的心得体会吗？</p>",
      "level": 0,
      "highlight": false,
      "children": []
    },
    {
      "id": "b4d76e45ea3e448aecccdf37e0cf8ec3",
      "author": "秦嗷嗷",
      "time": "2021年10月23日 04:17",
      "content": "<p>李医生您好！我有点好奇，就是您通常治病期间会让病人遵守严格的医嘱么？还有，患者痊愈停药后会有严格的医嘱要遵守么？</p>",
      "level": 0,
      "highlight": false,
      "children": [
        {
          "id": "f76469f19de6626c5ecac23b3f3e776e",
          "author": "李宗恩",
          "time": "2021年10月24日 14:14",
          "content": "<p>這得看個案。</p>",
          "level": 1,
          "highlight": true,
          "children": [
            {
              "id": "91f22531a1a80f94cc3c14db4faf6d5f",
              "author": "秦嗷嗷",
              "time": "2021年10月25日 08:21",
              "content": "<p>哦哦，好的！辛苦李医师~~</p>",
              "level": 2,
              "highlight": false,
              "children": []
            }
          ]
        }
      ]
    }
  ],
  "page": 30,
  "order": 4,
  "filename": "data\\page30\\page30_order1_6e7f4ec894be7ecc47023f65589a0d08.json"
}