{
  "article_url": "https://andylee.pro/wp/?p=5867",
  "title": "FM96.1：中醫的整體治療觀到底指什麼？",
  "content": "<figure class=\"wp-block-audio\"><audio controls=\"\" src=\"https://andylee.pro/wp/wp-content/uploads/2019/06/S-20190208中醫的整體治療觀到底指什麼？.mp3\"></audio></figure>\n<p>（語音檔案由FM96.1電台提供，文章摘錄撰寫中，請稍加等待謝謝。）</p>",
  "article_time": "2019年02月08日 11:35",
  "comments": [],
  "page": 30,
  "order": 5,
  "filename": "data\\page30\\page30_order2_10333c2aef0056930ef98b36e91ab139.json"
}