{
  "article_url": "https://andylee.pro/wp/?p=13191",
  "title": "新書邀約",
  "content": "<figure class=\"wp-block-image size-large\"><a href=\"https://andylee.pro/wp/wp-content/uploads/2024/04/PXL_20240401_082603052-EDIT-scaled.jpg\"><img alt=\"\" class=\"wp-image-13193\" decoding=\"async\" fetchpriority=\"high\" height=\"854\" sizes=\"(max-width: 1024px) 100vw, 1024px\" src=\"https://andylee.pro/wp/wp-content/uploads/2024/04/PXL_20240401_082603052-EDIT-1024x854.jpg\" srcset=\"https://andylee.pro/wp/wp-content/uploads/2024/04/PXL_20240401_082603052-EDIT-1024x854.jpg 1024w, https://andylee.pro/wp/wp-content/uploads/2024/04/PXL_20240401_082603052-EDIT-300x250.jpg 300w, https://andylee.pro/wp/wp-content/uploads/2024/04/PXL_20240401_082603052-EDIT-768x640.jpg 768w, https://andylee.pro/wp/wp-content/uploads/2024/04/PXL_20240401_082603052-EDIT-1536x1281.jpg 1536w, https://andylee.pro/wp/wp-content/uploads/2024/04/PXL_20240401_082603052-EDIT-2048x1707.jpg 2048w\" width=\"1024\"/></a></figure>\n<p>幾週前到台灣，拜訪了遠見天下文化事業群創辦人高希均教授，以及發行人兼事業群執行長王力行女士。高希均教授八十八歲了，身體依然健朗，中氣十足，頭腦靈活，每天都到辦公室，和各地來的訪客交談，也指導年輕一輩做人做事，實在令人佩服。</p>\n<p>我向高教授、王執行長請益，天下文化總編輯吳佩穎，以及編輯部資深總監楊郁慧也參與會談。我們談了一個半小時多，從醫學、教育、人工智能、中美關係，到國際局勢等等。高教授對知識的傳承不留餘力，他送了我一套他新出版的文集「打造台灣軟實力之島（五冊）：開放、文明、進步、和平、學習」，期許我多了解台灣二三十年來的局勢變化，以及未來的展望。我感謝有這樣的機緣，計劃在每天忙碌的行程中，增加閱讀的時間，向高教授多加學習。</p>\n<figure class=\"wp-block-image size-full\"><a href=\"https://andylee.pro/wp/wp-content/uploads/2024/04/getImage.webp\"><img alt=\"\" class=\"wp-image-13199\" decoding=\"async\" height=\"348\" sizes=\"(max-width: 348px) 100vw, 348px\" src=\"https://andylee.pro/wp/wp-content/uploads/2024/04/getImage.webp\" srcset=\"https://andylee.pro/wp/wp-content/uploads/2024/04/getImage.webp 348w, https://andylee.pro/wp/wp-content/uploads/2024/04/getImage-300x300.webp 300w, https://andylee.pro/wp/wp-content/uploads/2024/04/getImage-150x150.webp 150w\" width=\"348\"/></a></figure>\n<p>天下文化出版社也邀約我寫一本新書，經過討論，目前暫定主題為「防癌與抗癌」。這是一個充滿挑戰性的主題，不僅癌症治療非常棘手，中醫和西醫之間有許多不同的觀點，西醫彼此之間也有很多不同的看法，更何況癌症牽扯的層面很廣，從生活作息到人生理念等等。我打算寫一本比較嚴肅的書，卻也希望能兼顧內容的實用性，讓讀者能直接應用到日常生活中，達到防癌與抗癌的主旨。</p>\n<p>我和吳總編輯及楊總監有幾次的討論，對新書內容有些基本的想法。另一方面，我也想多了解讀者們對這樣的主題，期待看到怎麼樣的內容、有什麼提問、對自己或親友癌症治療有什麼經歷及感觸等等。歡迎大家留言，告訴我們想看到的內容，以及問答討論的方向。</p>\n<p></p>",
  "article_time": "2024年04月23日 14:58",
  "comments": [
    {
      "id": "9f3bcd6e4cd8bd4914d7654ffd528102",
      "author": "闫玉菲",
      "time": "2024年04月23日 15:57",
      "content": "<p>李博士你好，我服用石硫磺两个多月，每天服用三克左右，4月20来月经，就没有服用石硫磺，4月22日晚上开始右肾区隐隐作痛，不敢大吸气，大吸气就会痛，。呼气不痛。这是怎么回事啊，月经期第5天，量很少。月经量很少是不是毛病啊？今天第5天了，基本没有了。今天也是痛，主要是酸痛，这是怎么回事啊？17到19点加重的痛晚上睡觉都不敢翻身，也不敢大吸气，一吸气就感觉肾区又根衔拉扯的很痛，我也一直没去医院，也不敢去，希望能得到您的指导</p>",
      "level": 0,
      "highlight": false,
      "children": [
        {
          "id": "3e7031c6bc01e2ca5a7a1afd72962e3f",
          "author": "李宗恩",
          "time": "2024年04月23日 16:28",
          "content": "<p>這是你第三次問一樣的問題，是不尊重他人時間的行為。我也不在網頁針對個案一一討論。</p>",
          "level": 1,
          "highlight": true,
          "children": [
            {
              "id": "279831292569995e57a2dbf93f1a9c1a",
              "author": "厦门人",
              "time": "2024年04月23日 16:57",
              "content": "<p>李博士脾气是真好</p>",
              "level": 2,
              "highlight": false,
              "children": []
            },
            {
              "id": "a8a249394b5ef8366bf4c56f8192654f",
              "author": "闫玉菲",
              "time": "2024年04月23日 17:12",
              "content": "<p>感谢您的回复，我以为你会看不到，没想到是可以看到的，请问可以电话问诊吗？</p>",
              "level": 2,
              "highlight": false,
              "children": [
                {
                  "id": "9378a692c05fcfceeb6c05f5f0fea4ab",
                  "author": "邓文正",
                  "time": "2024年04月23日 21:13",
                  "content": "<p>医生也想帮助病人，但是每天涌入网站的好几千人，就算李医生不吃不喝不睡觉，一整天的时间也没法回答完这些问题，况且随便对你讲怎么怎么治是非常不负责的行为，看诊起码得 2 30分钟，了解你的整体问题才能判断出来。</p>",
                  "level": 3,
                  "highlight": false,
                  "children": []
                },
                {
                  "id": "74c4474f8afe1d849dd7cd841699461f",
                  "author": "明遠",
                  "time": "2024年04月24日 22:25",
                  "content": "<p>好像沒有電話問診，但有透過網路看診，請聯絡診所info@youngQi.com。</p>",
                  "level": 3,
                  "highlight": false,
                  "children": []
                }
              ]
            }
          ]
        },
        {
          "id": "6bd4f2cfa8811e412a4f082028507c8c",
          "author": "飞飞飞",
          "time": "2024年04月24日 21:27",
          "content": "<p>我的观点是<br/>\n1.但凡快速过一遍倪师完整课程的都不会去单服石硫磺。倪师首推易筋经类型的运动系<br/>\n2.过久的单服石硫磺说明没有基本的中医观念，不敢去医院检查，这是掩耳盗铃。<br/>\n我的评价是去医院检查，当个大体检，毕竟李医师的网诊挂号要半年以上，没办法插队的</p>",
          "level": 1,
          "highlight": false,
          "children": []
        },
        {
          "id": "767feefb952963079b0d13bed03f2c4c",
          "author": "李尚輝",
          "time": "2024年09月07日 23:57",
          "content": "<p>自己亂吃，搞出來問題，即使給你答案，很有可能還不會相信，問題是誰知道你怎麼了？</p>",
          "level": 1,
          "highlight": false,
          "children": []
        }
      ]
    },
    {
      "id": "02e201fc9536deefbbcfef91a0ee3dad",
      "author": "Danny Chen",
      "time": "2024年04月23日 16:26",
      "content": "<p>希望李博士新書中有完整的案例，就是倪師講的從癌症治到感冒。</p>",
      "level": 0,
      "highlight": false,
      "children": []
    },
    {
      "id": "a7df38b683a5a302c3867282c6db48f8",
      "author": "小吴",
      "time": "2024年04月23日 17:05",
      "content": "<p>复旦大学的王德峰教授是一位研究中国哲学的专家，同时对中医有独到的见解。他提出中医发展的六大问题是针砭时弊，切中要害。提出的观点更是与倪老师多年来的思想不谋而合，作为分享与李医生共同交流。我个人愚笨，只希望尽力发展传承我们的优秀文化。<br/>\n【【王德峰】中医跟西医是两种完全不同的科学】https://www.bilibili.com/video/BV15N411J729?vd_source=1127fe2f77d39f5b3d8c958f787a0e61</p>",
      "level": 0,
      "highlight": false,
      "children": [
        {
          "id": "357a7bd5d3eae160eae2a7ece82ec414",
          "author": "李宗恩",
          "time": "2024年04月25日 13:28",
          "content": "<p>謝謝你的分享。</p>",
          "level": 1,
          "highlight": true,
          "children": []
        }
      ]
    },
    {
      "id": "cf88a066996ba20bd17e5f3aceae67d2",
      "author": "依叶尘",
      "time": "2024年04月23日 17:51",
      "content": "<p>很期待宗恩老师的新书，观宗恩老师前面两本书中病例分析，如同观赤壁之战那位羽扇纶巾的周郎，谈笑间病症灰飞烟灭，也可谓医者中的一位儒将！然而癌症变数很多，那作为医者如何才能保持住自己的虚心？决定什么时候可攻什么时候可守？攻或守之后的变数如何应对？最后病人对于病名的恐惧，不愿意相信自己身体反而更偏向于西医的治疗，对中医缺乏足够信心，而这些人又是亲戚朋友，如之奈何？（癌症病人和这类病人很像都只有一次机会。）学生愚见。（斗胆把宗恩老师当做学习的榜样之一。）</p>",
      "level": 0,
      "highlight": false,
      "children": []
    },
    {
      "id": "c839fc4c7c0ab4a0b4d97ec4b6d9e04e",
      "author": "已忘言",
      "time": "2024年04月23日 18:54",
      "content": "<p>非常期待您的新书! 希望您可以在新书中分享各种癌症的常见的直接原因，以及造成这些直接原因的间接原因，再加上推断这些原因的症状，即immediate causes，root causes, symptoms and their relations.</p>",
      "level": 0,
      "highlight": false,
      "children": []
    },
    {
      "id": "d1a31833da743d837a024eb256931711",
      "author": "细辛",
      "time": "2024年04月23日 21:16",
      "content": "<p>期待李老师的新书，想知道无论中西医治疗，病情到底是往好还是往坏发展，我在实习时轮肿瘤科一个月死了两个患者仍记忆深刻，患者对于医生的一些说法，应如何辨别，而不是盲目相信。</p>",
      "level": 0,
      "highlight": false,
      "children": [
        {
          "id": "47f21106d647400b206fd4812a0823c2",
          "author": "细辛",
          "time": "2024年04月28日 03:05",
          "content": "<p>如果可以，还想知道各种癌症临床遇到的所有生活习惯病因，生理病理，方剂解说，病程变化，谢谢李老师</p>",
          "level": 1,
          "highlight": false,
          "children": []
        }
      ]
    },
    {
      "id": "5f7bd1ab69a5cafc08540622dba0efef",
      "author": "天空",
      "time": "2024年04月23日 23:47",
      "content": "<p>很期待讀到李醫師的新書，一些想問的問題是：<br/>\n1. 癌腫瘤該切除嗎？什麼情況切除是有效的，什麼情況下只會讓癌症擴散得更快？<br/>\n2. 用中藥改變陰實的環境可以讓癌腫瘤完全消失嗎？或有這個需要嗎？是否有時候新的平衡點是移動到一種共存但平衡的狀態（癌細胞沒有完全消失，腫瘤可能變小了，也沒有擴散的情況）？這種平衡點是否必需長期服用中藥才能維持？<br/>\n3. 想瞭解在李醫師的經驗裡，痊癒或大幅改善的個案裡，病人是否通常也在生命的內在層面做了大幅的改變（態度、想法、習性、快樂指數等），像Lawrence LeShan在Cancer as a turning point裡談到的那樣：癌症作為一個契機，讓病人回來面對自己，讓生命能量重新流動，從而得到療癒。<br/>\n4. 是否也有些情況癌症還是必須完成它的業力，是超過醫學（不論中醫或西醫）可以干預的，所以不是治不好就是失敗，在這個過程裡病人可能完成了生命其他的功課。</p>",
      "level": 0,
      "highlight": false,
      "children": [
        {
          "id": "2f4b247bcbb37f775dbf697939ea5c5b",
          "author": "都可以学",
          "time": "2024年04月24日 18:33",
          "content": "<p>1,2《人纪》里都有讲<br/>\n3可以翻翻之前的诊疗日志<br/>\n4看病不算命。难道算出来大限已至就不给继续治疗了吗</p>",
          "level": 1,
          "highlight": false,
          "children": [
            {
              "id": "18de316a0e72ba585d398bac6d806e91",
              "author": "天空",
              "time": "2024年04月25日 08:37",
              "content": "<p>謝謝您，明白您說的，嗯，有讀了李醫師的醫案，還在學習人紀，也想從不同角度認識更多。。只是沒說清楚的是，1，2，3，4其實是指當我是癌症病人，當病進到了第1，第2，第3，或第4期的時候，在那個當下，我該怎麼考慮那一步，以及那個時候的我或許會思考或想知道更多的部份。業力只是指生命裏不可控的更大機制，當不能改變只能臣服的時候，也總還有自己可以完成的功課，與治療是息息相關的，不論醫生能做多少，病人也有自己該完成的部份，才不會辜負了和醫生的治療和用心，所以無關算命但與生命的完成有關：當癌症/疾病在結束生命或許我們也在完成生命。衷心感謝李醫師將寫這本書為癌症這個主題做整理。</p>",
              "level": 2,
              "highlight": false,
              "children": []
            }
          ]
        }
      ]
    },
    {
      "id": "c0346d97dbb0db5f1750e6adc454c695",
      "author": "Dking",
      "time": "2024年04月24日 12:05",
      "content": "<p>李医生好：<br/>\n   由于许多人患癌（或期间服用西药透支身体）仍觉良好，茫然迷信而不知，最后如大坝溃堤，徒然浪费时间，造成最后悔悟已晚，故而希望李医生可以在书中介绍一些可以让普通人大致判断自己身体在患癌期间的 “不同的症状表现对应的大约剩余的生命时间”，当然依据一些症状估计时间很难准确，也不“科学”，但也许这是一个大家都希望看到的环节。<br/>\n   祝好</p>",
      "level": 0,
      "highlight": false,
      "children": []
    },
    {
      "id": "5030694ad148cfcba4979808e5c0bb61",
      "author": "jin",
      "time": "2024年04月24日 08:14",
      "content": "<p>李医师，身边听到好多癌症的病例往往都是只要一发现是癌症，一经诊断就已经到了晚期，然后放疗化疗准备做手术，结果身体不具备手术条件，西医治疗就算结束了，只能回家，又到处找各路的中医大夫，我身边听到的几乎就是这个套路了，对于这种现实状况，李医师，您可以给个思路吗？因为真正经方的医家我目前根本没见到过，我带母亲去中医药大学附属医院找名中医看过病，但是，就是两分钟的事情，而且敷衍的很，连连看的开药方式，还给开的西药，中皮西骨，失望的很。我对我孩子说希望他当一名中医大夫，像您一样的，真的很怕以后真正的经方医师会消失。</p>",
      "level": 0,
      "highlight": false,
      "children": []
    },
    {
      "id": "10d5a787196ba2ce59942e6447b9a404",
      "author": "一壶酒",
      "time": "2024年04月24日 16:01",
      "content": "<p>李博士，您好！</p>\n<p>1、这本新书的部分内容是否会同步上传到网站？</p>\n<p>2、如有可能，是否可以考虑把倪师人纪中相关值得商榷的地方，一并做个补充完善。</p>",
      "level": 0,
      "highlight": false,
      "children": [
        {
          "id": "9557daf7a7560cc35cc99d22b4334ebe",
          "author": "李宗恩",
          "time": "2024年04月25日 14:04",
          "content": "<p>（1）不會傳上網（2）會有許多相關的討論。</p>",
          "level": 1,
          "highlight": true,
          "children": []
        }
      ]
    },
    {
      "id": "56d3f973553429ed9fad574223bbc081",
      "author": "都可以学",
      "time": "2024年04月24日 18:33",
      "content": "<p>1,2《人纪》里都有讲<br/>\n3可以翻翻之前的诊疗日志<br/>\n4看病不算命。难道算出来大限已至就不给继续治疗了吗</p>",
      "level": 0,
      "highlight": false,
      "children": []
    },
    {
      "id": "5e8da979fed2665b30a2acc7c1e6d36e",
      "author": "vyjony",
      "time": "2024年04月26日 17:26",
      "content": "<p>期待李博士的新书，中国大陆买原版书不是那么太方便，需要等。。。</p>",
      "level": 0,
      "highlight": false,
      "children": []
    },
    {
      "id": "27413a611d0abbd3d323abb8177196a1",
      "author": "三伏",
      "time": "2024年04月26日 19:57",
      "content": "<p>李老师您好，关于血虚的辨症咨询，我应该参阅哪一本书籍？</p>",
      "level": 0,
      "highlight": false,
      "children": [
        {
          "id": "06786512b12c71cc85d2120ffbdf74b4",
          "author": "756786867",
          "time": "2024年04月28日 08:02",
          "content": "<p>原谅我多嘴，你把倪海厦老师五本经典看了也自然知道如何辩血虚了。而不是学个辩血虚的就有能力治什么病了。</p>",
          "level": 1,
          "highlight": false,
          "children": []
        },
        {
          "id": "2838712a7b82db67b9073fa5e0f55efd",
          "author": "李宗恩",
          "time": "2024年04月29日 11:24",
          "content": "<p>先好好研讀倪海厦老師的中醫教材。</p>",
          "level": 1,
          "highlight": true,
          "children": []
        }
      ]
    },
    {
      "id": "a459238e915546e12e2aeadc6a8a1047",
      "author": "天空和小草",
      "time": "2024年04月27日 20:36",
      "content": "<p>非常期待李博士的新书，想知道<br/>\n（1）癌症病人（如肺癌）在不吃西药止疼药的情况下，如何缓解疼痛,中医又是怎么治疗癌痛的<br/>\n（2）癌症病人总在傍晚发低热，如何治疗？在周围没有好医生的情况下，家属能做些什么<br/>\n（3）被称为“不死的癌症”腺肌症的治疗案例<br/>\n（4）舌诊知识</p>",
      "level": 0,
      "highlight": false,
      "children": []
    },
    {
      "id": "ddbcc912f78106736b9f40603060e0ae",
      "author": "lasou",
      "time": "2024年04月28日 19:50",
      "content": "<p>少年弟子江湖老</p>",
      "level": 0,
      "highlight": false,
      "children": []
    },
    {
      "id": "cc247451235dd28d815bd2776a4eeb58",
      "author": "小宇宙",
      "time": "2024年05月01日 22:50",
      "content": "<p>您好李师，请教育一下，胆小，害羞，人前容易紧张，当众说话大脑容易空白，声音发颤，这个可以通过服用中药来改善吗？调理的方向是怎么样的。还有，一般而言，口气特别大的情况（排除口腔因素），调理的方向是怎么样的。谢谢李师。</p>",
      "level": 0,
      "highlight": false,
      "children": [
        {
          "id": "f85bccd4ce8ccc20f05ea39a4ffc02f5",
          "author": "李宗恩",
          "time": "2024年05月02日 14:24",
          "content": "<p>中醫可以幫忙，每一個病例不一樣，不是說了幾個症狀，就用什麼方式治療。</p>",
          "level": 1,
          "highlight": true,
          "children": [
            {
              "id": "a150279adc1847c2f0123a5881c4a3a6",
              "author": "小宇宙",
              "time": "2024年05月02日 18:00",
              "content": "<p>谢谢老师指导</p>",
              "level": 2,
              "highlight": false,
              "children": []
            }
          ]
        }
      ]
    },
    {
      "id": "52d877018d802a33e81a932b91df30ee",
      "author": "丁",
      "time": "2024年05月05日 23:36",
      "content": "<p>您好，李医生。最好能從癌症的起因到結果能有一個完整的記錄，病人或是醫者能做些什麼？飲食習慣，鍛煉，和醫生治療方面都能做些什麼。您說，是以嚴肅的口吻寫這樣一本書，我不知道您這樣的一本書針對的群體是什麼，如果針對的事普羅大眾，我覺得不防寫的像小說一樣，有主角有配角，有睿智也有愚頑，有嬉笑怒罵也有嚴肅；如果針對的是醫者，那麼就從望聞問切角度出發，如何看病，如何診斷，如何開放寫起，到最後能做到什麼程度。無論您寫哪種風格，支持您的人一直支持您，相信您。</p>",
      "level": 0,
      "highlight": false,
      "children": []
    },
    {
      "id": "944af8f0f214427d8801b0204310af60",
      "author": "学徒",
      "time": "2024年05月10日 06:16",
      "content": "<p>李老师你好，请问你平时教小孩读什么书？或者背什么书？可以分享给我们听吗？谢谢你</p>",
      "level": 0,
      "highlight": false,
      "children": [
        {
          "id": "41a40b603f497fcfa14c6fccf9949766",
          "author": "李宗恩",
          "time": "2024年05月10日 11:00",
          "content": "<p>你先閱讀我寫的養兒育女那本書，如果你了解我所說的，你就能回答自己的提問。</p>",
          "level": 1,
          "highlight": true,
          "children": [
            {
              "id": "0a15ccfff7acbfafd482c5e020c025ee",
              "author": "学徒",
              "time": "2024年05月10日 20:00",
              "content": "<p>好，李老师，我现在在当张仲景遇上斯坦福，这本书写得太好了，希望您多出点书，多分享点案例，非常感谢你跟倪师的无私奉献，</p>",
              "level": 2,
              "highlight": false,
              "children": []
            }
          ]
        }
      ]
    },
    {
      "id": "6bfa3177222d6af1d8bdbe60967a0b4e",
      "author": "学徒",
      "time": "2024年05月10日 20:17",
      "content": "<p>我们大陆这边几乎很难找到经方家看病，所以只能自己学，救自己的家人，希望李博士能多分享点案例，和多出点书本让我们同胞们学习，感谢</p>",
      "level": 0,
      "highlight": false,
      "children": []
    },
    {
      "id": "ed4b6d2954302804d0e7b0739042fb5c",
      "author": "小宇宙",
      "time": "2024年06月16日 07:31",
      "content": "<p>李医师，请教一个问题，小孩子如果包皮过长或者包茎，不开刀，中医有没有解决办法。另外，您对包皮手术是怎么样的看法，万分感谢。</p>",
      "level": 0,
      "highlight": false,
      "children": [
        {
          "id": "502b5bb6e84b1798339a5713f3cd27d4",
          "author": "李宗恩",
          "time": "2024年06月20日 12:36",
          "content": "<p>大多數的情況下，割包皮是沒有必要的，只需要天天洗澡時清洗，保持乾淨。</p>",
          "level": 1,
          "highlight": true,
          "children": []
        }
      ]
    },
    {
      "id": "3abfdecfc231c0716c5afed8165dfe19",
      "author": "Jim Wu",
      "time": "2024年07月02日 19:33",
      "content": "<p>人是身心靈的結合體，中外皆知 ”喜樂的心乃是良藥“，癌症尤其受到心情的影響很重。<br/>\n我今年69歲在南加，也是7 8年前才知道有倪大中醫師和中藥的神奇。<br/>\n其實像李醫師前兩本書裡的病例分析醫治和用藥手段就很好了。當然說的越清楚越好啊。不同的病例越多越好。<br/>\n如果不是執業醫師的話那都是讀者。讀者有病還是要找醫生看，所以醫生的功力才是決定病是否得治。<br/>\n李醫師是否可以在寫書之餘多培養一些跟診的醫生，能夠獨當一面的醫生，造福更多的病人。</p>",
      "level": 0,
      "highlight": false,
      "children": []
    },
    {
      "id": "2cc4877b099ae4bec4104d3be740bcf0",
      "author": "庄先生",
      "time": "2024年09月20日 20:42",
      "content": "<p>李博士好，我前几天突然发烧,去医院检查是尿道发炎,吃了医生开的药，也退烧了，但是痔疮复发比以前更严重，连坐躺都会痛，以前是会在排便时会有血，但行动正常，几天后就好了。那这次就很不一样，有什么药方可用治疗？谢谢！</p>",
      "level": 0,
      "highlight": false,
      "children": [
        {
          "id": "4c8f97cd0e54f60b7f105d38747f65b7",
          "author": "李宗恩",
          "time": "2024年09月30日 09:24",
          "content": "<p>不這樣回答個人醫療問題。</p>",
          "level": 1,
          "highlight": true,
          "children": []
        }
      ]
    }
  ],
  "page": 3,
  "order": 2,
  "filename": "data\\page3\\page3_order1_3e7031c6bc01e2ca5a7a1afd72962e3f.json"
}