{
  "article_url": "https://andylee.pro/wp/?p=3759",
  "title": "Washington Post： A mysterious polio-like illness that paralyzes people may be surging this year",
  "content": "<p>昨天晚上才剛剛寫好關於感冒的文章，今天早上就收到讀者寄來的「挑戰」。這是一篇關於美國最近出現的一個奇怪疾病的文章，簡單的講是小孩子出現感冒症狀、中度發燒，一兩天之內就發生像脊髓灰質炎（Polio）一樣的身體癱瘓，目前把這個病叫做「Acute Flaccid Myelitis (AFM)」，中文翻譯為「急性弛緩性脊髓炎」，治癒率非常差，只有百分之三的病人可以完全恢復，其他病人都會造成終身某種程度的癱瘓，聽起來確實很可怕。</p>\n<p><strong>Washington Post： <a href=\"https://www.washingtonpost.com/news/to-your-health/wp/2016/09/21/a-mysterious-polio-like-illness-that-paralyzes-people-may-be-surging-this-year/?wpisrc=nl_az_most\">A mysterious polio-like illness that paralyzes people may be surging this year</a></strong></p>\n<p>根據世衛組織的報導，脊髓灰質炎（Polio）是沒有辦法治療的（<a href=\"http://www.who.int/topics/poliomyelitis/en/\">http://www.who.int/topics/poliomyelitis/en/</a>）。西醫對這個像Polio又不是Polio的「Acute Flaccid Myelitis (AFM)」，更是束手無策。那麼中醫怎麼治？說真的，我不知道，沒有看到病人以前，一切都是用猜的。有沒有什麼蛛絲馬跡？那倒是有的。</p>\n<p>金匱要略痙濕喝病脈證治法篇中提到：「太陽病，發熱，無汗，反惡寒者，名曰剛痙。大陽病發熱汗出，而不惡寒，名曰柔痙。」「太陽病，發熱，脈沉而細者，名曰痙，為難治。」「大陽病，發汗太多，因致痙。」「夫風病，下之則痙，復發汗，必拘急。」「瘡家，雖身疼痛，不可發汗，汗出則痙。」「痙為病，胸滿口噤，臥不著席，腳攣急，必齘齒，可與大承氣湯。」等等的條文。這個「剛痙」如果非常嚴重，是可以導致身體部分癱瘓，和上面提到的AFM似乎相近。</p>\n<p>這個「痙病」要怎麼解釋？我們得先從「傷寒論」「六經辨證」中的「太陽寒水」解釋起。「太陽寒水」最容易理解的方式是拿夏威夷島來做比喻。夏威夷島四面是太平洋的海水，海水受太陽的熱而蒸發上升，水蒸氣到了高空，遇到的寒冷的溫度而凝結成水滴，水滴聚集而成雨水，雨水下在夏威夷島上的高山頂上，隨著山勢往下流，形成河流，中間有湖泊做調節，最終又流回到太平洋成為海水。這整個過程在人體內也有，海水上行的渠道，就是我們說背上的「足太陽膀胱經」。而傷寒論中「辨太陽篇病脈證并治法」上中下篇，就分別在討論「陽光不夠熱、海水無法蒸發上行」「水氣聚集不了、雨下不來」「河川淤積、湖泊無法調解水流」等等的問題。當然，這是一個用大自然來比喻人體運作的方法，並不是人體裡下雨等等。一般西醫所謂的感冒症狀，通常起源與我們背上的「足太陽膀胱經」受到寒冷，運作受阻，而導致的各種症狀。</p>\n<p>當水上升的動作失去平衡，好的水無法到頭，頭部開始津液不足，就會造成「痙病」。如果這個現象很嚴重，頭腦裡的「痰飲」，也就是細胞排出的廢棄物質，無法排除，變得越來越乾，越來越黏稠，終將導致癲癇、癱瘓等等嚴重的問題。</p>\n<p>中醫治療上不管是什麼樣的病毒或細菌導致的問題，身體怎麼樣失去平衡，我們就怎麼用中醫的方法把身體拉回到平衡點，病毒、細菌等病源也就無法造成人體的傷害。所以，既然是「嚴重的剛痙」，那我們就用治療「剛痙」的思維及方法來處理。</p>\n<p>當然，能不能治癒這個奇怪的「Acute Flaccid Myelitis (AFM)」，還是得真的治療生這個病的病人才能確定。不過，我正好趁這個機會和大家解釋，中醫治病，不像西醫得找出是怎樣的病毒、細菌造成的問題，然後想辦法「殺死」那些病毒、細菌。中醫不是「對抗醫學」，而是「恢復平衡」，所以，很多西醫早不出原因、解決不了的病症，中醫反而覺得「就這樣理所當然的治療」！</p>\n<p> </p>",
  "article_time": "2016年09月22日 13:55",
  "comments": [
    {
      "id": "1a222972184be114bfba81d012f3c374",
      "author": "双木成林",
      "time": "2016年09月22日 16:04",
      "content": "<p>可见人体水道的畅通运行很重要，喜欢老师分析、解释问题的逻辑和方法！相似的病因在不同的人身上会体现不同的病征，只要根本致病原因是一致的，就可以异病同治，药到病除。我觉得这是中医吸引我的地方，不需要西医fancy的设备，也不会被说了也记不住的病名吓倒。弱弱请教老师，治疗这刚痉是不是要重用葛根呢？</p>",
      "level": 0,
      "highlight": false,
      "children": [
        {
          "id": "cda72ddef28a1f2422dc5730a228ab7f",
          "author": "andy",
          "time": "2016年09月24日 12:19",
          "content": "<p>是的，應該會需要重用葛根，引水上頭。</p>",
          "level": 1,
          "highlight": true,
          "children": [
            {
              "id": "21628ac2b2f7a75be90fdb0276852a03",
              "author": "双木成林",
              "time": "2016年09月26日 15:06",
              "content": "<p>谢谢老师！</p>",
              "level": 2,
              "highlight": false,
              "children": []
            }
          ]
        }
      ]
    },
    {
      "id": "6a45dc8e86e97556865a8e74cca191fc",
      "author": "黄先生",
      "time": "2016年09月25日 20:14",
      "content": "<p>李医师对伤寒太阳篇的解释太形象了，非常好理解，赞一个。<br/>\n顺便问一个问题：小儿子晚上12点左右出很多汗，抓着四肢点痒，起来哭，似醒非醒，说也听不进去，哄哄又睡回去了；有时一晚两三次，有时有一次，有时无。不知道这种症状要从那方面去思考呢？</p>",
      "level": 0,
      "highlight": false,
      "children": [
        {
          "id": "7597404e6039fb9b2783d7945d5d1560",
          "author": "andy",
          "time": "2016年09月27日 11:57",
          "content": "<p>有可能肝血不足、血歸肝不是很順，造成燥熱在外，睡不深，皮膚長紅診等等。我下一篇文章要討論睡眠。</p>",
          "level": 1,
          "highlight": true,
          "children": []
        }
      ]
    },
    {
      "id": "201ded31b4b8cc9049664cf4602e70f8",
      "author": "Fe",
      "time": "2016年09月27日 04:51",
      "content": "<p>讚</p>",
      "level": 0,
      "highlight": false,
      "children": []
    },
    {
      "id": "9087be069b9dcc7ac3314a34ec05c178",
      "author": "陸仁賈",
      "time": "2016年10月02日 12:18",
      "content": "<p>問這個問題的人, 腦袋一定不清楚, 這個病這麼可怕, 那西醫有得醫嗎? 反正西醫自己都說治不好了, 那何必浪費時間給西醫看, 別說甚麼AFM了, 連個感冒都治不好, 我不知道浪費時間去給西醫看有甚麼意義…</p>",
      "level": 0,
      "highlight": false,
      "children": []
    },
    {
      "id": "5ac61f6937056c5f543f5e6c30a060c2",
      "author": "apple",
      "time": "2016年10月03日 19:06",
      "content": "<p>ㄟ…….因為西醫/藥廠/儀器商/billing companies通通都要生存啊~~~~<br/>\n沒病也要先繳錢(保險)啊~~~~大家都活惹,病人倒是不一定~~~~</p>",
      "level": 0,
      "highlight": false,
      "children": []
    },
    {
      "id": "33ee1ccdd4d911ee4be7308220364546",
      "author": "經方愛好者",
      "time": "2023年03月13日 04:03",
      "content": "<p>李博士，昨天和同事出差，同事突發暈厥。他在車上一直睡覺，聽到到站廣播后就起來收拾東西去車門口等候下車，我在他後面看見他頭上很多汗水（頭髮少所以能看見頭皮上的汗水），我心裏嘀咕，不熱啊，怎麽出這麽多汗。車門打開后就下車，我看見他往前走了兩步就要到下了，我立即上去扶住他，才看見他滿臉更多的汗水在往下流。我問他怎麽了，他就説天旋地轉一樣。我馬上扶他在站臺長椅上坐下休息，過兩分鈡有好一些，呼吸有一點踹氣，我去摸他的脈找半天沒找到，後來我用大力重按才摸到很微細的脈。然後我就送他去急診了，到急診狀態也好多了。檢查血糖、心電圖、血藥、心臟彩超、腦部CT都是正常的。急診大夫問診病人回答前一天晚上開始有點胸悶，沒引起重視，今天發病的時候有短暫失去意識，現在還有點胸悶。急診醫生診斷為暈厥，推測也可能是癲癇，讓住院進一步檢查。李博士，請問這個病例在中醫診斷從哪方面來診斷，急診醫生推測的癲癇有沒有可能？</p>",
      "level": 0,
      "highlight": false,
      "children": [
        {
          "id": "c6da7fac697a7cb123c779af3360f6f4",
          "author": "李宗恩",
          "time": "2023年03月13日 14:28",
          "content": "<p>沒有看診，無法了解病情。有許多可能的原因，西醫所謂的癲癇、心臟短暫血栓等都有可能，在中醫可能是脾臟間歇性極虛的表現，這也和西醫認爲的癲癇有許多關聯。</p>",
          "level": 1,
          "highlight": true,
          "children": []
        }
      ]
    }
  ],
  "page": 41,
  "order": 7
}