{
  "article_url": "https://andylee.pro/wp/?p=12371",
  "title": "三個故事",
  "content": "<p>之前提到的那位十六歲大男孩，走了。當初，史丹福醫院的醫生們堅稱他們知道如何治療，信誓旦旦地恐嚇病人父母，說如果不按照他們的治療方式，病人活不過一年。病人在史丹福醫院住院期間，受到各種藥物的摧殘，每天如同在地獄中痛苦不堪。結果，按照史丹福醫院的治療方式，病人等不到所謂的不治療只能存活一年，換來的是非常痛苦又沒有尊嚴的四個月，然後提早了八個月走了。</p>\n<p>一位中國大陸遠程看診的老先生，膽管癌，一開始大半年堅持服用我開的中藥方，疼痛不見了，生活正常了，開開心心地過日子。然而，後來接連兩三次遠程看診我都堅守原方不改變，病人覺得那爲什麽還需要繼續看診，再加上中藥方吃久了嫌麻煩，於是，病人自己在大陸買中成藥來服用。又過了大半年，病人膽管癌轉肝癌，走了。</p>\n<p>通許人民醫院的湯英主任醫師，轉了一位病人給我，請我幫忙遠程治療。病人小便出不來，醫學影像檢查發現有十公分大的腎臟腫瘤。湯主任堅持要病人用中醫治療，也不幫病人做穿刺活檢，不希望病人擔心腫瘤到底是惡性還是良性。第一次遠程看診後，病人小便順暢，生活飲食正常，不覺得自己有什麽問題。第二次遠程看診，基本上維持一樣的中藥方，繼續服用一周後，醫學影像檢查發現腎臟腫瘤縮小了三分之一。雖然中醫不需要靠醫學影像檢查來做診斷，有了醫學影像改善的證據，讓病人信心大增，高高興興從通許回到自己居住的城市，繼續乖乖服用中藥。</p>\n<p>上面三段簡短的文字，許多的讀者大概都當成是「小故事」來看。然而，這每一個故事，都是一位病人的生死，都是一整個家庭的幸福或痛苦，對他們而言，絕不是什麽「小故事」，而是一輩子的沉重。每一位醫生，中醫或西醫，看起來都好像只是簡單地動動腦、動動手。然而，醫生背負的是多少生命與家庭的未來，醫生的信口開河及輕浮傲慢，其實是一種很大的罪孽。有個説法，行醫是修行的捷徑，卻也是沉淪地獄最快的一條路，殺人不需要一刀一槍，甚至連一絲殺人的罪惡感都沒有！</p>\n<p></p>",
  "article_time": "2023年04月25日 16:09",
  "comments": [
    {
      "id": "cca79cc9d1893b5d54c69daca17d6bd8",
      "author": "林芳芳",
      "time": "2023年04月25日 16:16",
      "content": "<p>李医师，我在某宝代购买到了仙丰的小建中汤和酸枣仁汤，请问对于五岁半的小男孩，每天要服用多少次，每次几克？小建中汤每次要搭配大概多少麦芽糖？麻烦李医师解答。</p>",
      "level": 0,
      "highlight": false,
      "children": [
        {
          "id": "f5e9b2695130c938f129a3718e594ae0",
          "author": "Serena Chu",
          "time": "2023年04月25日 18:26",
          "content": "<p>科中不能這樣吃的 要找醫生辯證 中醫辯證是很謹慎的</p>",
          "level": 1,
          "highlight": false,
          "children": []
        },
        {
          "id": "8158bbdc7e960120d0b3c10a0cd04bfa",
          "author": "李宗恩",
          "time": "2023年04月25日 19:17",
          "content": "<p>你應該找中醫師看診。</p>",
          "level": 1,
          "highlight": true,
          "children": [
            {
              "id": "04cf6ffc4e37cb1a1c0914d2721ac604",
              "author": "林芳芳",
              "time": "2023年04月25日 19:49",
              "content": "<p>我也想去找您面诊，但是工作单位不准我们出国，否则影响整个单位的绩效。网诊的等待时间实在是太长了。</p>",
              "level": 2,
              "highlight": false,
              "children": []
            }
          ]
        },
        {
          "id": "95f6d51994b374823f574c417fb3b5b6",
          "author": "gordon",
          "time": "2023年05月09日 18:24",
          "content": "<p>从我对我小孩的使用情况看。你按说明书上吃就可以，不管怎么样，吃了小孩还是有改变的，胃口会变好。</p>",
          "level": 1,
          "highlight": false,
          "children": []
        }
      ]
    },
    {
      "id": "20ee41c5c357aa3cd26661514f4beb0b",
      "author": "知守",
      "time": "2023年04月25日 21:05",
      "content": "<p>一念成魔，一念成佛！</p>",
      "level": 0,
      "highlight": false,
      "children": [
        {
          "id": "20f7857d91232edf01138f38e0c2df61",
          "author": "知守",
          "time": "2023年04月25日 21:21",
          "content": "<p>ps.诗人韩东说过，“一切都源于一念，善护念很难。这是一念之差的人生，是不断地一念之差的人生。都在谈论对机会的把握，有谈论对念头的把握的吗？”</p>",
          "level": 1,
          "highlight": false,
          "children": []
        },
        {
          "id": "8e72c6f593c596808f6c48a382c956ec",
          "author": "內經初學者",
          "time": "2023年04月28日 20:17",
          "content": "<p>曾經與朋友聊起中醫可以治糖尿病，被質疑；再聊起時，被譴責；三聊起時，被恐嚇。<br/>\n好好好，不會聊了，靜靜地看著TA每天小心翼翼地不吃米麵之類的食物，但喝咖啡，吃生菜，吃西藥， 各種科學的方法…… 只能當作看電視劇似的，太無語了。</p>",
          "level": 1,
          "highlight": false,
          "children": [
            {
              "id": "45e5a2ea12109b97a1ddc6e9c6e4ddfc",
              "author": "gordon",
              "time": "2023年05月09日 18:30",
              "content": "<p>没办法，因为遇不到能够治病的好中医，所以你就没有说服力。我妈也是糖尿病，消瘦，但是没有三多一少的其他症状，脚上伤口也很容易愈合。找中医治疗也治不好。没有找到好中医提供治愈的真实案例，任谁都不会相信的。</p>",
              "level": 2,
              "highlight": false,
              "children": []
            }
          ]
        }
      ]
    },
    {
      "id": "e767c7f8e28ac4df66fe0f2c53960194",
      "author": "离中虚",
      "time": "2023年04月25日 22:19",
      "content": "<p>李医生你好<br/>\n请教你个问题指甲是骨之余吗？</p>",
      "level": 0,
      "highlight": false,
      "children": [
        {
          "id": "9b02d57917e11d5a74b0deb8746238e4",
          "author": "李宗恩",
          "time": "2023年04月25日 22:27",
          "content": "<p>指甲為爪，為筋之餘，屬肝家。</p>",
          "level": 1,
          "highlight": true,
          "children": [
            {
              "id": "a5903a2884f76988af1472d3f6d7017c",
              "author": "荣耀",
              "time": "2023年05月07日 02:13",
              "content": "<p>我是肾上腺瘤引起的高血压，今年去医院复诊要我穿刺和开刀，我一直坚持不要，上个月在终于排上李医师的号，希望能早点轮到自己。</p>",
              "level": 2,
              "highlight": false,
              "children": []
            }
          ]
        }
      ]
    },
    {
      "id": "3c2acecac60fc500a6a7c8b70a633038",
      "author": "張漢",
      "time": "2023年04月25日 23:11",
      "content": "<p>文字看的有些感觸，每個人的緣法不同，造成的結局也迥異。有機緣的不珍惜，沒機緣的拼命求，但誰又能判斷自己面前是否是自己的機緣呢。</p>",
      "level": 0,
      "highlight": false,
      "children": []
    },
    {
      "id": "a7b7b3c0efca4a222a78230491944c23",
      "author": "离中虚",
      "time": "2023年04月26日 12:35",
      "content": "<p>多谢</p>",
      "level": 0,
      "highlight": false,
      "children": []
    },
    {
      "id": "061e6dcb0e4153236d7e3830fcce7e63",
      "author": "渔歌子",
      "time": "2023年04月26日 02:52",
      "content": "<p>李医生您好！<br/>\n因为在网上观看倪师《人记》视频学习中医而刷到您的直播视频，之后又关注了汉唐公众号看了很多您的文章，非常赞同及佩服您的医学观点！感谢倪师培养了这么优秀的弟子，为后来者谋福，也非常赞叹您的行医智慧与一颗仁心！我的病痛兜兜转转看了很多医生都没有治愈，曾经看过北京的几位名医也没有用，特别希望能够联系上您，请您给与远程治疗，期待您的回复，十分感恩！</p>",
      "level": 0,
      "highlight": false,
      "children": [
        {
          "id": "d77e1d71174da6b33da7f21b7e2fb457",
          "author": "李宗恩",
          "time": "2023年04月26日 19:22",
          "content": "<p>請聯絡診所info@youngQi.com</p>",
          "level": 1,
          "highlight": true,
          "children": []
        }
      ]
    },
    {
      "id": "9e0f9b5bc8864e9109e1386d911279a6",
      "author": "Stacey",
      "time": "2023年04月27日 05:58",
      "content": "<p>李宗恩老师，您好，我是一名即将毕业的中医研究生，十分热爱传统中医，学习了倪师的人纪后，给我指明了方向，我身边的朋友和同学毕业后基本都会去医院工作，我不喜欢医院的工作方式，即使是中医医院治疗上也是西医为主中医为辅。目前让我困扰的是毕业之后如果不去医院，去诊所坐诊的话，我担心自己能力还不够，如果要去找真正厉害的中医医生跟诊学习，我也苦于没有途径去找到真正的经方家。所以我想咨询您的建议，像我一样热爱传统中医的医学生毕业后如何找到适合自己的工作，毕竟想一辈子用纯中医去解除病人的痛苦。</p>",
      "level": 0,
      "highlight": false,
      "children": [
        {
          "id": "1dcfde4fb968c1378aa354b11117affb",
          "author": "李宗恩",
          "time": "2023年04月27日 15:06",
          "content": "<p>你得考慮生活上的客觀條件，雖然理想很好，缺乏了一步一步的計劃，最後還是會被生活壓力給打垮。給自己十年的時間，一方面好好學習中醫，另一方面奠定生活的基礎，這樣才能走得穩走得好。</p>",
          "level": 1,
          "highlight": true,
          "children": [
            {
              "id": "deaa5723ed286624cf28201ebb5cdfbb",
              "author": "Stacey",
              "time": "2023年04月27日 18:44",
              "content": "<p>好的，感谢李老师的建议，我一定会持续努力学习中医，期望有一天能够追上李老师的步伐，能够和李老师有交流传统中医的机会。</p>",
              "level": 2,
              "highlight": false,
              "children": [
                {
                  "id": "47b4108b9a506f357bf0547b9d783da9",
                  "author": "king",
                  "time": "2023年05月04日 17:49",
                  "content": "<p>打个比喻，做交易是为了赚钱，但是做交易往往重要的一件事是做正确的事，正确的做事，做对了，然后才有可能会有盈利；但这是一条漫长的路，如果物资不够，扛不住，一心想去赚钱，最后只会越走越远；个人感觉中医也如此，也是一条漫长的路，需要如琢如磨，慢慢修炼的路，同样的一件事，如果当爱好或职业，会有很大的差别，并且还是一个短期内很难走出来，并且还可能要接受物资的匮乏。</p>",
                  "level": 3,
                  "highlight": false,
                  "children": []
                }
              ]
            }
          ]
        },
        {
          "id": "88f2cef83152c5e118716cf132f97df7",
          "author": "魯豆腐",
          "time": "2023年04月27日 18:33",
          "content": "<p>提供給您我自身的經驗及想法，當初有幸能到佛州跟過倪師的診<br/>\n這給我許多的想法衝擊，基本的倪師五套中醫寶典一定要熟讀通其義<br/>\n再來就是得把「宗恩醫師」這網站裏面他說寫過的醫案熟讀再思考過<br/>\n務必要以他的思路來看所有的醫案過程，這當會給你更快進入中醫思路的世界<br/>\n倪師曾說過：「學習就是要站在巨人的肩膀上去看一切」<br/>\n如果你能悟通了這個過程相信很快能通透這兩位巨人的思維<br/>\n也能建立自己對中醫的正確看法<br/>\n希望有助於您，更希望沒有冒犯到Dr.李才好</p>",
          "level": 1,
          "highlight": false,
          "children": [
            {
              "id": "438024478d0d2e53683c6af89467c354",
              "author": "Stacey",
              "time": "2023年04月27日 20:42",
              "content": "<p>谢谢您提供的建议，倪师的人纪我已经反复学习过几遍，现在我思考中医的方式基本是以倪师教的中医生理病理学为框架，可惜的是我现在还没有过多的临床经验，不过我治疗身边亲朋好友的问题基本效果都挺好；我也一直在不断学习中医知识，也十分想去跟诊倪师的弟子学习，所以接触到了李宗恩老师，浏览学习李老师的网站及演讲教学视频，收获颇多；希望我能在今后的临床上用传统中医治愈更多的病人，等到经验丰富之后，也能承担起传承中医的责任。</p>",
              "level": 2,
              "highlight": false,
              "children": []
            },
            {
              "id": "3d0723c8e6b568952dc8bb7c2a200b7d",
              "author": "李宗恩",
              "time": "2023年04月30日 04:29",
              "content": "<p>謝謝你的分享。</p>",
              "level": 2,
              "highlight": true,
              "children": []
            }
          ]
        },
        {
          "id": "d0f1337e786daea79801751dda3a8ea7",
          "author": "Patrick",
          "time": "2023年05月11日 12:53",
          "content": "<p>通许县不是有倪海厦中医教学培训基地吗？<br/>\n还有其他在国内的弟子也可以去试一下。<br/>\n我找到一个叫黄现展的，在东莞，可能不是很有名。<br/>\n但是我觉得水平还不错，不知李医生是否熟悉此人。</p>",
          "level": 1,
          "highlight": false,
          "children": [
            {
              "id": "d1a60d494fe15ffb54dfc44905d19435",
              "author": "李宗恩",
              "time": "2023年05月14日 11:05",
              "content": "<p>我沒有聽說過。</p>",
              "level": 2,
              "highlight": true,
              "children": []
            }
          ]
        }
      ]
    },
    {
      "id": "20956d1fa6e614dcfbc6983baac10141",
      "author": "每天",
      "time": "2023年04月27日 19:59",
      "content": "<p>李博士，请问在张仲景遇上史丹福当中痔疮一篇的女病人，他的痔疮好了之后，上热下寒就去掉了吗？清肝补血之后心阳足了，心阳是如何下移道小肠了呢？下焦寒湿如何去掉的？</p>",
      "level": 0,
      "highlight": false,
      "children": [
        {
          "id": "1461691b611158145eab765a5d08160f",
          "author": "李宗恩",
          "time": "2023年04月30日 04:35",
          "content": "<p>痔瘡是個症狀，症狀消失，不一定代表病因去除了。</p>",
          "level": 1,
          "highlight": true,
          "children": []
        }
      ]
    },
    {
      "id": "b11e89f31e863ecac4ab206fd968dcd1",
      "author": "离中虚",
      "time": "2023年05月01日 02:46",
      "content": "<p>李医生你好<br/>\n前几天感冒后遗症鼻塞<br/>\n今天试了下迎香透穴 针左合谷时平补平泻感觉气来的有点慢（第二次扎不是很懂）<br/>\n透右内迎香时没有一步到位 中间停顿了一下 然后在刺感觉刺到硬物（疼痛感增加）就不敢下了 然后出针 事后感觉针迎香部位里面有点肿胀 请教这个肿胀是正常现象吗？</p>",
      "level": 0,
      "highlight": false,
      "children": [
        {
          "id": "f80a1496dcf1b1b0ab8b953d7366bd7c",
          "author": "李宗恩",
          "time": "2023年05月03日 10:39",
          "content": "<p>不是，你下針的角度和深度可能有問題。</p>",
          "level": 1,
          "highlight": true,
          "children": [
            {
              "id": "fc8a4b5175f134a3b26afa1fc03cf116",
              "author": "离中虚",
              "time": "2023年05月03日 17:21",
              "content": "<p>好的  多谢你的指点</p>",
              "level": 2,
              "highlight": false,
              "children": []
            }
          ]
        },
        {
          "id": "b7bd4d6146521c9600eba66560e9db97",
          "author": "暗香疏影",
          "time": "2024年03月16日 06:22",
          "content": "<p>你胆儿真大老兄，给你点赞！居然第二次下针就敢往脸上扎还透针，看的我鼻子都跟着疼！</p>",
          "level": 1,
          "highlight": false,
          "children": []
        }
      ]
    },
    {
      "id": "19dd74332d9f17e4ad09e0a953f0fffd",
      "author": "阳明氚，太阴渊",
      "time": "2023年05月01日 12:45",
      "content": "<p>前两天还在想那个男孩现在如何，没想到“科学 + 法律” 这么快就把这个16岁的男孩送到了另一个世界！</p>\n<p>这种事情在世界各地每天都不断地在发生，但有几个人会站出来问句人话，“西医，科学吗”。<br/>\n我丝毫不怀疑西医非常科学，特别是那个mRNA 苗子，不但科学，而且是超科学技术的。但这么个超科学的东西怎么就会把一个没有不健康表现的小孩打得“中邪”了？这两年疫苗损人的事在世界各地已多次发生，但有几个人会站出来问句人话，“科学，自然吗”。这个世界里的反自然物体和现象，哪一个不是来自于“科学“？？？</p>",
      "level": 0,
      "highlight": false,
      "children": []
    },
    {
      "id": "27bee6cce35e2a21acd4e669cc786dc3",
      "author": "安之",
      "time": "2023年05月01日 19:41",
      "content": "<p>李先生 您好！<br/>\n  我在学习中医的过程中发现有时候学习的和临床有很多冲突，就比如有人感冒咳嗽 黄痰 口渴想喝热的 应该是里热 但是为什么病人又流清鼻涕 我就很疑惑到底是寒还是热。还有就是辩证的时候，问病人有没有汗，我不是很懂这点是什么意思，如果是发热症状导致的流汗就另外说，假如病人不发热 而且坐着你面前没有运动 那坐着为什么会流汗呢 如果你想知道病人皮肤毛孔打开没有 问他现在有没有汗 那没有发热的症状 那他肯定没有汗 因为没有运动 难道要叫病人去跑一圈 看到底出不出的了汗吗 所以我很疑惑这一点问病人有没有汗<br/>\n望李先生答疑<br/>\n祝<br/>\n身体健康</p>",
      "level": 0,
      "highlight": false,
      "children": [
        {
          "id": "315052fd85ed779014c0a99b46901c29",
          "author": "李宗恩",
          "time": "2023年05月03日 10:42",
          "content": "<p>發汗不是指看病的時候，而是在開始生病到目前的發汗情況。你應該回去好好研讀倪海厦老師的人紀中醫教材，你似乎缺乏基本的概念。</p>",
          "level": 1,
          "highlight": true,
          "children": []
        },
        {
          "id": "5a018c09e2cb0fadf0bba05198276f08",
          "author": "单单",
          "time": "2023年05月19日 19:24",
          "content": "<p>我看倪师说的发汗是指自汗，就是没动，也没喝热水就自动出汗了，这就是病态，自汗，恶风我就用桂枝汤。无汗，是指喝热水也不出汗。前几天我姑感冒无汗，吃了一碗小青龙汤，不出汗，吃第二碗时才出汗了。而我吃下去就几分钟就出汗，一出汗身体就轻松了。</p>",
          "level": 1,
          "highlight": false,
          "children": []
        }
      ]
    },
    {
      "id": "2c83c191404eb39f4927a1044dd824e1",
      "author": "安之",
      "time": "2023年05月02日 17:12",
      "content": "<p>李先生您好！<br/>\n  想了解个题外话，就是李先生当年所说的web3.0是不是就是今天的短视频带货，直播带货。我看见许多古书的序，了解到许多名医都是因为知道病的痛苦后，才走上学医的路，这是否也表明必须要有仁义和恒心才能学好中医呢</p>",
      "level": 0,
      "highlight": false,
      "children": [
        {
          "id": "8c04246505022e19b53db35e3bcf6c47",
          "author": "李宗恩",
          "time": "2023年05月03日 10:44",
          "content": "<p>如果你只能聯想到直播帶貨，那代表你對網路科技的了解十分有限。</p>",
          "level": 1,
          "highlight": true,
          "children": []
        }
      ]
    },
    {
      "id": "9a843ee1e139469158ee0bd04ec80689",
      "author": "yechangshun",
      "time": "2023年05月03日 12:41",
      "content": "<p>李先生您好！<br/>\n我是大陆的一位自学倪师的人，现在看到世面上出现了一种产品，叫做“倪师天纪、人纪、三合一软件”，天纪部分可以进行紫微斗数的排盘和解盘，人纪部分主要针对针灸的定位和治疗和配伍，翳案部分是老师的相关翳案和论文。<br/>\n请问下，这款软件和倪师具体是什么关系，是汉唐中医馆内部学习使用的吗？</p>",
      "level": 0,
      "highlight": false,
      "children": [
        {
          "id": "4e60ed63379733a32b4c0dd1ea435094",
          "author": "李宗恩",
          "time": "2023年05月03日 10:47",
          "content": "<p>盜版，再加上自己加入的內容。倪老師看診是不用什麼軟件的。</p>",
          "level": 1,
          "highlight": true,
          "children": []
        }
      ]
    },
    {
      "id": "0a4421320da10e82191012cad2dc99a6",
      "author": "安之",
      "time": "2023年05月03日 22:57",
      "content": "<p>李先生您好<br/>\n  您对我影响非常大 就几句话 我对辩证用药有了更深的认识 我今天的问题是治鼻窦炎或过敏性鼻炎着重点为什么是在治脾而不是治肺 因为我以为肺开窍在鼻 所以在治肺 但实践中用苦寒药治肺虽然有点效 但往往鼻炎没完全治好 反而把肺伤了 使得心火往上造成其他问题 而为什么用健脾利水反而把鼻窦炎治的很好</p>",
      "level": 0,
      "highlight": false,
      "children": [
        {
          "id": "2c271490e11a27ca2a0f52d8780559cf",
          "author": "李宗恩",
          "time": "2023年05月08日 21:29",
          "content": "<p>肺開竅在鼻，不代表鼻子的問題都是肺引起的。辨證論治得收集很多望聞問切來的資料，才能診斷問題的來源。</p>",
          "level": 1,
          "highlight": true,
          "children": []
        }
      ]
    },
    {
      "id": "84ef761b15254b8d1869c9d5dc3a4224",
      "author": "邓文正",
      "time": "2023年05月04日 07:03",
      "content": "<p>李医生，我在我们县城三甲医院看中医，找的都是那种专家来看。每次开了药有半夏的时候我都让他换成生半夏，他说生半夏有毒，我把你搬出来的。我说，别人斯坦福大学博士后倪海厦的大弟子都说过生半夏没毒，已经用过很多了。他们说你哗众取宠，害人不浅，误人子弟一类的话，然后又训斥我，说别人看了二十多年的病不比他清楚？。。。我真的无语了，后来我只能自己到网上买生半夏换掉。然后换掉那个法半夏吃完了那个药方，复诊的时候我很开心的和他说了我换掉了法半夏吃了一点事都没有，他又训斥我说这些药不能吃，当时吃了没事，过后就有事了，你别听他的话（就是你的话）这就是国内的中医现状，好多都是中西药都开，我对他们都没信心了。国内中医想要复兴一定要有一个正确的总指导，这个人一定得是你。国内的中医根都烂完了，我们患者真的事深深的无力感，我就是一个大便不成形吃了两年的中药都没吃好。</p>",
      "level": 0,
      "highlight": false,
      "children": [
        {
          "id": "406c8009d4eee39f8ebdafb0e48307b6",
          "author": "ieitZYB",
          "time": "2023年05月04日 17:36",
          "content": "<p>你应该给它们看：<br/>\n<a href=\"http://www.gov.cn/zhengce/zhengceku/2023-01/18/content_5737840.htm\" rel=\"nofollow ugc\">http://www.gov.cn/zhengce/zhengceku/2023-01/18/content_5737840.htm</a><br/>\n《国家医保局 人力资源社会保障部关于印发《国家基本医疗保险、工伤保险和生育保险药品目录（2022年）》的通知》<br/>\n附件：国家基本医疗保险、工伤保险和生育保险药品目录（2022年）<br/>\n五、中药饮片部分<br/>\n里面有明确的有“生半夏”在。<br/>\n不用说太远的，不要怪人家，各人都应该怪自己，自己的法规自己都不知道。</p>",
          "level": 1,
          "highlight": false,
          "children": []
        },
        {
          "id": "5366b3b4fef52e462071f19819d1a874",
          "author": "ieitZYB",
          "time": "2023年05月04日 17:38",
          "content": "<p>中药饮片部分<br/>\n（一）基金予以支付的中药饮片<br/>\n177 生白附子<br/>\n178 生半夏</p>",
          "level": 1,
          "highlight": false,
          "children": []
        },
        {
          "id": "9c11534d19c8656643fb98501f4691ea",
          "author": "紫兜",
          "time": "2023年05月04日 22:12",
          "content": "<p>你都有这觉悟了，应该知道为什么大便不成行啊，自救了朋友</p>",
          "level": 1,
          "highlight": false,
          "children": [
            {
              "id": "267ac0968f071df28aeed8fdab8433fa",
              "author": "邓文正",
              "time": "2023年05月10日 12:26",
              "content": "<p>谢谢，但是觉悟是觉悟 还是需要好的中医师帮忙。国内的中医师大多治疗的太浅了，中医这么难的学问还是需要这种高智商的人追本溯源，李医生毫无疑问是顶点中医师。我之前就是经常熬夜,晚上吃宵夜，喝冰水，长时间把脾胃吃坏了。脾胃坏了是一方面，还会导致其他问题，常年累月，身体堆积了很多垃圾和一些陈年旧疾，这就是很头疼的地方，我23，马上24了，有很重要的学习任务，也希望尽快能治好，所以需要高手来治疗</p>",
              "level": 2,
              "highlight": false,
              "children": []
            }
          ]
        },
        {
          "id": "b59e487b7241b0ae60cbc8fefc56f94c",
          "author": "李宗恩",
          "time": "2023年05月08日 21:32",
          "content": "<p>生半夏不是用來生吃的，而是和其它中藥材一起煮，已經有許多科研證實水煮過一段時間後，沒有毒性。</p>",
          "level": 1,
          "highlight": true,
          "children": [
            {
              "id": "47500c9316cc79ed108180891234376a",
              "author": "邓文正",
              "time": "2023年05月09日 22:19",
              "content": "<p>我已经预约啦,等待您的看诊~可能需要6~8个月，不过这么长时间等待您也非常值得了，祝李医生事业蒸蒸日上，好运常伴</p>",
              "level": 2,
              "highlight": false,
              "children": [
                {
                  "id": "39fa73752a2019b209224399a51b2ed1",
                  "author": "平平淡淡",
                  "time": "2024年09月01日 04:16",
                  "content": "<p>预约花了多少钱呢？，李医师的诊所是支付美金我想知道大概是多少人民币，谢谢</p>",
                  "level": 3,
                  "highlight": false,
                  "children": []
                }
              ]
            }
          ]
        }
      ]
    },
    {
      "id": "e306f6e1045f69721eb836a937060313",
      "author": "king",
      "time": "2023年05月04日 17:38",
      "content": "<p>每一个故事背后都是一条人命，可惜了。做医生也非常之不易，感谢还有大医李医生。<br/>\n至从这次病情严重后，后悔没有好好了解自己，了解这个病的因果，没有做到知己知彼，这次醒悟，希望还能有机会，不是为时已晚；<br/>\n我也已预约，正排队等待李医生的看诊中，非常期待；<br/>\n目前也在逐步一点点学习倪老师的中医课程，调整好自己；</p>",
      "level": 0,
      "highlight": false,
      "children": [
        {
          "id": "b2b9f16756d3255f2b1e4085de04640c",
          "author": "李宗恩",
          "time": "2023年05月08日 21:33",
          "content": "<p>謝謝你的分享。</p>",
          "level": 1,
          "highlight": true,
          "children": []
        }
      ]
    },
    {
      "id": "7599dec7da7f55ebebcbdd523ed1c1da",
      "author": "彭彭",
      "time": "2023年05月05日 18:07",
      "content": "<p>看了上次那篇关于小男孩的事就觉得挺难受，现在知道这个结果更难受。完全是人祸。</p>",
      "level": 0,
      "highlight": false,
      "children": [
        {
          "id": "96e144a5e30d6d93e82c0b63a136ba73",
          "author": "Bill Zhao",
          "time": "2023年06月19日 08:58",
          "content": "<p>我就是那个16岁大男孩的父亲。最近两个半月，每天以泪洗面，苦不堪言。</p>",
          "level": 1,
          "highlight": false,
          "children": [
            {
              "id": "37df7933d1ebcb1cb18a9edfe7c32d31",
              "author": "lkk",
              "time": "2023年06月19日 18:26",
              "content": "<p>嗨!朋友,相信您周遭的人，已說過很多安慰您的話。對不起!眼淚挽回不了什麼。向前走!<br/>\n學習我們所欠缺的知識，轉化成服務大我的力量，讓弟弟安心做個神仙天使吧!</p>",
              "level": 2,
              "highlight": false,
              "children": []
            }
          ]
        }
      ]
    },
    {
      "id": "94574ced58b47b4a4a3f072d8ea91794",
      "author": "刃影",
      "time": "2023年05月06日 12:27",
      "content": "<p>请问您是李宗恩中医吗？我想问一下这次的新冠肺炎这么严重，请问我们日常在家如何做好防护？回家时候需要使用酒精对门把手、手机等电子设备消毒吗？担心家里人被新冠影响身体健康。</p>",
      "level": 0,
      "highlight": false,
      "children": [
        {
          "id": "70dc12ce63b2fb8367f20196bceb5c82",
          "author": "李宗恩",
          "time": "2023年05月08日 21:35",
          "content": "<p>前面有許多文章討論新冠治療及預防。</p>",
          "level": 1,
          "highlight": true,
          "children": []
        }
      ]
    },
    {
      "id": "c123afd2adb66109308023e25bd8862f",
      "author": "学徒林",
      "time": "2023年05月06日 20:18",
      "content": "<p>李医生您好<br/>\n  我记得倪老师好像说过葛根汤是温病的方，那桂枝二越婢一汤是不是也是温病的方，就单纯的风热感冒/犯表，教科书上写的是用银翘散，那可不可以用桂枝二越婢一汤，热象的程度重时，可不可以单加石膏，会不会改变方子的结构？桂枝二越婢一可以理解为桂枝汤比越婢汤多，不用拘于2：1吗？</p>",
      "level": 0,
      "highlight": false,
      "children": [
        {
          "id": "1c6288d4da86aafb09ccf60788d0897c",
          "author": "李宗恩",
          "time": "2023年05月08日 21:38",
          "content": "<p>頭腦裏不要拘泥在溫病與否，而是針對病人的問題來設計藥方，了解每一味藥材的用意，以及爲什麽要和其它藥材搭配，不是只想著病人需要葛根湯、銀翹散、越婢湯等的哪一個。</p>",
          "level": 1,
          "highlight": true,
          "children": [
            {
              "id": "3f8665731166bbad08028ee6d953130d",
              "author": "学徒林",
              "time": "2023年05月09日 12:52",
              "content": "<p>好的，谢谢李医生</p>",
              "level": 2,
              "highlight": false,
              "children": []
            }
          ]
        }
      ]
    },
    {
      "id": "4a9783bb186a56db81bdfa5e1383f8ba",
      "author": "旋覆花代赭石",
      "time": "2023年05月07日 12:21",
      "content": "<p>你好，李老师，我想请教一下，我是看了倪师的视频然后给自己配了旋覆花代赭石汤，然后里面加了茯苓，白术，吴茱萸，生附子，然后吃了一个星期，胃烧心症状没了，但是胃酸还反流喉咙有异物感，然后胃寒，但是小便黄色牙龈出血天天上火。目前不知道怎么用药了。</p>",
      "level": 0,
      "highlight": false,
      "children": [
        {
          "id": "e2d690ca0a7e743fc3c089631c0c0f7b",
          "author": "李宗恩",
          "time": "2023年05月08日 21:41",
          "content": "<p>我不在網上針對個案一一討論。看起來你沒有好好辨證論治，只是胡亂抄方，建議你不要自己亂開藥服用，得找專業中醫師看診。</p>",
          "level": 1,
          "highlight": true,
          "children": []
        }
      ]
    },
    {
      "id": "2a03b8690a28728a20347b306453b126",
      "author": "Patrick",
      "time": "2023年05月14日 21:27",
      "content": "<p>李医生，你好。小孩如果有虫的话，倪老师说过有好几种方法可以帮助诊断。其中一种是看牙齿和嘴唇交缝的地方，如果有很多白卵的话，就是长虫。但是这里我理解的不是很清楚具体位置和样子。能否指点一下，最好有实例图片能看。</p>",
      "level": 0,
      "highlight": false,
      "children": [
        {
          "id": "0470e28a5198ae8a022f00ed6d500f7d",
          "author": "李宗恩",
          "time": "2023年05月17日 09:54",
          "content": "<p>中醫單一症狀的有無，並不能準確診斷是否有蟲，譬如身體還沒有受到蟲的影響，症狀不會表現出來，因此，這個時候可以使用現代醫學的檢驗方式來斷定是否有蟲。</p>",
          "level": 1,
          "highlight": true,
          "children": []
        }
      ]
    },
    {
      "id": "989667c417e6b01987a3c7c2a92e1ab0",
      "author": "单单",
      "time": "2023年05月16日 02:04",
      "content": "<p>经常看这个网页，很兴奋，因为有这么好的中医师。今天看了这三个小故事，感触很深，又难过，又欣慰。中医真的非常神奇。遗憾的事，中国人大多数被西医洗脑了。宁愿吃西药，也不愿相信中医，还总说中医太慢了，西医很快。我就说，西医很多药都吃一辈子也不好，最后还是因为这个病死了。中医太好了，只是经方家太少了。但我相信中医要不了多少年，一定会走在世界前沿，为人类服务。<br/>\n本人很多小毛病，二十年来，没碰到好的中医师。一个不用咳嗽就轻松吐痰的毛病，吐了20年，看了很多中医，都没治好，西医也做了CT,没查出什么来，苦恼的很，也自卑的很。从去年开始，眼睛胀痛，或者花，一年多，中医西医都看过了，就是好不了。也不知道如何是好。新冠偶遇到倪师后，想自学中医，拯救自己。奈何智慧太少。不管怎么说，我就当百科书读吧，能读多少是多少。很神奇的事，听倪师的黄帝内经，神农本草，还有各种论坛讲座，倪师的医案，感觉中医无所不能。感觉我的这些小毛病，都可以自愈，或者只到找对医生开点药就能解决，感觉我的心情没有那么压抑了。<br/>\n看到这么多人，在网上打李医师看病，请问要怎样才能约到要李医生呢？</p>",
      "level": 0,
      "highlight": false,
      "children": [
        {
          "id": "aafcbdd38ce6eed625be17b853c97238",
          "author": "李宗恩",
          "time": "2023年05月17日 10:11",
          "content": "<p>請聯絡診所info@youngQi.com</p>",
          "level": 1,
          "highlight": true,
          "children": []
        }
      ]
    },
    {
      "id": "9100e239db1d3b6ba1417a033a4cef53",
      "author": "单单",
      "time": "2023年05月16日 03:07",
      "content": "<p>您好，请问你怎么预约到李医生的？能回复我吗？不管多久我都等，我都20年不舒服了还差一年吗？</p>",
      "level": 0,
      "highlight": false,
      "children": [
        {
          "id": "5483eba2a95a51e4f69a917474c0e53a",
          "author": "李宗恩",
          "time": "2023年05月17日 10:11",
          "content": "<p>請聯絡診所info@youngQi.com</p>",
          "level": 1,
          "highlight": true,
          "children": []
        }
      ]
    },
    {
      "id": "39e12801be894472a0b0f25fb2c05afc",
      "author": "哈利路亞",
      "time": "2023年05月18日 12:35",
      "content": "<p>李博，有個問題一直比較疑惑，若您有時間望不寧賜教。針灸的左病右治只是針對經絡痛時用嗎？內臟病變可否採用左病右治，另外左側乳房的問題可否在右側對應經絡治療呢？</p>",
      "level": 0,
      "highlight": false,
      "children": [
        {
          "id": "ef166ef160d303f9fe18f084e32d555b",
          "author": "李宗恩",
          "time": "2023年05月18日 15:25",
          "content": "<p>内臟的問題，通常不會使用對稱治療。乳房的病變，得看你爲什麽要下針，是止痛呢？還是有其他目的。</p>",
          "level": 1,
          "highlight": true,
          "children": [
            {
              "id": "1c1d42b27a9ad14e09a7605024f0c97f",
              "author": "哈利路亞",
              "time": "2023年05月18日 17:08",
              "content": "<p>謝謝李博，因為倪師視頻對稱治療沒有聽得太明白，如果就是為了消除乳房腫塊，是用對側治療嗎？止痛用同側還是對側呢</p>",
              "level": 2,
              "highlight": false,
              "children": []
            }
          ]
        }
      ]
    },
    {
      "id": "5db6a8bc0b5efadc4b370f5327daf0f5",
      "author": "单单",
      "time": "2023年05月19日 18:47",
      "content": "<p>谢谢您李医师，这么忙还回复我们。</p>",
      "level": 0,
      "highlight": false,
      "children": []
    },
    {
      "id": "a09ad2a80ce3b3f14588f34b7d77d776",
      "author": "余余",
      "time": "2023年11月27日 02:19",
      "content": "<p>果然是”一念之间”的事啊</p>",
      "level": 0,
      "highlight": false,
      "children": []
    },
    {
      "id": "1e3875ef607062b731280e6eef34da46",
      "author": "老顽童",
      "time": "2023年11月30日 18:36",
      "content": "<p>一位病人的生死，都是一整個家庭的幸福或痛苦，對他們而言，絕不是什麽「小事」，而是一輩子的沉重。每一位醫生，中醫或西醫，看起來都好像只是簡單地動動腦、動動手。然而，醫生背負的是多少生命與家庭的未來，醫生的信口開河及輕浮傲慢，其實是一種很大的罪孽。有個説法，行醫是修行的捷徑，卻也是沉淪地獄最快的一條路，殺人不需要一刀一槍，甚至連一絲殺人的罪惡感都沒有！</p>",
      "level": 0,
      "highlight": false,
      "children": []
    },
    {
      "id": "cbe25364f54c9ef5df92df7b16796b66",
      "author": "魯豆腐",
      "time": "2024年01月16日 16:43",
      "content": "<p>想請教Dr.李，為何有人很容易長瘤<br/>\n多年前長個西醫說的心臟黏液瘤<br/>\n如今又在腦中發現個動胍瘤<br/>\n到底此人是怎麼了才會導致易長瘤</p>",
      "level": 0,
      "highlight": false,
      "children": [
        {
          "id": "9bd6c46a080c0530bb45f8ab3176cc23",
          "author": "李宗恩",
          "time": "2024年01月16日 16:52",
          "content": "<p>只憑這樣的症狀，很難斷定，但這些瘤可以視為中醫的痰飲血瘀，所以，大多和脾家三焦水道有關。</p>",
          "level": 1,
          "highlight": true,
          "children": [
            {
              "id": "b1c8ccf314800ec2d531482d892ba8a5",
              "author": "魯豆腐",
              "time": "2024年01月16日 17:05",
              "content": "<p>非常感謝Dr.李在百忙之中如此迅速的給答案<br/>\n感謝指導</p>",
              "level": 2,
              "highlight": false,
              "children": []
            }
          ]
        }
      ]
    },
    {
      "id": "8b4a785485b24f50701dbaf20917e546",
      "author": "暗香疏影",
      "time": "2024年03月16日 06:04",
      "content": "<p>有個説法，行醫是修行的捷徑，卻也是沉淪地獄最快的一條路，殺人不需要一刀一槍，甚至連一絲殺人的罪惡感都沒有！这句话说的太好了！尤其最后一句连一丝罪恶感都没有（合十）</p>",
      "level": 0,
      "highlight": false,
      "children": []
    }
  ],
  "page": 5,
  "order": 7
}