{
  "article_url": "https://andylee.pro/wp/?p=12407",
  "title": "關於倪老師學生名單",
  "content": "<p>幾乎每周都會有好幾封來函，詢問我這位是不是倪老師學生、那位是不是倪老師學生，這讓我不勝其擾。如果我回答是，好像我在認證這位中醫師的臨床療效，這確實不是我能判斷或評論的；如果我回答不是，又擔心我搞錯而害了人家；如果我不回答，又被人誤認我不理人、不同情病人的痛苦及醫療需求，甚至有人誤以爲倪老師師門下有什麽不可告人的秘密，連是不是學生都不敢講。</p>\n<p>其實，這個問題還真不好回答。首先，怎麽定義「學生」？以前討論過，學生的定義可以是廣義的，也可以是狹義的。如果說聼過倪老師的教學就算學生，那麽參加過倪老師舊金山灣區演講、上海扶陽論壇、廣西南寧教學等等的教學活動，是不是就可以說是倪老師學生？如果如此定義，因為參加過那些教學活動的人很多，我們根本無法取得完整的名單，實質上也沒有太大的意義。好吧，那我們把定義改嚴格一些，必須曾經到倪老師診所跟診過，無論是跟診一天還是跟診一年，至少在跟診名單上找得到，才能算是學生。</p>\n<p>然而，當年是由倪老師診所總管李大叔Jack負責管理跟診學生的資料，那個年代還是以紙本爲主，很多文件及名單都沒有電子化。倪老師過世後沒多久，李大叔匆匆忙忙搬離原本診所位置時，大部分的東西都被混雜地放入各個紙箱中，跟診學生的資料也不知道被分散到那些紙箱裡，即使沒有被丟掉，也被擱置在佈滿灰塵的儲藏室裡，翻箱倒櫃地整理得花費大量的精力及時間，並不太實際。</p>\n<p>那怎麽辦？倪老師過世的時候，我號召大家相互聯絡並收集學生名單。當時在許多學生的幫忙下，我們建立了一個「核心學生名單」，在名單上的人大多為倪老師認得出來的學生，或者是為較多其他學生認識的人，應該是正確性最高的一份名單。另外，不同跟診時期的學生們大多會建立自己的通訊錄，許多學生把他們手上的通訊錄轉發給我，雖然不一定完整，我蒐集到了很大的一部分。再加上我曾經幫忙管理倪老師的舊網頁，前前後後有幾個不同版本開業中醫師的學生名單。綜合我手上的十幾個名單，交叉比對後，整理出將近兩百位學生的名字及通訊資料。</p>\n<p>當然，這樣的名單還是有問題的：(1) 我相信還是有些跟診時期的學生名單沒有被蒐集到，有可能遺漏了一二十人，或許更多；(2) 不是每位學生都想要被公佈出來，甚至有些學生在倪老師過世時大力撇清關係，深怕倪老師早逝的消息會連累了他們；(3) 我們只知道名單上的學生跟診過，或許也和倪老師及其他學生有某些程度的認識，但這無法代表該學生臨床看診功力的好壞，畢竟倪老師沒有一個正式審核學生程度的機制，我們以前也討論過這個問題，病人還是得自己做功課，自己去了解某位學生的臨床功力。</p>\n<p>在實際條件的限制及尊重個人隱私的考量下，我們把每個中文名字掩蓋住一個字，英文名字因為本身重複性很高，無需另加掩蓋。如此處理，不想被公佈的學生在他人詢問時可以否認，名字有相同兩個字的人實在太多了。而想被公佈的學生，多多少少有些具體的依據，或許會感到踏實一些。至於那些想假冒倪老師學生的人，也會多了一層顧慮，畢竟我們有名單上每位學生的全名、居住城市、聯絡方式等等，很容易查證。</p>\n<p>名單如下（最新更新：05/15/2023，順序沒有意義，不確定Excel為何如此排序）：</p>\n<p>龔x美，黃x玲，黃x錫，黃x群，黃x志，黃x耀，黃x明，黃x婷，黃x瑞，馬x強，顏x辰，韓x麗，陸x宏，陶x勇，陳x香，陳x泉，陳x源，陳x諸，陳x容，陳x耀，陳x寬，陳x方，陳x君，陳x成，陳x輝，陳x定，陳x新，陳x程，陳x珠，陳x煌，關x君，釋x興，鄺x常，鄭x華，邵x明，邱x明，鄧x姬，趙x發，賴x英，賴x暉，謝x全，謝x和，謝x蓁，謝x玲，詹x锋，許x琳，許x耀，許x明，蘇x龍，蔣x融，蔡x龍，蔡x時，蔡x廷，蔡x芝，蔡x憲，葉x蓉，葉x呈，羅x樂，羅x文，羅x樂，簡x芸，盧x海，白x平，甘x柔，甘x施，王x雲，王x偉，王x無，王x渡，王x雲，王x富，王x駒，熊x穎，熊x蘭，潘x欣，潘x克，洪x全，洪x威，沈x慧，江x豪，毛x智，楊x貞，楊x蘭，楊x林，楊x元，楊x穗，楊x和，楊x芬，楊x福 ，楊x蓁，楊x晴，梁x健，柯x至，林x韵，林x莉，林x竹，林x美，林x儒，林x晴，林x欣，林x慧，林x棟，林x魁，李x文，李x婷，李x昌，李x文，李x珊，李x燾，李x英，李x彬，李x恩，李x琪，曾x芃，曾x發，曾x榮，曾孫x生，曾x凌，曾x軒，施x一，方x慧，方x亮，戰x庠，應x銘，徐x昆，徐x宏，徐x振，徐x佑，張x琦，張x文，張x蘭，張x真，張x濤，張x香，張x偉，張x弘，張x鴻，張x源，張x寧，張x超，張x華，張x虹，張x琦，張x博，廖x煌，廖x纹，常x欣，常x哲，巫x章，巫x漳，巫x玉 ，尚x凌，宇x軒，孫x鴻，孫x敏，孫x新，孫x珍，孟x縈 ，孔x妍，姚x鋒，夏x歆，嚴x麒，唐x芬，唐x榮，周x棋，周x萍，周x瑋，呂x儀 ，吴x妍，吳x雲，吳x婉，吳x娟，吳x正，吳x興，吳x英，劉x民，劉x菲，劉x琪，劉x雯，劉x芳，劉x玳，劉x芳，劉x厚，劉x欽，劉x松，劉x能，劉x麟，劉x文，侯x杰，余x慶，何x恭，伊x鳴，于x萍，丘x杰，遲x簡，朱x平，曹x升，Valen Yang，Sherry Wang，Michael Chou，Fu Fu Yan，Frieda Mah，Andrew Hsu。</p>\n<p>以上名單中，有些人為單名，只好在姓和單名中加入x。也有幾位改過名字，為了方便只認得他們舊名的人查詢，新舊名字皆列出。如果跟診學生發現自己不在名單上，敬請見諒，並請把跟診相關資料發給我，我會和其他跟診學生查證後加你入名單。</p>\n<p></p>",
  "article_time": "2023年05月12日 09:06",
  "comments": [
    {
      "id": "09b5d5d309f50452fb0a46950eb1215d",
      "author": "T3",
      "time": "2023年05月12日 19:16",
      "content": "<p>挂着倪师名号但医术平平的人太多了，甚至有一些还是真正的倪老师学生，只是当年有缘蹭了个名气，并不是真心想提高自己的医术。只追着名字去看诊大概率会踩雷，努力提高对好医生的判断能力才是正道。</p>",
      "level": 0,
      "highlight": false,
      "children": [
        {
          "id": "ac975a511db7450b49c5c2724ef98de9",
          "author": "请求帮助",
          "time": "2023年05月14日 11:07",
          "content": "<p>李医生您好，我5月2号，因为喉咙疼痛，恶寒，怕风，头疼，发热，吃了一包葛根汤颗粒，半夜就一直出汗不止，心悸动，现在症状是每天晚上睡不了觉，只要平躺每隔几秒会心悸动一下，莫名烦躁，但是白天能睡，用过桂枝甘草汤，还有炙甘草汤，都无效，请您帮帮我</p>",
          "level": 1,
          "highlight": false,
          "children": [
            {
              "id": "9b57f23d1836f6573133268a706e6b34",
              "author": "李宗恩",
              "time": "2023年05月14日 11:14",
              "content": "<p>我不在網上針對個案一一討論，而你自己也不應該隨便服用中藥方劑，應該找中醫師看診。</p>",
              "level": 2,
              "highlight": true,
              "children": [
                {
                  "id": "7264f6f9cde989ec8ead724039519159",
                  "author": "请求帮助",
                  "time": "2023年05月14日 11:38",
                  "content": "<p>李医生你好，我们这边的中医基本都让我去人民医院打点滴，或者开药方让我搭配西药一起吃</p>",
                  "level": 3,
                  "highlight": false,
                  "children": []
                }
              ]
            }
          ]
        },
        {
          "id": "6760a518b2d0d19f79ba632271e8a981",
          "author": "李宗恩",
          "time": "2023年05月14日 11:10",
          "content": "<p>是的，許多跟診學生只是想鍍個金，利用倪老師名聲來吸引病人，也有不少本來優秀的學生，為了追逐名利而沈淪了。</p>",
          "level": 1,
          "highlight": true,
          "children": [
            {
              "id": "d1828b4d3c4ced6c75ec35c458a571a0",
              "author": "凌风",
              "time": "2023年07月12日 18:56",
              "content": "<p>李医生，您好。<br/>\n麻烦问一下深圳地区有哪些诊所是随倪老师跟诊过的弟子开的？ 深圳正规的中医院和诊所骗子太多了。</p>",
              "level": 2,
              "highlight": false,
              "children": [
                {
                  "id": "96f30df405dcd58e32ef35f071817885",
                  "author": "李宗恩",
                  "time": "2023年07月13日 15:27",
                  "content": "<p>不回答這樣的問題，文章中説了，重點不在是不是倪老師學生，而是臨床看診功力如何，跟診過的學生不一定有臨床實力，不是倪老師的學生也有功力良好的。</p>",
                  "level": 3,
                  "highlight": true,
                  "children": []
                }
              ]
            },
            {
              "id": "1b92894f0d90c68efc8ae188aba7b2a8",
              "author": "黄文彬",
              "time": "2023年07月13日 05:12",
              "content": "<p>李医生，你好，我是纤维肌痛综合征的患者，如何预约您的号？中医上面筋闭，和营卫不和，邮箱有墙，一直发不过去。</p>",
              "level": 2,
              "highlight": false,
              "children": [
                {
                  "id": "675bba6163b695d3094e1daee85227b4",
                  "author": "李宗恩",
                  "time": "2023年07月13日 16:00",
                  "content": "<p>大陸很多病人發郵件給診所，應該是你郵件系統的問題。</p>",
                  "level": 3,
                  "highlight": true,
                  "children": []
                }
              ]
            },
            {
              "id": "0b25e12ffff9be26b278a6d9ec6bdce5",
              "author": "周桂春",
              "time": "2023年07月17日 01:39",
              "content": "<p>您好！打扰您了，我是湖南邵阳的，有幸看到您的网帖，39岁、女、患胆结石15mm*7mm,不想摘除手术，想中医治疗，可否指点，谢谢！</p>",
              "level": 2,
              "highlight": false,
              "children": [
                {
                  "id": "8c30297db7123fe3fb33a6c793c1f25b",
                  "author": "李宗恩",
                  "time": "2023年07月20日 09:14",
                  "content": "<p>我不在網上針對個案一一討論，但你可以在這網頁上搜尋膽結石的文章。</p>",
                  "level": 3,
                  "highlight": true,
                  "children": []
                }
              ]
            }
          ]
        }
      ]
    },
    {
      "id": "f335c6f3c4e98a30b5ac920b902dbde9",
      "author": "闫中天",
      "time": "2023年05月12日 20:04",
      "content": "<p>老师这个月没有公开课吗？岐黄那个</p>",
      "level": 0,
      "highlight": false,
      "children": [
        {
          "id": "f1b66851e7efd60886fe6e7baf2e8815",
          "author": "李宗恩",
          "time": "2023年05月14日 11:11",
          "content": "<p>最近比較忙，正在和歧黃的工作人員協商時間中。</p>",
          "level": 1,
          "highlight": true,
          "children": [
            {
              "id": "411d443f9e7f53d6807357d58e82f390",
              "author": "闫中天",
              "time": "2023年05月16日 07:24",
              "content": "<p>老师在临床上会用到小针刀吗？还是只用传统针灸？</p>",
              "level": 2,
              "highlight": false,
              "children": [
                {
                  "id": "f68ecd05072161e83b4d0caab1b0def2",
                  "author": "李宗恩",
                  "time": "2023年05月17日 10:19",
                  "content": "<p>小針刀在美國有爭議，嚴格說來，美國醫療法規不准許中醫針灸師使用小針刀，小針刀的大小遠大過一般針灸的針，屬於手術刀類別，使用小針刀等同使用手術刀，必須有西醫外科手術資格。當然，美國也有一些中醫師不了解或無視美國醫療法規，使用小針刀，這其實是非法醫療行為，只是目前還沒有被大量舉報到醫療管理當局，政府機構還沒有正視這個問題。</p>",
                  "level": 3,
                  "highlight": true,
                  "children": []
                }
              ]
            }
          ]
        }
      ]
    },
    {
      "id": "46721374c0f6381b13f08b4641c3f5f7",
      "author": "張漢",
      "time": "2023年05月12日 20:36",
      "content": "<p>謝謝李醫生辛苦收集公佈。</p>",
      "level": 0,
      "highlight": false,
      "children": []
    },
    {
      "id": "5cc94005ff40ead40154698416883316",
      "author": "荣耀",
      "time": "2023年05月12日 21:05",
      "content": "<p>记得倪师说过一切随缘，没有必要过度找寻，缘到了自然会找到。</p>",
      "level": 0,
      "highlight": false,
      "children": []
    },
    {
      "id": "459654bfbc01c00f6e5a953cd0e56377",
      "author": "紫兜",
      "time": "2023年05月13日 02:48",
      "content": "<p>有道理，师父领进门，修行靠个人！！！！</p>",
      "level": 0,
      "highlight": false,
      "children": []
    },
    {
      "id": "444b0a61919ab8ee6b4f5ed60da4ea73",
      "author": "听",
      "time": "2023年05月14日 16:13",
      "content": "<p>请问有推荐的不锈钢锅吗，现在是不敢随便买了</p>",
      "level": 0,
      "highlight": false,
      "children": [
        {
          "id": "4cccb28b855819916b73752cba4e7c26",
          "author": "gordon",
          "time": "2023年05月27日 17:55",
          "content": "<p>304不锈钢锅就可以了。</p>",
          "level": 1,
          "highlight": false,
          "children": []
        }
      ]
    },
    {
      "id": "db642aa4dcfc75cfb8665552da08a0b5",
      "author": "jieliu",
      "time": "2023年05月15日 23:11",
      "content": "<p>看过名单上倪师某位学生创办的中医大脑公众号，中医大脑的理论似乎是根据方剂和症状数据给出最相关的处方。但听了很多中医师的讲座包括李宗恩老师，中医看病似乎应该还是以人为本，看患者的阴阳，虚实，开阖等等，不是以症为主，症只是某位患者一个客观/主观反应。以症为主，参考经典方剂开方子，似乎很迎合现在人速成某个技能的心理。</p>",
      "level": 0,
      "highlight": false,
      "children": [
        {
          "id": "694effc3c958e42930cad7ba27b192f8",
          "author": "李宗恩",
          "time": "2023年05月17日 10:09",
          "content": "<p>中醫人工智能是一個好的方向，然而，目前所謂的中醫人工智能只是症狀對應方劑或中藥材的搜尋，和人們期待的中醫人工智能有很大的距離，更不能直接拿來臨床看診，也會誤導中醫學子的學習，讓他們誤以為中醫就是如此看診。換句話說，並不是中醫人工智能的方向有問題，而是被人拿來不實地誇大宣傳，並假借倪老師的名聲來騙取病人。倪老師根本和那些軟件沒有任何關係，很多病人並不是相信所謂的中醫人工智能或者某家中醫診所的信譽，而是在不了解情況下轉嫁他們對倪老師的敬仰而被誤導去看診。已經有很多病人表示很失望，不但損失大量金錢，更耽誤了病情，更有很多不知情的人對倪老師感到失望及痛恨，以為這樣不良的療效代表了倪老師以前都是信口開河、誇大教學。</p>",
          "level": 1,
          "highlight": true,
          "children": [
            {
              "id": "279958db5fd8cd448292ac6551cc006a",
              "author": "jieliu",
              "time": "2023年05月21日 20:08",
              "content": "<p>谢谢李博士的回复，也很想有机会听听李博士给大家讲讲什么是人们期待的中医人工智能。</p>",
              "level": 2,
              "highlight": false,
              "children": []
            },
            {
              "id": "fc940317a0f7e60f9fdc154bd1af0fe2",
              "author": "陳文智",
              "time": "2024年10月14日 05:32",
              "content": "<p>我個人是從影片中得知倪海廈醫師的，雖然還沒有全部看完，但僅從所看到的，加上後來也去借了一些相關的介紹中醫的書籍，對中醫藥雖有粗淺的了解，但從這些了解中，尤其是倪醫師的演講，我個人對所謂的中醫AＩ看診認為如果是輔助中醫師看診，是很好的，但說要完全取代中醫看診，是很不負責任的，如同倪醫師曾說過的一句話，西醫是看報告，中醫是面對面看病人的，而且是從望聞問切等種種現場互動中是掌握病情的，我相信這不是所謂的AＩ可以取代的，［當張仲景遇上史丹佛］這本您的著作，我才剛看完，真的很棒，從這本書及其他醫者寫的書，我更確認我上面的看法。<br/>\n我昨天才又重聽倪醫師的演講，當他提到硬皮症的成因，我才恍然發現他說的成因正是我太太所以會得硬皮症的情形（目前由長庚西醫診治，但同時也給樂生療養院中醫師看診，並且朝減西重中，希望最後完全由中醫來診治調養)，可惜那次演講沒有提到如何診治的方法，但我仍然相信中醫可以幫我太太控制改善病情。<br/>\n最後，我很同意您在書中提到，中醫診治，西醫檢測，不過西醫的檢測如果是像核磁共振等儀器，我現在非常拆斥，因為病人實在受不得，除非儀器的副作用能被消除。<br/>\n我這段時間看了倪醫師的影片，您及其他中醫師的著作中，有個很深的想法，不管在台灣或者在大陸，應該將中醫從小學教起，應該按小學到高中編寫適合的中醫教材讓中華兒女能早早認識中醫，不要像我們這代都只在健康教育學到西醫的知識，對中醫完全不知道，我個人等於是到了新冠肺炎疫情期間才真正開始去了解認識中醫，真是可悲。希望李醫師也能發起這樣的中醫教育。</p>",
              "level": 2,
              "highlight": false,
              "children": [
                {
                  "id": "61b733f34d233c39a7134f54f0f099f9",
                  "author": "李宗恩",
                  "time": "2024年10月14日 09:59",
                  "content": "<p>市面上宣稱中醫AI的，都和目前科技業所謂的AI相差很遠，都是tree structure下的weighted matching，充其量只是1980年代所謂的專家系統，也就是比較聰明的搜尋而已，根本不是大家聯想的neural network、machine learning、large language model、transformer等等造成AI突飛猛進的方向，也因此市面上宣稱中醫AI，都是誇大宣傳，拿來賺錢用的。</p>\n<p>倪老師有交代過，要我製作一套教導小孩子中醫的教材，未來會進行。</p>",
                  "level": 3,
                  "highlight": true,
                  "children": [
                    {
                      "id": "0cab9419aac09c575058480948e62143",
                      "author": "天空",
                      "time": "2024年10月14日 10:45",
                      "content": "<p>李醫師未來是否會發展一套專家系統是基於中醫的生理/病理學，而非症狀-藥方連連看的weighted matching，以建立正確的中醫智能模型呢？</p>",
                      "level": 4,
                      "highlight": false,
                      "children": []
                    },
                    {
                      "id": "4c884ba3cf986b9b5213e40f58f4d2f7",
                      "author": "李宗恩",
                      "time": "2024年10月16日 11:12",
                      "content": "<p>會考慮，也與多位真正的AI專家討論過。</p>",
                      "level": 4,
                      "highlight": true,
                      "children": []
                    },
                    {
                      "id": "4e2097d7ad49b9ce2e58b5706b617d81",
                      "author": "天空",
                      "time": "2024年10月18日 04:31",
                      "content": "<p>謝謝李醫師，我對這方面也有興趣，會一邊學習倪老師和您的教材，一邊朝這個方向努力，目前只有一些初步的構想，還需要實驗，希望以後有比較具體的成果可以和李醫師討論。</p>",
                      "level": 4,
                      "highlight": false,
                      "children": []
                    }
                  ]
                }
              ]
            }
          ]
        },
        {
          "id": "3f68bf184e3018cf3297542af294d1c0",
          "author": "佳佳",
          "time": "2023年06月08日 09:23",
          "content": "<p>李医师您好，想听听您对于小儿小脑下疝脊髓型空洞疾病的见解？西医几乎都是要动手术，但言语上似乎是个香饽饽的案例。最近类似病例也越来越多，如有预防或建议家长的直播就更好了。</p>",
          "level": 1,
          "highlight": false,
          "children": [
            {
              "id": "f3f956bcf261c513bb54e8306040499f",
              "author": "李宗恩",
              "time": "2023年06月12日 09:23",
              "content": "<p>中醫不以西醫病名來辨證論治。</p>",
              "level": 2,
              "highlight": true,
              "children": []
            }
          ]
        }
      ]
    },
    {
      "id": "bb0f3bbd268b1dc45b70f3c2506d11fd",
      "author": "KWoo",
      "time": "2023年05月17日 05:47",
      "content": "<p>李师生，内地看中医有推荐的地方，或者您认可的同门介绍，急需找个靠谱的医生看诊，没时间精力去耗下去了，盼回复。</p>",
      "level": 0,
      "highlight": false,
      "children": [
        {
          "id": "56f7eee3a56494b1729772db39a45cab",
          "author": "李宗恩",
          "time": "2023年05月17日 10:22",
          "content": "<p>如文章中提到的，我無法深入了解某位學生臨床的功力及療效，因此我無法推薦。</p>",
          "level": 1,
          "highlight": true,
          "children": []
        }
      ]
    },
    {
      "id": "3cf7d84cc7502fbc7cb1157d806cbd83",
      "author": "西瓜",
      "time": "2023年05月17日 06:07",
      "content": "<p>那位学生拿着倪师的名号在外宣传自己，疯狂牟利，已经不在正道上了。</p>",
      "level": 0,
      "highlight": false,
      "children": [
        {
          "id": "da5d3915ceaffd4c9916308663a78df5",
          "author": "西瓜",
          "time": "2023年05月17日 23:27",
          "content": "<p>啊，这条评论本来是想回复在那个关于中医大脑的评论之下的，不知道为什么成单独评论了，可能造成误会，特来解释一下。另外，最近在替家里人找中医看身体，总能看到林某栋的中医大脑的广告，还好有他人提醒，要不然，真的会误信其宣传的疗效。希望大家在寻找优秀中医路上可以擦亮眼睛，明辨是非，少走弯路。</p>",
          "level": 1,
          "highlight": false,
          "children": [
            {
              "id": "e4a6bdb0f2b84124909ffc215baf4c78",
              "author": "Hse",
              "time": "2023年07月31日 12:47",
              "content": "<p>我也差点中招了什么大脑门诊</p>",
              "level": 2,
              "highlight": false,
              "children": []
            }
          ]
        }
      ]
    },
    {
      "id": "1cfe49e05eefee8ce263295ed3d80faa",
      "author": "离中虚",
      "time": "2023年05月17日 14:41",
      "content": "<p>你好李医生<br/>\n加州时间5月16号下午5点 你帮助我父亲网络看诊<br/>\n犹豫当时我们太紧张 有些问题事后才想起<br/>\n现在西药要立即停止吗？<br/>\n我观察到我父亲拿东西时手会抖（应该是不自觉的）<br/>\n最后一点 能不能推荐一位值得信赖的中药商家<br/>\n以上问题 请你帮忙解答  谢谢</p>",
      "level": 0,
      "highlight": false,
      "children": [
        {
          "id": "d4b4cf347e7b62ed59e2e333166a3456",
          "author": "李宗恩",
          "time": "2023年05月17日 14:44",
          "content": "<p>看診事宜一律聯絡診所前台，不要在這裡留言。</p>",
          "level": 1,
          "highlight": true,
          "children": [
            {
              "id": "5918c694177448180c419a54d7634490",
              "author": "离中虚",
              "time": "2023年05月17日 14:54",
              "content": "<p>我联络过前台了<br/>\n让我们自行决定是否段西药<br/>\n没办法才在这里发表 抱歉</p>",
              "level": 2,
              "highlight": false,
              "children": [
                {
                  "id": "47458e11524ca41f589cda5792ebea60",
                  "author": "gordon",
                  "time": "2023年05月27日 18:01",
                  "content": "<p>倪老在一个视频中讲到，不能立刻停西药，吃一周中药，如果自觉症状减轻，病情好转，就减1/4的西药量，直到全部减掉。</p>",
                  "level": 3,
                  "highlight": false,
                  "children": [
                    {
                      "id": "d6540ed2bce1263d2eedc38dc2d0a2ca",
                      "author": "杨学锐",
                      "time": "2023年10月15日 02:51",
                      "content": "<p>补充一下。<br/>\n这是倪师在看诊一位被西医诊断为红斑性狼疮并给予激素治疗的22岁女孩时，要她分一个月停激素，每个礼拜去掉25%</p>",
                      "level": 4,
                      "highlight": false,
                      "children": []
                    },
                    {
                      "id": "33a082ce63ec0e895ea9177c4b02694b",
                      "author": "邓文正",
                      "time": "2023年10月15日 16:29",
                      "content": "<p>已经骑虎难下了，要根据身体的反应慢慢减少，不能突然停掉。吃个几天的药，慢慢减少药量看看身体的反应如何。</p>",
                      "level": 4,
                      "highlight": false,
                      "children": []
                    }
                  ]
                }
              ]
            }
          ]
        }
      ]
    },
    {
      "id": "86aababa22b9d29f696e4a3d1a5769b7",
      "author": "如一",
      "time": "2023年05月18日 23:41",
      "content": "<p>李老师，可否讲一讲腹诊，像绕脐痛通常会是预示哪方面有问题啊？</p>",
      "level": 0,
      "highlight": false,
      "children": [
        {
          "id": "73dcec844afa1e0c209b36d93170e06d",
          "author": "李宗恩",
          "time": "2023年05月19日 15:22",
          "content": "<p>單一症狀無法診斷，只能提供多一個線索.</p>",
          "level": 1,
          "highlight": true,
          "children": [
            {
              "id": "c1189fdaa5089b9ce7fb25a3b2d0fefc",
              "author": "如一",
              "time": "2023年05月20日 12:31",
              "content": "<p>李老师，请问手脚指甲有棱，是不是大概率表示肝木过热，指甲坑坑洼洼，是不是大概率说明肝血亏虚</p>",
              "level": 2,
              "highlight": false,
              "children": [
                {
                  "id": "1e51f10626696d0f3b62388bec9d9346",
                  "author": "李宗恩",
                  "time": "2023年05月24日 17:50",
                  "content": "<p>已經說過很多次，中醫不是以單一症狀來辨證，指甲有問題，通常和肝有關係，但還是得配合其它症狀來診斷。</p>",
                  "level": 3,
                  "highlight": true,
                  "children": []
                }
              ]
            },
            {
              "id": "3e47cad84f9d2aecc2195fa25eed0db5",
              "author": "暖冬",
              "time": "2024年12月02日 06:42",
              "content": "<p>李医生，我女友的妹妹孪生姐妹，妹妹18岁，医院诊断出白血病，然后做完了六次化疗，医院说要做完六次，但每次做完都不见好转，还是反反复复的发烧，想找民间好中医治疗，可一直却找不到好的经方家，我也是中医的爱好者，请问哪里能找到能治愈白血病的医师吗？李医生在美国还是在大陆呢，请李医生指条明路，万分感谢</p>",
              "level": 2,
              "highlight": false,
              "children": [
                {
                  "id": "477aa93293b5fb66797134a715220620",
                  "author": "离中虚",
                  "time": "2024年12月02日 16:34",
                  "content": "<p>李医师在美国<br/>\n可以远程看诊<br/>\n但应该需要排队很久</p>",
                  "level": 3,
                  "highlight": false,
                  "children": []
                },
                {
                  "id": "22aff5832603863d31e5eedcd9ab1494",
                  "author": "李宗恩",
                  "time": "2024年12月10日 14:13",
                  "content": "<p>有醫療需要，請聯絡診所info@youngQi.com</p>",
                  "level": 3,
                  "highlight": true,
                  "children": []
                }
              ]
            }
          ]
        }
      ]
    },
    {
      "id": "f4ef48cd7f6805906827ac6e9fc274f4",
      "author": "红薯",
      "time": "2023年05月27日 20:20",
      "content": "<p>请问李医生，您有没有来中国定居行医的打算啊！倪师的弟子们基本怎么都在美国啊</p>",
      "level": 0,
      "highlight": false,
      "children": [
        {
          "id": "653ca1b4940650757966e842c98f5f3e",
          "author": "李宗恩",
          "time": "2023年05月27日 22:19",
          "content": "<p>倪老師的診所在美國，再加上倪老師很痛恨中國大陸盜版的行為，因此他的學生大多來自美國及台灣，他原本是不收中國大陸學生的，後來破例收了一些。</p>",
          "level": 1,
          "highlight": true,
          "children": [
            {
              "id": "bef7edbf1565a9a280ba197d8410aedc",
              "author": "室度心香",
              "time": "2023年08月13日 11:25",
              "content": "<p>没办法，一块土地上不种庄稼就会长杂草，它不会空着。倪老师由于推广中医之卓越贡献，慕名者甚多，没有正版可以购买的时候，只能迫于无奈看电子版或者盗版，虽说理由牵强，但也可以算是“偷师”吧，自古也是勤奋好学者的偶有的“卑鄙”行径。</p>",
              "level": 2,
              "highlight": false,
              "children": []
            }
          ]
        }
      ]
    },
    {
      "id": "935deda25f96bd58c5aa778aab31ada5",
      "author": "学人子明",
      "time": "2023年05月31日 21:06",
      "content": "<p>李醫師。您好。久疏問候。伏念平安。<br/>\n最近在學施老師的課程。施老師做的陰陽模型很有特色。至少解決了我對陰陽方面辯證和治療的很多疑惑。施老師個人也很有意思。基本在用植物性的葯取代動物性的葯。<br/>\n昨天看了您的直播回放。右眼看似有些浮腫。還請勿太過勞累。也要珍惜性命。<br/>\n最近學了很多越發覺得自己修行不足。佛教講修行入門先要具足慧眼正知正見。除卻煩惱無明先要明心見性。能否請您推薦傳授一些診斷學方面的書籍或者經驗思路。</p>",
      "level": 0,
      "highlight": false,
      "children": [
        {
          "id": "2cd696d52b5fd273781eabce53a21059",
          "author": "李宗恩",
          "time": "2023年06月05日 15:24",
          "content": "<p>謝謝關係，診所同仁們說是燈光的關係，親自看本人並沒有眼睛浮腫。</p>",
          "level": 1,
          "highlight": true,
          "children": []
        }
      ]
    },
    {
      "id": "7dbad6e9e14c72ab665140041aefb8d8",
      "author": "知守",
      "time": "2023年06月02日 07:33",
      "content": "<p>不知道李宗恩博士对西安的“穷人的大夫武耀成”（针灸师？）有没有了解，最近他的微信同名公众号发了采访个视频</p>\n<p><a href=\"https://mp.weixin.qq.com/s/BzxsFEUYbh7AdJ8N7CJ9MA\" rel=\"nofollow ugc\">https://mp.weixin.qq.com/s/BzxsFEUYbh7AdJ8N7CJ9MA</a></p>\n<p>（因为和中医相关就留言了，希望不会浪费您的时间）</p>\n<p>“首先我给大家做个自我介绍，我叫武耀成，山东人。行医27年，免费治疗十几万人次，最少一百五十多万人次的临床经验，我愿意在这里与大家分享我20多年来的行医经历和过程……”</p>\n<p>“他开设“穷人门诊”行医20年来，自愿放弃收取的合理治疗费用早已超过百万元；他免费提供诊治服务的远不止五万余名患者。即使在公益医疗服务普及发达的今天，这依然是一组让无法轻易漠视的数字。而且这个数字，还在随武耀成大爱善举的继续，在不断叠加累积。”</p>",
      "level": 0,
      "highlight": false,
      "children": [
        {
          "id": "7767957168d0a5c1900dc1c75344cc94",
          "author": "李宗恩",
          "time": "2023年06月05日 16:36",
          "content": "<p>不清楚。</p>",
          "level": 1,
          "highlight": true,
          "children": []
        },
        {
          "id": "56be04e5d32fef8d7d62195e90fe748b",
          "author": "听明",
          "time": "2023年10月21日 18:40",
          "content": "<p>他实力不够，只是通治病的方法，会有很多治不好的不说</p>",
          "level": 1,
          "highlight": false,
          "children": []
        }
      ]
    },
    {
      "id": "05cf5b126aa6cdf4b03931a6de4b69d8",
      "author": "lovezhongyi",
      "time": "2023年06月05日 19:49",
      "content": "<p>李老师，对于碰撞急性肌肉拉伤这一块，倪老师好像没有专门提过生理病理方面。有没有比较通用的方剂？正常人一般三天能恢复吗？我使用了桂枝汤加白术和薏苡仁炮附子，感觉效果还不错。不知道有没有使用到麻黄加术的机会？</p>",
      "level": 0,
      "highlight": false,
      "children": [
        {
          "id": "d670b5950aa3e7b9f956083e0fbab3a5",
          "author": "李宗恩",
          "time": "2023年06月05日 22:05",
          "content": "<p>我不確定你使用這樣中藥組合的用意。</p>",
          "level": 1,
          "highlight": true,
          "children": []
        }
      ]
    },
    {
      "id": "a2a133a90ec0b21c7f7cad8b0687a795",
      "author": "李小龙",
      "time": "2023年06月06日 06:09",
      "content": "<p>李医生您好，谢育和医生在此名单中吗？他是在成都正安中医吗？</p>",
      "level": 0,
      "highlight": false,
      "children": [
        {
          "id": "bc84a7085cc7c2a598f4edaefc5f1f7f",
          "author": "李宗恩",
          "time": "2023年06月06日 09:19",
          "content": "<p>謝育和中醫師是倪老師學生。以後不要問這類問題，文章中講得很清楚，重點不在是不是倪老師學生，而是病人得自己研究一位中醫師的臨床功力如何。</p>",
          "level": 1,
          "highlight": true,
          "children": [
            {
              "id": "d3cf22233cfa0b4df5c8e0ba85a1a050",
              "author": "邓文正",
              "time": "2023年06月08日 08:28",
              "content": "<p>我来替李医生回答一下，师傅领进门，修行在个人。不在乎这个人跟着谁学，在于他是否真的功底深厚，临床功力高，自己是否真的在学习专研上下了苦功夫。举个例子，某老师很牛，清北毕业。他教出来的学生难道都一样吗？不见的，一个班级再厉害也有考三本专科的，有上一本的。再厉害的老师都只是提供一个方向，关键在于自己能不能持之以恒用心学习。有些中医很喜欢说自己是中医世家，大可不必，你爷爷曾爷爷再厉害和你一点关系都没有，这玩意又不是遗传过来的，都是个人后天学习。和前人牛不牛没什么关联，只能说前人可能提供了更好的一个方向给你。</p>",
              "level": 2,
              "highlight": false,
              "children": []
            }
          ]
        }
      ]
    },
    {
      "id": "9b6847f0a7175f2fdae064c140ee4ccd",
      "author": "古道",
      "time": "2023年06月18日 07:10",
      "content": "<p>李醫師，您好：<br/>\n   想向您咨詢，是否可以找楊家蓁（雅晴） 醫師求醫。如果這個問題打擾到您，在此表示抱歉。祝好！！！</p>",
      "level": 0,
      "highlight": false,
      "children": [
        {
          "id": "6ed1a541668ca3c7fe8fc4a7d8fa7b81",
          "author": "李宗恩",
          "time": "2023年06月19日 09:36",
          "content": "<p>楊家蓁中醫定居瑞士，她的網頁為https://tcm-5-balance.ch/</p>",
          "level": 1,
          "highlight": true,
          "children": []
        }
      ]
    },
    {
      "id": "4390f73e6826583b261b285f63cc5791",
      "author": "古道",
      "time": "2023年06月19日 19:49",
      "content": "<p>謝謝李醫師的解答，其實我是想求您印證的。對您造成困擾了，抱歉！誠謝，祝好。</p>",
      "level": 0,
      "highlight": false,
      "children": []
    },
    {
      "id": "6ad4407a87e4d148f255c1000db9de57",
      "author": "找寻倪师",
      "time": "2023年06月25日 14:19",
      "content": "<p>您好，您在洛杉矶坐诊吗？我想找您瞧病</p>",
      "level": 0,
      "highlight": false,
      "children": [
        {
          "id": "f7f64f31424f4d2716bd16001f0c41cb",
          "author": "李宗恩",
          "time": "2023年06月27日 20:11",
          "content": "<p>在舊金山灣區。網頁上不是有診所資料嗎？為什麼不先仔細查看一下。</p>",
          "level": 1,
          "highlight": true,
          "children": []
        }
      ]
    },
    {
      "id": "35f3208d0e7bac60aef4acf603d3f8d4",
      "author": "墨迪",
      "time": "2023年06月28日 03:18",
      "content": "<p>尊敬的李宗恩老师您好，最近有人传言倪海厦老师的个人网站是被岛国某人管理的，而且说今年就到期后就没人续费了，将关停。<br/>\n这样的信息，我本人是不信的，也没有任何实际依据。<br/>\n这样重要的网站，以及寄托了广大中医爱好者情绪和心声的平台不会交给外人，更不会没人管，没人续费。<br/>\n希望可以您这里找到答案，不知道是不是依旧有人在管理，到期后是否有人续费。<br/>\n在此，感谢您百忙之中抽出时间给以回复，仅给广大倪粉的情绪一点安慰，也让更多人了解中医，认识本质，求真务实。</p>",
      "level": 0,
      "highlight": false,
      "children": [
        {
          "id": "aefa06ab4903976d97c9de88ad1bb000",
          "author": "李宗恩",
          "time": "2023年06月28日 17:08",
          "content": "<p>倪海廈老師舊網頁是www.hantang.com，一直由原本診所總管李大叔Jack保持原貌，並沒有計劃停止或改變，其它網頁都不是倪老師的舊網頁，而是他人增設的。</p>",
          "level": 1,
          "highlight": true,
          "children": [
            {
              "id": "9a3f0f89585e29a24a7c3eb24487e702",
              "author": "墨迪",
              "time": "2023年06月28日 17:14",
              "content": "<p>嗯嗯，感谢老师的回复解答，您的网站也是有缘从倪师网站里看到的，感恩回复，愿中医惠及天下！</p>",
              "level": 2,
              "highlight": false,
              "children": []
            }
          ]
        }
      ]
    },
    {
      "id": "73b7e754a040d36bcbdcb30808661f02",
      "author": "crane",
      "time": "2023年06月28日 05:59",
      "content": "<p>李老师您好，我是一名大陆患者，腹胀一直不好，您能否给我推荐一位医生给我。</p>",
      "level": 0,
      "highlight": false,
      "children": [
        {
          "id": "f33de1993b901c0cca415b4e0aec3131",
          "author": "李宗恩",
          "time": "2023年06月28日 17:09",
          "content": "<p>不清楚。</p>",
          "level": 1,
          "highlight": true,
          "children": []
        }
      ]
    },
    {
      "id": "46f50eedadb874f2113de5b8cf274e3c",
      "author": "李有安（岐黄圣贤智慧平台学员）",
      "time": "2023年06月28日 20:12",
      "content": "<p>李老师真是菩萨心肠，难为了！！</p>",
      "level": 0,
      "highlight": false,
      "children": []
    },
    {
      "id": "012c72e5371b21f1599ea6fa522f046d",
      "author": "小新",
      "time": "2023年07月09日 06:54",
      "content": "<p>李教授您好，我是个普通家庭，家在河南，疫情近两年，家中接连出现家人生病，在医院已花费家中较多积蓄，在这期间有幸看了倪氏的视频，个人很是受启发，也在河南本地找了多位所谓的中医，都不理想，也是有幸看到了开封通许县人民医院在此次疫情中使用经方治病的国际新闻，也是因为倪氏的视频让我醒悟，想要看病，中医是王道，您作为倪师的亲传弟子，也很崇拜您。我想找位中医给家人看看，您方便推荐一位中医吗？您在国外，我个人经济也有限，无法过去找您，恳请您给推荐一位中医，在此对您表示衷心的感谢！</p>",
      "level": 0,
      "highlight": false,
      "children": [
        {
          "id": "c44ae3fc209c249e003d0f1f6e0a17f8",
          "author": "李宗恩",
          "time": "2023年07月09日 22:04",
          "content": "<p>既然你在河南，也看到過通許人民醫院的事蹟，你應該聽過湯英主任，你可以找她看診。</p>",
          "level": 1,
          "highlight": true,
          "children": [
            {
              "id": "c30e3585c495cf3b1ae8f26156eeea22",
              "author": "小新",
              "time": "2023年07月16日 02:48",
              "content": "<p>谢谢您！谢谢您！</p>",
              "level": 2,
              "highlight": false,
              "children": []
            }
          ]
        }
      ]
    },
    {
      "id": "8760a3d65d57fd96e0e90cd9c7c33dfb",
      "author": "国",
      "time": "2023年07月14日 02:17",
      "content": "<p>李医生您好！我是来自中国陕西的中医爱好者，也在网上学习过您和倪海厦老师的视频，现在有一个问题想问下您。我的一个同事，她的小孩现在一岁半，前几天去医院体检，做心脏B超检查出心脏房间隔缺失，大概8mm。她们最近还要到医院再复查，我同事很难过。我只看到倪师讲过瓣膜闭合不全是可以治疗的，请问房间隔缺失这种情况，中医有没有办法治疗？<br/>\n期望得到您的答复，非常感谢！</p>",
      "level": 0,
      "highlight": false,
      "children": [
        {
          "id": "516db3217c5057695cf360550c43edf4",
          "author": "李宗恩",
          "time": "2023年07月14日 11:30",
          "content": "<p>天生的心臟缺損，很難治愈，中醫可以補强，讓問題受到控制，但不可能讓心臟内部天生的破洞愈合起來。</p>",
          "level": 1,
          "highlight": true,
          "children": [
            {
              "id": "9426f044251d5f50f5d04033d231f3e8",
              "author": "国",
              "time": "2023年07月18日 18:57",
              "content": "<p>好的 ，谢谢您！</p>",
              "level": 2,
              "highlight": false,
              "children": []
            }
          ]
        }
      ]
    },
    {
      "id": "c7a42981fa31fd0654ba2f50e538f073",
      "author": "唐海淮",
      "time": "2023年07月31日 01:03",
      "content": "<p>李老师，我想学习倪老师的著作。但苦于盗版实在太多，望李老师指条明路。不胜感激！</p>",
      "level": 0,
      "highlight": false,
      "children": [
        {
          "id": "b8de0ecfb525bf28348d79e40028d8fb",
          "author": "李宗恩",
          "time": "2023年07月31日 21:24",
          "content": "<p>正版已經絕版了。</p>",
          "level": 1,
          "highlight": true,
          "children": []
        }
      ]
    },
    {
      "id": "68c2c3d6c0b2842ee9303b1d881db6c6",
      "author": "Leon Chan",
      "time": "2023年08月07日 22:45",
      "content": "<p>請問香港有倪師的學生嗎？有開診所嗎？</p>",
      "level": 0,
      "highlight": false,
      "children": [
        {
          "id": "c434e710da9c54ed71f3a8f18ce7908d",
          "author": "李宗恩",
          "time": "2023年08月08日 22:23",
          "content": "<p>文章中已經說過，倪老師的學生不一定有良好的臨床功力，一個藥方五六十味藥的大有人在。所以，不要再問這樣的問題，病人得自己深入了解各個中醫師的臨床療效。</p>",
          "level": 1,
          "highlight": true,
          "children": []
        }
      ]
    },
    {
      "id": "27351b25ea80abbf0e9cfe3d1ba4f34f",
      "author": "MJay",
      "time": "2023年09月06日 20:56",
      "content": "<p>李医师您好，我爸皮肤糜烂大半年，国内各种专科医院都查过，查不出原因。我们在广东深圳，请问深圳这家汉唐中医是真的吗？我看网站也好久没更新了</p>",
      "level": 0,
      "highlight": false,
      "children": [
        {
          "id": "e8ab942662cc1b2fbb6851b7df9e0dc2",
          "author": "李宗恩",
          "time": "2023年09月08日 09:07",
          "content": "<p>什麼叫做真的？任何人都可以把診所取名為漢唐中醫，和倪老師沒有關聯。</p>",
          "level": 1,
          "highlight": true,
          "children": []
        }
      ]
    },
    {
      "id": "af8b94253173699487828f11099b05c0",
      "author": "MJay",
      "time": "2023年09月06日 21:01",
      "content": "<p>大半年来国医、教授、赤脚医生都看过好多了，都没结果。我是一直坚持不给用激素治疗，但是皮肤问题一直没好，感觉心很累，现在已经开始尝试吃抗生素了，好怕这样下去身体都给搞虚弱了。求李医生指条明路。</p>",
      "level": 0,
      "highlight": false,
      "children": []
    },
    {
      "id": "7e86a3427a9789b9acb3cc4100e3d1a9",
      "author": "JANE",
      "time": "2023年10月13日 01:38",
      "content": "<p>我是大陆的一名大学教师，做关于图像处理方面的研究。我的小孩三岁半的时候确诊癫痫，因此我对癫痫的治疗做了很多功课，有缘看到了倪大师的关于癫痫眼诊“鸡爪纹”的视频。查找了很多中医眼珍的资料，发现中医眼诊分很多门派，每个门派“五轮八廓”的分割方法也不尽相同，但没找到关于“鸡爪纹”的相关文献。同时由于医疗检测设备的进步，中医眼珍的传承人越来越少，中医很多宝贵的东西可能会失传。目前西医没有诊断癫痫是否治愈的标准，而很多患者即使长时间没有发作，也一直惴惴不安，不知道自己是否还会发作，我孩子同样也存在这样的疑问。 因此，我非常想将倪师眼诊的“鸡爪纹”诊断方法，用计算机视觉的方法传承下来，并且造福于更多的患者。</p>\n<p>     目前存在的主要问题：一是“鸡爪纹”到底是什么样子，有没有参考的图像？ 二是 三种“鸡爪纹”代表的三种癫痫，可不可以用眼诊的“五轮八廓” 等理论（不一定是五轮八廓，不同学派有不同的分割方法）进行解释？  </p>\n<p>    非常感谢李博士花费宝贵的时间查看我的信件。 我在眼诊方面已经学习了很长一段时间，但是与癫痫“鸡爪纹”相关的材料只有倪师的视频，真的非常期望能够获得您的帮助。</p>",
      "level": 0,
      "highlight": false,
      "children": [
        {
          "id": "a00ad4b8534c05ec0796ae75f993e223",
          "author": "李宗恩",
          "time": "2023年10月16日 15:22",
          "content": "<p>雞爪紋只是其中一個症狀，中醫不是以單一症狀來診斷。另外，同一個問題，不要重複留言，你又另外寄郵件到診所詢問，這是不尊重他人時間的。</p>",
          "level": 1,
          "highlight": true,
          "children": []
        }
      ]
    },
    {
      "id": "43650f7771ee4ff3d82aec94aab5c1d5",
      "author": "OP",
      "time": "2024年01月31日 20:28",
      "content": "<p><a href=\"https://www.yensacupuncture.com/\" rel=\"nofollow ugc\">https://www.yensacupuncture.com/</a><br/>\n李医生您好我想确认这个网站这是否是严北辰医生亲自创办、维护或授权的官方在线平台呢？，希望能得到您的确认，谢谢您的时间和解答！</p>",
      "level": 0,
      "highlight": false,
      "children": [
        {
          "id": "a8b16ee4b924a3eb0c45c8208f9ab6dd",
          "author": "李宗恩",
          "time": "2024年01月31日 21:39",
          "content": "<p>我多年沒有遇到顏北辰醫生，不清楚他的現況，網頁上的照片是顏醫生。</p>",
          "level": 1,
          "highlight": true,
          "children": []
        }
      ]
    },
    {
      "id": "62cc050720f4c9b437d136ea37aeca59",
      "author": "张凤华",
      "time": "2024年11月11日 01:23",
      "content": "<p>您好，李医生，打扰了，我是大陆的一名中医爱好者，最近也在看倪老师的视频。。。感觉生在大陆，能健康的活着太不容易了。家里人有个啥病痛的，到医院根本治不好。家里有个娃娃，一岁多感冒后，鼻子就总不通气，睡觉时也都张着嘴呼吸，呼吸声也大，睡不好。在这里恳请李医生，帮看看，有没什么好的中医方法，能让娃娃舒服一点，这里若是不方便回复，麻烦您帮发到我邮箱，谢谢您啦</p>",
      "level": 0,
      "highlight": false,
      "children": [
        {
          "id": "7d15e547359583e7fbc61cfec4a91226",
          "author": "李宗恩",
          "time": "2024年11月19日 13:48",
          "content": "<p>我不在網上針對個案一一討論。</p>",
          "level": 1,
          "highlight": true,
          "children": []
        }
      ]
    },
    {
      "id": "3fb4f520a703d095a4ec66bd9d800faa",
      "author": "暖冬",
      "time": "2024年12月02日 06:45",
      "content": "<p>李医生，我女友的妹妹孪生姐妹，妹妹18岁，医院诊断出白血病，然后做完了六次化疗，医院说要做完六次，但每次做完都不见好转，还是反反复复的发烧，想找民间好中医治疗，可一直却找不到好的经方家，我也是中医的爱好者，请问哪里能找到能治愈白血病的医师吗？李医生在美国还是在大陆呢，请李医生指条明路，万分感谢</p>",
      "level": 0,
      "highlight": false,
      "children": [
        {
          "id": "51d29ffe36b4305ca96e5514281b8684",
          "author": "李宗恩",
          "time": "2024年12月10日 14:14",
          "content": "<p>同樣問題，不要重複留言。</p>",
          "level": 1,
          "highlight": true,
          "children": []
        }
      ]
    },
    {
      "id": "e999606447a1eaae6a67c67854314da2",
      "author": "Yin",
      "time": "2024年12月19日 10:21",
      "content": "<p>李醫師您好，</p>\n<p>我們一家現居住在美國西雅圖，一直很想要找一位在地的經方師幫我的孩子調養身體。我的孩子在四歲時被診斷出有甲亢後，開始吃西藥控制病情。明年初即將邁入第五年，眼看她再過不久就要進入青春期，心中難免會擔心繼續服用西藥，為影響她的發育。不知道李醫師是否有認識的經方師正好也在西雅圖地區？以上文章我已詳讀，如果能提供名單，我們再自行判斷。期待也感謝您的協助。</p>",
      "level": 0,
      "highlight": false,
      "children": [
        {
          "id": "018001a89ad303e777c64fdac55a5c55",
          "author": "李宗恩",
          "time": "2025年01月10日 10:37",
          "content": "<p>不清楚。</p>",
          "level": 1,
          "highlight": true,
          "children": []
        }
      ]
    }
  ],
  "page": 5,
  "order": 5
}