{
  "article_url": "https://andylee.pro/wp/?p=12295",
  "title": "清明的矽谷",
  "content": "<p>週五傍晚，沿著矽谷101號高速公路從診所開車回家，又是忙碌的一天、忙碌的一周，忙碌的一季。沒有期盼的夕陽與彩霞，心情卻十分欣慰，矽谷往常的堵車，也變得沒有那麼令人煩躁。</p>\n<p>一位六十歲左右的病人，被西醫檢查出一堆問題，最麻煩的可能是15mmx15mm的肝腫瘤。今天回診時，病人家屬告訴我，4月初去做醫學影像掃描時，家人在旁邊問操作儀器的醫生，肝腫瘤變大了還是變小了。那位醫生突然傻了眼，反問什麼肝腫瘤，因為他在影像上找不到肝腫瘤。那位醫生懷疑地問他們以前在哪裡做的影像掃描，結果確認前面幾次影像掃描都是在這家醫院做的，以前幾次掃瞄都搞錯的機率基本是零。換句話說，15mmx15mm的肝腫瘤，在病人服用中藥一陣子後消失了！</p>\n<p>這讓我想到自己的父親，當初在健康檢查中看到肝臟裡面有一個12mmx10mm的白色影像，被認定是肝腫瘤，西醫們二話不說，隔天就直接用化學藥物來做栓塞手術，說是燒爛進入腫瘤的血管，讓腫瘤得不到養分而凋零。栓塞手術是「成功」了，原來的腫塊大幅減小，然而，三個月後突然有一個50mm的肝腫瘤冒了出來。第二次栓塞手術，雖然副作用很多，也算「成功」了，腫瘤縮小了。可是，再三個月後，發現有一個更大、更兇猛的120mm肝腫瘤，不知道什麼時候冒了出來！這時候西醫們放棄了，除了可以幫忙使用嗎啡止痛外，其它的要家屬自己想辦法。</p>\n<p>這樣的對比下，想想如果當初家人一開始就選擇中醫治療，如果我更早跟隨倪海厦老師學習中醫，或許我父親現在還活著，至少那時候可以多活幾年，畢竟我父親那個時候的身體狀況，比這位病人剛來找我看診時好多了。</p>\n<p>另一位病人，40多歲的女士，想懷孕生小孩，試了幾次人工受孕IVF都沒有成功。今天在診間一看到我就說「出人命了」！我頭腦還沒轉過來，多問了兩句才確定病人是指自然懷孕了。還有一位遠程看診的病人，多年來卵泡有問題，無法產生正常的卵子，因而一直無法懷孕。今天遠程回診時，病人先生很高興地告訴我，四月初婦產科檢查，已經可以找到完全正常的卵子了，換句話說。往自然懷孕生子的目標近了一大步，應該很快就會有好消息。每天在診所幫助急重症病患及各種錯綜複雜的病情，雖然我盡可能和病人及家屬有說有笑，心理的壓力還是挺大的，今天穿插了兩個快樂的新生跡象，讓我心情輕鬆不少。 </p>\n<p>再順便提另外兩位和懷孕有關的病人。40多歲的女士，自己是位西醫，卻更信任中醫，常常來診所看診。昨天看診時告訴我，她先生也是西醫，兩人都很忙，一個月難得能行房一次，幾週以前正好有機會，在沒有避孕下行房。結果，沒有想到前一陣子一直服用中藥，身體變得很好，竟然一次就懷孕了！這真是讓我頭暈，病人自己是醫生，卻如此大意。40多歲的女士當然還有不小的機會懷孕，來診所尋求幫忙懷孕的病人，最多人數的年齡區間就是40到45歲。曾經有位40多歲的女士，被婦產科醫生認為即使做人工受孕也不可能懷孕成功，結果在診所治療下，不但上次成功自然懷孕生了個兒子，現在46歲了，又再度自然懷孕，再兩個月左右就要生產了。她的婦產科醫生問她生產時要不要順便做結紮手術，病人問年齡這麼大了，哪可能再第三次自然懷孕，婦產科醫生這次改變了說法，告訴她很難說，誰能想到她竟然可以連兩次自然懷孕。</p>\n<p>轉個話題，今天有一位中國大陸遠程看診的病人，年紀不大的女士，雖然有許多不同的症狀，我本來覺得應該是個簡單的病例，只需要按部就班一步一步治療就可以得到很好的改善。結果，治療一陣子後，發現病症總是起起伏伏，肚臍上方脹痛及水聲好了，就換成肚臍下方脹痛及水聲，肚臍下方脹痛好了，又換回肚臍上方脹痛。一下子肝膽區不適，一下子又脾胰區不適。在這樣混沌不明的情況下，我通常會把中藥方改得很簡單，試著了解病人對各個中藥材的反應。結果，今天病人告訴我，她各種症狀幾乎都好了，原因是她上個月換了一家中藥店買藥，我開的同一個中藥方，煮出來卻和以前完全不一樣的顏色及味道！經過討論後，我們認定她前面購買的中藥材品質有嚴重的問題，同時，她之前掉頭髮非常嚴重，是因為長期服用品質不良的中藥材，譬如薰了大量工業硫磺的藥材等等。所以，診所一直跟尋求遠程看診的病人強調，遠程看診不但中醫望聞問切的資料大幅不足，病人在當地買的中藥材是一個很大的風險變因。已經有很多經驗告訴我們，即使連同仁堂這樣的大藥店，不同分店及不同時間抓藥的品質也有很大的差異，甚至中藥店自己亂改同一味中藥材的炮製方式，譬如明明開的是白朮，同仁堂已經好幾次自作主張改成炒白朮，沒有灶心土，直接改給病人赤石脂等等，還不告訴病人！</p>\n<p>診所還有很多有教學意義及有趣的病例，只是沒有太多的時間寫文章，連答應出版社撰寫第二本書的進度都嚴重落後，主編幾次短信來詢問，讓我只好臉紅地回答「進度很慢」！</p>\n<p></p>",
  "article_time": "2023年04月08日 16:43",
  "comments": [
    {
      "id": "9dafe6348a06deb6ef2c5941eaa7acdb",
      "author": "知守",
      "time": "2023年04月08日 19:26",
      "content": "<p>李医生又更新了，好耶！（仿佛看到自己追的小说更新了）<br/>\n说起来倪师有”尿布终结者”“倪一帖““中医鬼才””the last hope“等等外号<br/>\n李医生呢？“当代张仲景”么?<br/>\n(推荐序2  当代张仲景，开创新中医  李文华)<br/>\n总之祝李医生不断精进，带给更多人希望。</p>",
      "level": 0,
      "highlight": false,
      "children": [
        {
          "id": "b6dcccab342a495b308a236365c5eddc",
          "author": "李宗恩",
          "time": "2023年04月13日 15:22",
          "content": "<p>謝謝你的支持及鼓勵。</p>",
          "level": 1,
          "highlight": true,
          "children": [
            {
              "id": "2de8cfeddafe1c4d9413ad1ac0dbc831",
              "author": "二分尘土",
              "time": "2023年04月18日 18:50",
              "content": "<p>您好李医生，我通过岐黄智慧平台找到这的，有个亲戚得了西医叫“中心性浆液性视网膜病变”的病，在上海某医院经过脉冲激光治疗后眼底黄斑区积液吸收，但视物从变形变成有白雾遮挡。请问下李医生有没有治疗过这种病？</p>",
              "level": 2,
              "highlight": false,
              "children": [
                {
                  "id": "9908334363906ea6f6ff3fb696c6e18c",
                  "author": "李宗恩",
                  "time": "2023年04月20日 09:05",
                  "content": "<p>中醫不是以西醫病名來診斷治病。</p>",
                  "level": 3,
                  "highlight": true,
                  "children": []
                }
              ]
            }
          ]
        }
      ]
    },
    {
      "id": "253ca13ecbbac656baef062a84942a57",
      "author": "Layla",
      "time": "2023年04月09日 01:31",
      "content": "<p>老师辛苦！感恩！</p>",
      "level": 0,
      "highlight": false,
      "children": [
        {
          "id": "cf107064d7167fa9a8e334b6be6487a0",
          "author": "李宗恩",
          "time": "2023年04月13日 15:22",
          "content": "<p>謝謝你的支持及鼓勵。</p>",
          "level": 1,
          "highlight": true,
          "children": [
            {
              "id": "b77f3b167e5cbc3901af8e81d3d8ec1d",
              "author": "传承",
              "time": "2023年04月19日 15:35",
              "content": "<p>你好！我是自学中医的小白，有幸认识李医师。一直在学习和研究倪师的著作，家人和我都有些问题希望李医师能给我指点一下，对此给您带来的不便敬请谅解，如能得到您的帮助万分感谢，</p>",
              "level": 2,
              "highlight": false,
              "children": [
                {
                  "id": "294e276d54df0483850dc35aeb995110",
                  "author": "李宗恩",
                  "time": "2023年04月20日 09:07",
                  "content": "<p>我不在網上針對個案一一討論，如果學習中醫時有疑問，可以在這個網頁上提問，我會盡量找時間回答。</p>",
                  "level": 3,
                  "highlight": true,
                  "children": []
                }
              ]
            }
          ]
        }
      ]
    },
    {
      "id": "ef58318f2cf591f0b24b97dd39c6021e",
      "author": "姜浩",
      "time": "2023年04月09日 03:39",
      "content": "<p>李医生，每次您的文章和案例记录无私的分享都会带给我，当然我相信不只只是我个人。而是每一个追随您和倪师的执证中医师们，还有像我们一样被传统经方中医震撼和为之着迷普通人。带给我们正确观念和认知。利在济世，功在千秋。</p>",
      "level": 0,
      "highlight": false,
      "children": [
        {
          "id": "29d84a833020a7351549c48d62574f52",
          "author": "李宗恩",
          "time": "2023年04月13日 15:22",
          "content": "<p>謝謝你的支持及鼓勵。</p>",
          "level": 1,
          "highlight": true,
          "children": []
        }
      ]
    },
    {
      "id": "46bc754293aac9312b94ee10b182e093",
      "author": "marina huang",
      "time": "2023年04月09日 11:43",
      "content": "<p>李医生，这几天听了你2015 年在硅谷开的课程，很好，<br/>\n在针灸课上，你提到你用的韩国针的牌子，但因为没有音像，没办法看到，可以告知是哪个牌子的韩国针吗？ 多谢</p>",
      "level": 0,
      "highlight": false,
      "children": [
        {
          "id": "7c44b5825e05df512c08c01a0295e1d9",
          "author": "李宗恩",
          "time": "2023年04月13日 15:22",
          "content": "<p>MAC</p>",
          "level": 1,
          "highlight": true,
          "children": []
        }
      ]
    },
    {
      "id": "440c48950207de806cec0d8c38030397",
      "author": "翁偉康",
      "time": "2023年04月09日 17:59",
      "content": "<p>有時候學習累了，看看李博士的文章也可以像看倪老師的文章一樣獲得力量，謝謝你的分享，讓我看到了原來有這麼多的人需要中醫，更有力量了，同時也為你父親感到惋惜。</p>",
      "level": 0,
      "highlight": false,
      "children": [
        {
          "id": "841648bb8f3194a7ae0058e1635d62e3",
          "author": "李宗恩",
          "time": "2023年04月13日 15:22",
          "content": "<p>謝謝你的支持及鼓勵。</p>",
          "level": 1,
          "highlight": true,
          "children": []
        }
      ]
    },
    {
      "id": "d188cb2d4c4ffeaf673b863bde0a7251",
      "author": "Yingnan",
      "time": "2023年04月09日 19:19",
      "content": "<p>推荐购买二氧化硫检测试剂，可以检测药材是否熏硫。<br/>\n一盒10块钱不到可以用好几次。淘宝拼多多都有售卖的。</p>",
      "level": 0,
      "highlight": false,
      "children": [
        {
          "id": "9bcdfec9ca9643ce834d1d6a5a3aaadf",
          "author": "李宗恩",
          "time": "2023年04月13日 15:22",
          "content": "<p>這倒是個好辦法。</p>",
          "level": 1,
          "highlight": true,
          "children": []
        }
      ]
    },
    {
      "id": "0a63bb3a9c4a472bb42155b5c5406d85",
      "author": "木子",
      "time": "2023年04月10日 19:37",
      "content": "<p>老师，您好，我今年31岁，我有蛋白尿4年了，刚开始西医一直叫我随诊，后面我开始出现脚踝水肿，我又去看西医，告诉我要肾穿，后面只能用激素治疗，如果不及时治疗，后面就会发展为尿毒症和肾衰。我很害怕，所以尝试吃中药调理，可是病情还是反反复复，并没有什么本质的改善。我在岐黄平台上看到您治疗了很多疑难杂症，我突然对我这个病抱有了希望，也因为这个病，我还没生孩子。请问老师，我这种病需要治疗多久呢？我在您预约平台上咨询了一下，现在排队还要等6-8个月，如果等那么长时间我的病情会转为尿毒症吗?</p>",
      "level": 0,
      "highlight": false,
      "children": [
        {
          "id": "aa820ec7898724bbb45818a83c11728f",
          "author": "李宗恩",
          "time": "2023年04月13日 15:29",
          "content": "<p>診所會盡量幫忙安排看診，然而有許多等候看診的急重症病患，診所和我個人時間精力有限，還是得公平地等候。另外，我不在網上針對個案一一討論。</p>",
          "level": 1,
          "highlight": true,
          "children": []
        }
      ]
    },
    {
      "id": "fada984ea197df3e483aa2c82c60c6dd",
      "author": "白栩仰",
      "time": "2023年04月10日 23:22",
      "content": "<p>李醫師您好，想請教您一個算是疑難雜症的治療思路~灰指甲；中醫的觀點肝膽主指甲，西醫的觀點是真菌感染；那從中醫的角度治療灰指甲是只需要内服藥調理肝膽還是内外兼治？感謝李醫師！</p>",
      "level": 0,
      "highlight": false,
      "children": [
        {
          "id": "9abd83b005375e000a7996ad2e774eb6",
          "author": "李宗恩",
          "time": "2023年04月13日 15:30",
          "content": "<p>得内外兼治。</p>",
          "level": 1,
          "highlight": true,
          "children": [
            {
              "id": "1364d19faee7b20193fe1b4e79cd2605",
              "author": "白栩仰",
              "time": "2023年04月16日 07:28",
              "content": "<p>網上有一些外治的偏方或者方法，比如敷艾灰，泡白醋等等;因不確定療效也不敢濫用，李醫師可否告訴一下哪些外用藥物可以有效的治療灰指甲。感謝李醫師！</p>",
              "level": 2,
              "highlight": false,
              "children": [
                {
                  "id": "0c3e00bff3452a6efd4d80b6c7ab2fea",
                  "author": "李宗恩",
                  "time": "2023年04月20日 08:59",
                  "content": "<p>灰指甲外用藥物效果有限，同時也得看個案的情況來決定外用藥物。</p>",
                  "level": 3,
                  "highlight": true,
                  "children": [
                    {
                      "id": "26bbe36d63c8aabba4b6b708f563de97",
                      "author": "白栩仰",
                      "time": "2023年04月20日 22:43",
                      "content": "<p>感謝李醫師！</p>",
                      "level": 4,
                      "highlight": false,
                      "children": []
                    }
                  ]
                }
              ]
            }
          ]
        }
      ]
    },
    {
      "id": "8b2b847c777e0e4f0d9cb4db449b2eb8",
      "author": "卢杰",
      "time": "2023年04月12日 01:54",
      "content": "<p>李医生，我是岐黄学员。您有几次讲课都有听过，当时不明白，但是在后来遇到问题，重新听您讲的课就会恍然大悟。我身体现在有疾病在学习期间很多问题不懂，所以不知道如何下药。我想知道怎么联系到您，在线上看诊得到治疗。</p>",
      "level": 0,
      "highlight": false,
      "children": [
        {
          "id": "181f4caf04d53c2763de2585bcbf6f39",
          "author": "李宗恩",
          "time": "2023年04月13日 15:31",
          "content": "<p>這個網頁上就有診所資訊，你可以查得到，info@youngQi.com</p>",
          "level": 1,
          "highlight": true,
          "children": []
        }
      ]
    },
    {
      "id": "91586e4c98f731d2f7c6a05b9117c1e8",
      "author": "跳駿",
      "time": "2023年04月12日 20:54",
      "content": "<p>李醫生您好，我想問一個問題，在十週年（二）裡面提到，每次幫人算命後就會遇到一些麻煩。是否可以理解為幫別人算命洩露天機會導致運氣變差或者會更嚴重。那行醫救人會不會反噬呢？算命跟行醫如何避免出現麻煩呢？積陰德的該如何理解？</p>",
      "level": 0,
      "highlight": false,
      "children": [
        {
          "id": "e5dcd518e4da615ef682cefaccb0e791",
          "author": "李宗恩",
          "time": "2023年04月13日 15:58",
          "content": "<p>看診和算命是不一樣的，看診是在人的層面幫助他人，算命時試圖在天的層面來偷窺或改變什麽。</p>",
          "level": 1,
          "highlight": true,
          "children": [
            {
              "id": "b4d52e3a1507835569960f8e9b9ba2ab",
              "author": "邓文正",
              "time": "2023年04月14日 17:42",
              "content": "<p>是否可以理解为，偷窥天机提前知道了答案，思路步骤，然后按照这个去帮助别人就会有一些麻烦事。但是人的角度充分发挥自己的主观能动性去主动寻找未知的答案就没有啥事，所以有算命不看病，看病不算命的说法。</p>",
              "level": 2,
              "highlight": false,
              "children": []
            }
          ]
        }
      ]
    },
    {
      "id": "85721581245cb468a3e7300fb00bb48b",
      "author": "闫中天",
      "time": "2023年04月13日 07:09",
      "content": "<p>老师，我在临床上看好多病，最后基本都落在肝脾上了，基本都是气血两虚，治疗方法当然就是健脾祛湿，清肝或者补肝血了，我这是思维进入死胡同了吗？</p>",
      "level": 0,
      "highlight": false,
      "children": [
        {
          "id": "a202736e40dc597ad7d8ac5bf3259820",
          "author": "李宗恩",
          "time": "2023年04月13日 15:59",
          "content": "<p>很多病確實和肝脾最有關係，但如果你看什麽病都只想到肝脾，那代表你走偏了。</p>",
          "level": 1,
          "highlight": true,
          "children": []
        }
      ]
    },
    {
      "id": "27f704a1ebebfca79d8bac2558f02b19",
      "author": "大陆怎么买汉唐系列药物",
      "time": "2023年04月13日 22:50",
      "content": "<p>李老师，请问怎么买汉唐系列药物？</p>",
      "level": 0,
      "highlight": false,
      "children": [
        {
          "id": "ce328c8931ca70f4df446ab49b8a3a6a",
          "author": "李宗恩",
          "time": "2023年04月20日 08:54",
          "content": "<p>漢唐系列藥物沒有得到中國政府的許可，在中國大陸買賣都屬於違法。</p>",
          "level": 1,
          "highlight": true,
          "children": []
        }
      ]
    },
    {
      "id": "f4dc8f60cb039fbaf34b7d75c7a8f7c4",
      "author": "張漢",
      "time": "2023年04月13日 23:29",
      "content": "<p>李醫師，您好<br/>\n  請問李醫師，您的《漢唐經方全球推廣網》上的發佈聯絡咨詢中的醫師，是否都可以放心去看診？<br/>\n  網站地址：https://hantang.health/wp/list/#comment-469</p>\n<p>謝謝！</p>",
      "level": 0,
      "highlight": false,
      "children": [
        {
          "id": "c943eecdbd14f736500fb2c33e930a49",
          "author": "林芳芳",
          "time": "2023年04月17日 06:32",
          "content": "<p>我也想问这个问题。</p>",
          "level": 1,
          "highlight": false,
          "children": []
        },
        {
          "id": "78df4549c51c41561d20cb415cdfb94c",
          "author": "李宗恩",
          "time": "2023年04月20日 08:56",
          "content": "<p>名單為查實倪老師學生及學生的學生，但並無法深入了解臨床看診功力，病人還是得自己考量。</p>",
          "level": 1,
          "highlight": true,
          "children": []
        }
      ]
    },
    {
      "id": "286db5808c92c09a4529e3f79fe96b64",
      "author": "邓文正",
      "time": "2023年04月14日 03:26",
      "content": "<p>李医生您好，我今年23岁,从初中一些不好的生活习惯，导致脾胃很差，，吃了两年中药大便还是没有成型，看了很多医生都说我脾胃虚弱，或者心脾两虚，但是大便一直成不了形，思维比较混沌，今年要考研了，这个状态学习比较痛苦，我很想找您看病，但是王诊好像要排队8个月，那时候研究生考试已经结束了，可否请李医生稍微指点一点该怎么办,我很难过，但是又无可奈何，医生每次都给我开的是一些去湿热的药，吃了以后没什么效果。还是依然如此</p>",
      "level": 0,
      "highlight": false,
      "children": []
    },
    {
      "id": "df77e58fc64cd773b4a1e1e7aa3fc640",
      "author": "邓文正",
      "time": "2023年04月14日 03:35",
      "content": "<p>现在我吃的药：黄连片6g 石榴皮15g 白芍15g 白头翁15g 醋延胡索15g 木香6g 苍术10g 葛根15g 秦皮15g 炒鸡内金15g 滑石20g 盐车前子15g 焦山楂15g 炒白扁豆15g<br/>\n炒麦芽15g 炒谷芽15g 酒黄芩15g   吃了大概30副  大便依然不成形。我是否需要换个中医来治疗，针对我吃了很多祛湿的药大便依然不成形，舌苔依然很厚，我应该朝哪个方向去治疗，恳请李医生指点一下。下次我遇到医生我就和他说一下我的情况:比如我可以和医生说 我的肝有问题，可能是肝胆克到了脾土，这样医生可以根据我说的朝着这个方向治疗了</p>",
      "level": 0,
      "highlight": false,
      "children": [
        {
          "id": "6b4e3e41cd2be2a740d221734f423341",
          "author": "李宗恩",
          "time": "2023年04月20日 08:56",
          "content": "<p>我不在網上針對個案一一討論。</p>",
          "level": 1,
          "highlight": true,
          "children": []
        }
      ]
    },
    {
      "id": "e356b09d431c50a27b366de056302124",
      "author": "袁丰旭",
      "time": "2023年04月14日 05:06",
      "content": "<p>李医师，我女儿现在4岁，身高只有90cm，不到11kg，我和我爱人身高也不高，能否给我女儿看看，开几副中药，让她长的高些，我看过倪老师的HT-92 增高丸，可惜不知道怎么购买，自己也没有自己开方的能力，麻烦了，李医师</p>",
      "level": 0,
      "highlight": false,
      "children": [
        {
          "id": "4ccba39019b8cee3c2558c2bd4062a76",
          "author": "李宗恩",
          "time": "2023年04月20日 08:57",
          "content": "<p>不是身高不足就服用增高丸，得去探討問題所在，不過，我不在網上真的個案一一討論。</p>",
          "level": 1,
          "highlight": true,
          "children": []
        },
        {
          "id": "df03cfc6900cb8f9ee6e224d49a88e5b",
          "author": "gordon",
          "time": "2024年01月25日 12:17",
          "content": "<p>李醫師的養兒育女專題了，提到小孩可以試試小建中湯和酸棗仁湯。 如果要去台灣代購漢唐的藥，可以去淘寶找代購的店。 我經常找的一家店“思思小屋誠信店鋪”。你可以咨詢一下有沒有你要買的藥。</p>",
          "level": 1,
          "highlight": false,
          "children": []
        }
      ]
    },
    {
      "id": "fc361c951f4a031c919b4d3f4514d450",
      "author": "Roony",
      "time": "2023年04月16日 19:00",
      "content": "<p>看了李博士的文章，再一次感受到倪師總結的：西醫看著精密實則粗糙，中醫看著粗糙實則精密。 中醫背後有強大的陰陽五行六經八綱支撐，把複雜的問題簡單化，最終實現易經之易。 西醫看到腫瘤就把它切掉穿刺栓塞，殊不知會刺激腫瘤更快的生長，就像大自然界的植物一樣，越修剪生長越旺。 有一個長輩得了乳腺癌，和倪師所總結的狀態及西醫治療的表現完全吻合，剛所表現的癥狀就是乳腺有腫塊不疼痛，後來腫塊破裂，流血無法止住也不疼痛，不影響正常生活，結果到醫院，進行西醫治療，西醫方案是二十次化療+切除。 已經過了半年，化療了五次，頭髮掉落沒有胃口腹瀉，已經影響到正常生活，從一個不影響生活的癥狀被治成生活不能自理的疾病，並且花費巨大，西醫為了掙錢就去害命，真是可惡，但是家屬的無知更是可悲。 我當時給的建議就是中藥治療，由於是遠房長輩，方案沒有被直系親屬接受。 感受到倪師到晚年棄醫轉教，去喚醒人們去認識正確的醫學道路。 就像魯迅一樣，棄醫從文，他知道中國人思想上的病是數倍嚴重於身體的病，經過倪師不懈疾呼，現在醒悟的人越來越多。 我就是其中一員，從我做起，振興中醫。 再談到中國大陸的藥材，真是一言難盡，漸漸明白倪師講的醫要管藥，我輩當自強：以上療君親之疾、下救貧賤之厄、中保身長全為己任。<br/>\n繼續向倪師、李博學習。</p>",
      "level": 0,
      "highlight": false,
      "children": [
        {
          "id": "6b2892aa53d27dc226672d8b7c4332ac",
          "author": "李宗恩",
          "time": "2023年04月20日 09:00",
          "content": "<p>謝謝你的分享。</p>",
          "level": 1,
          "highlight": true,
          "children": []
        }
      ]
    },
    {
      "id": "ed5de599cd86cccfc4a26383c15fa59e",
      "author": "大道至简",
      "time": "2023年04月17日 04:36",
      "content": "<p>李师什么时候能像倪师一样，录几个系统性的中医教学视频呢？<br/>\n李师有科技界的经历，讲课的语言可能会更容易让现代年轻人接受。<br/>\n我很期待。</p>",
      "level": 0,
      "highlight": false,
      "children": [
        {
          "id": "455af9309a304c1b32a5da1884b63e04",
          "author": "李宗恩",
          "time": "2023年04月20日 09:02",
          "content": "<p>會，那是我答應倪老師要做的事情。</p>",
          "level": 1,
          "highlight": true,
          "children": [
            {
              "id": "819936d340fe13e45b5a7dd7aa24b1b2",
              "author": "杨学锐",
              "time": "2023年04月26日 09:21",
              "content": "<p>跟诊对学习非常关键，可绝大部分人都没有跟诊您的机会。<br/>\n您能不能在病人同意的情况下，录一些完整的临床看诊视频呢。<br/>\n或者…偷偷录，等到最后的时候发出来…就像偷走爱因斯坦的大脑那样。</p>",
              "level": 2,
              "highlight": false,
              "children": [
                {
                  "id": "d7d6aabeafdbca4f17c826bb7af12942",
                  "author": "李宗恩",
                  "time": "2023年04月26日 19:25",
                  "content": "<p>不能，醫生對病人的隱私有絕對的責任，你這樣偷錄的想法是很不對的。</p>",
                  "level": 3,
                  "highlight": true,
                  "children": []
                },
                {
                  "id": "78ba0b11a8f1a6dc4b46878bc2bf66e7",
                  "author": "ieitZYB",
                  "time": "2023年04月27日 12:40",
                  "content": "<p>感觉我们大陆的知识产权、隐私相关法律教育很不够，人发群众意识很弱。</p>",
                  "level": 3,
                  "highlight": false,
                  "children": [
                    {
                      "id": "bede86b4e9df388b417d844045743603",
                      "author": "ieitZYB",
                      "time": "2023年04月27日 12:41",
                      "content": "<p>…人民群众…</p>",
                      "level": 4,
                      "highlight": false,
                      "children": []
                    }
                  ]
                },
                {
                  "id": "f415656cae675a4cac2779d800e4a684",
                  "author": "刘海龙",
                  "time": "2023年06月16日 20:58",
                  "content": "<p>偷偷录肯定有问题，是对别人最大的不尊重</p>",
                  "level": 3,
                  "highlight": false,
                  "children": []
                },
                {
                  "id": "c1c3cf930cc3dc66c4bb0f26de7686b1",
                  "author": "黄子聪",
                  "time": "2024年01月07日 01:34",
                  "content": "<p>这种视频真的是极其珍贵，我也很期待！但偷偷录肯定是不行的！</p>",
                  "level": 3,
                  "highlight": false,
                  "children": []
                }
              ]
            }
          ]
        }
      ]
    },
    {
      "id": "c04a1713490c7dd70b72b0e3181e2ea6",
      "author": "林芳芳",
      "time": "2023年04月17日 06:08",
      "content": "<p>李医师您好，请问王建成医师是您的学生吗？能否找他问诊，想听听您的意见。</p>",
      "level": 0,
      "highlight": false,
      "children": [
        {
          "id": "f322db87c1c6aa7bb24b8f97133d4ff1",
          "author": "李宗恩",
          "time": "2023年04月20日 09:02",
          "content": "<p>是的，他來過我診所跟診過一段時間。</p>",
          "level": 1,
          "highlight": true,
          "children": []
        }
      ]
    },
    {
      "id": "01503d5e2a4e5b81c11ea8b4d0d9cf88",
      "author": "李雅燊",
      "time": "2023年04月17日 19:37",
      "content": "<p>哔哩07年对线马云史玉柱视频过来，没想到博客真的能打开，还是激动！感恩~</p>",
      "level": 0,
      "highlight": false,
      "children": []
    },
    {
      "id": "fcea1e95ce505e6b2f9b71a67dbfe0a5",
      "author": "罗南",
      "time": "2023年04月19日 18:23",
      "content": "<p>李医师您好 最近这段时间一直流感不断 好多小学生都发烧 呕吐 拉肚子 咳嗽 甚至有腿疼的现象 期待您直播讲课时能讲讲这个甲流的治疗用药思路</p>",
      "level": 0,
      "highlight": false,
      "children": [
        {
          "id": "fbb68d3ace452184f4e7e54197dbef99",
          "author": "李宗恩",
          "time": "2023年04月20日 09:07",
          "content": "<p>可以回去聼外感的教學討論，一樣的思路。</p>",
          "level": 1,
          "highlight": true,
          "children": []
        }
      ]
    },
    {
      "id": "a7cf7d21b19002213977f5c800deb642",
      "author": "樊谦",
      "time": "2023年04月20日 12:15",
      "content": "<p>老师好，李感谢老师分享案例，吾辈将努力学习！</p>",
      "level": 0,
      "highlight": false,
      "children": []
    },
    {
      "id": "d776f6156f3da249cba8b602559ebf77",
      "author": "传承",
      "time": "2023年04月20日 02:27",
      "content": "<p>请问李老师汉唐全套dvd加课程多少人民币？</p>",
      "level": 0,
      "highlight": false,
      "children": [
        {
          "id": "67d1bf9157277897dd13deaf0836f79f",
          "author": "李宗恩",
          "time": "2023年04月20日 09:08",
          "content": "<p>應該已經絕版，倪老師在世時，美國售價為六千美金。</p>",
          "level": 1,
          "highlight": true,
          "children": []
        }
      ]
    },
    {
      "id": "50ce06c1bbaa4adc056578f778e60066",
      "author": "李雅燊",
      "time": "2023年04月23日 19:17",
      "content": "<p>感恩今生听到倪老师的课，感恩找到李老师的博客，化解了我所有的精神内耗，且找到了人生目标，现在从未有过的喜悦。现在在岐黄圣贤听倪老师的课，每天都很充实且觉得活着很美好。我很感激倪老师，也感谢李老师，给我这种普通的小小只注入了大大的力量！</p>",
      "level": 0,
      "highlight": false,
      "children": [
        {
          "id": "e61b117a6c94af299e6bdd9ed0ab9e3d",
          "author": "李宗恩",
          "time": "2023年04月25日 19:09",
          "content": "<p>謝謝你的支持及鼓勵。</p>",
          "level": 1,
          "highlight": true,
          "children": []
        }
      ]
    },
    {
      "id": "3e758cefc4781a20d3bdf814ce23a014",
      "author": "周洁",
      "time": "2023年04月27日 03:50",
      "content": "<p>李医师您好！我想向您求证一下，湖南娄底的李较利医师是不是倪师正统徒弟，期盼能够回复。</p>",
      "level": 0,
      "highlight": false,
      "children": [
        {
          "id": "2061956fe158f738e1b1762ff4b9b8b4",
          "author": "李宗恩",
          "time": "2023年04月27日 14:54",
          "content": "<p>我沒聽説過。同樣的問題，不要重複提問。</p>",
          "level": 1,
          "highlight": true,
          "children": []
        }
      ]
    },
    {
      "id": "384fc7854207f7a6fb6f2e7f12f78683",
      "author": "传世",
      "time": "2023年05月02日 06:35",
      "content": "<p>很想能得到倪师的正版视频但是我不知道以前倪师的视频售卖的价格是多少人民币！烦请李医师给说一下！谢谢</p>",
      "level": 0,
      "highlight": false,
      "children": [
        {
          "id": "d3d8af9986aa0f93fec15582bf4bda51",
          "author": "李宗恩",
          "time": "2023年05月03日 10:43",
          "content": "<p>以前在美國的售價是六千美金。</p>",
          "level": 1,
          "highlight": true,
          "children": []
        }
      ]
    },
    {
      "id": "e335d60e2bbfd0af9684ea7b2412b12c",
      "author": "梅梅",
      "time": "2023年05月19日 05:16",
      "content": "<p>李老师，您好，我丈夫是肝肾综合症，我没有条件去美国，我想请您给远程诊治，但是我不知道怎么联系您，急需您的帮助。</p>",
      "level": 0,
      "highlight": false,
      "children": [
        {
          "id": "8821b3b44ac2c798d9f0b521763cf09b",
          "author": "李宗恩",
          "time": "2023年05月19日 15:33",
          "content": "<p>請聯絡診所info@youngQi.com，不過，遠程看診得等候許久。</p>",
          "level": 1,
          "highlight": true,
          "children": []
        }
      ]
    },
    {
      "id": "7bb4cde2bf2021477a9f3daee64712f1",
      "author": "空空如也",
      "time": "2023年06月18日 05:56",
      "content": "<p>李医生 加油等你第二本书。</p>",
      "level": 0,
      "highlight": false,
      "children": [
        {
          "id": "8b5e6dc766a7e4657072518df5aa980c",
          "author": "李宗恩",
          "time": "2023年06月19日 09:35",
          "content": "<p>謝謝你的支持及鼓勵。</p>",
          "level": 1,
          "highlight": true,
          "children": []
        }
      ]
    },
    {
      "id": "e303bb8fa638fedadd7f67205bc32a60",
      "author": "余路恒",
      "time": "2023年06月19日 03:58",
      "content": "<p>李医生，我想跟着有医术医德的老师学习中医，请问在国内有推荐的老师吗，我已经看完了倪先生的针灸篇了，虽然说是盗版的但还是想跟着老师学习一下毕竟我没有老师来兜底，我也无法知道自己是否选穴开方有没有用，麻烦了</p>",
      "level": 0,
      "highlight": false,
      "children": [
        {
          "id": "37a610927946bdb32a41b69f53687a61",
          "author": "李宗恩",
          "time": "2023年06月20日 14:16",
          "content": "<p>不清楚。</p>",
          "level": 1,
          "highlight": true,
          "children": []
        }
      ]
    },
    {
      "id": "6217040fc48defd919f13df09b887689",
      "author": "abcdefg",
      "time": "2023年08月02日 22:47",
      "content": "<p>李医师您好<br/>\n我想问问肝囊肿的病人大概由您接手了多久，如果线下去您的诊所预约就诊需要等待多久</p>",
      "level": 0,
      "highlight": false,
      "children": [
        {
          "id": "6a07c48b910fe118d50ebd949861bed4",
          "author": "李宗恩",
          "time": "2023年08月03日 10:44",
          "content": "<p>看診事宜，請聯絡診所info@youngQi.com。</p>",
          "level": 1,
          "highlight": true,
          "children": []
        },
        {
          "id": "a03f587ca89fabb53ef1370d9aa6adfd",
          "author": "gordon",
          "time": "2024年01月25日 12:30",
          "content": "<p>肝囊腫不要太關注，我把十幾年前帶他去西醫體檢，檢查出來肝囊腫，以前也沒有什麽概念，不知道有什麽危害。現在還是沒有問題。 一定不要西醫動手術去刺激它。</p>",
          "level": 1,
          "highlight": false,
          "children": []
        }
      ]
    },
    {
      "id": "b1ed669f3f67f33c4f7710f7c8ed4de2",
      "author": "踏雪无痕",
      "time": "2023年08月05日 23:52",
      "content": "<p>辛苦了  老师！</p>",
      "level": 0,
      "highlight": false,
      "children": [
        {
          "id": "2adc3c78dfa67f45c829825338a50c14",
          "author": "李宗恩",
          "time": "2023年08月06日 17:45",
          "content": "<p>謝謝你的支持及鼓勵。</p>",
          "level": 1,
          "highlight": true,
          "children": []
        }
      ]
    },
    {
      "id": "a07ae963bff2952c56921b2692e7422f",
      "author": "曉",
      "time": "2023年09月08日 04:20",
      "content": "<p>我是一名學生，最初接觸到倪老師是由於做研究涉及到一點《黃帝內經》，由於完全沒有醫學基礎就開始搜索相關課程，起初只覺得這位長者幽默風趣又犀利透徹，後來漸漸覺得是一個古老深奧的世界朝我打開了一道縫隙，怎麼能不聽呢，於是從本科慢慢聽到了博士階段，在這期間又陸續聽了李醫師的直播和中工會課程錄音，更多時候以門外漢聽聽看的輕鬆心態來學習，這些內容反倒在不知不覺中成了我的避難所，壓力大到不行的時候就聽個半小時，又能打起精神繼續做事。家人也在我頻繁聽課的行為中受到了潛移默化的影響。今年母親確診甲狀腺癌，出乎我意料，她並沒有太慌張，而是先去了解中醫治療甲狀腺癌的情況，甚至要求我搜搜李醫師網站上有沒有相關討論，這些內容讓她收到了非常正向的鼓勵，之後就是抗住其他長輩壓力，果斷拒絕了甲狀腺全切手術轉向求助中醫，現在她情況穩定生活正常，總在和她的朋友們強調中醫保住了她的甲狀腺，爸媽給的器官不能亂切。<br/>\n今年年初我給學校圖書館寫郵件，薦購《當張仲景遇上斯坦福》，進入到秋天，9月6日圖書館忽然發郵件來說薦購的圖書已經編號上架可以借閱了，我感到很開心，雖然不知道未來會有多少人借閱，但它起碼是一個火種，有希望讓更多人了解到正統醫學可以做到什麼程度，在面對加諸到人身上的各種療法時能多一些思考的角度。期待李醫師的下一本著作，期待看到更多人被療救的故事，更期待李醫師分享更多治療的思路和考量，那都是無量功德，不知在什麼時候就幫助到了迷惘的人。</p>",
      "level": 0,
      "highlight": false,
      "children": [
        {
          "id": "f370855eb9e304ed4e60dc65482eb0cf",
          "author": "李宗恩",
          "time": "2023年09月08日 12:07",
          "content": "<p>謝謝你的分享及支持！</p>",
          "level": 1,
          "highlight": true,
          "children": []
        }
      ]
    },
    {
      "id": "ca1bb411e60fd194e1c1c3646f429d19",
      "author": "古",
      "time": "2023年12月16日 21:28",
      "content": "<p>李医生您好<br/>\n医生治病用药，药物有问题，肯定无法建全功。能买到的药材质量也不像合成药物那样可控稳定，可能医生开方思路是对的，劣质药材却把人弄偏了，最后怪到中医上，觉得是骗子。而国内电视剧关于中医，都是奇怪和离谱的药物去治疗疾病，似乎正常药方都不用开，就是偏方治大病。<br/>\n冒昧问一句，您后面有进行收徒传承，广开枝叶的打算吗？带点私心，希望中医更多的能由说写汉字的人去传承啊。</p>",
      "level": 0,
      "highlight": false,
      "children": [
        {
          "id": "b5f5754856cbbf0cffa21dfbad036816",
          "author": "李宗恩",
          "time": "2023年12月19日 09:07",
          "content": "<p>未來會正式傳承教學。</p>",
          "level": 1,
          "highlight": true,
          "children": []
        }
      ]
    },
    {
      "id": "2934db902cf05e2c4b37a90517e11ded",
      "author": "暗香疏影",
      "time": "2024年03月19日 20:27",
      "content": "<p>令尊培养了一位优秀的多方位人才，用最后的生命换取了正统中医的崛起，同时让它在世界各地开花结果，造福众生，所以李博士您不要悲伤，老人家就是菩萨再来！（合十）</p>",
      "level": 0,
      "highlight": false,
      "children": []
    }
  ],
  "page": 5,
  "order": 9
}