{
  "article_url": "https://andylee.pro/wp/?p=2758",
  "title": "暢銷書「當孔子遇上哈佛」作者李克明先生 灣區演講",
  "content": "<p><a href=\"http://www.yuanta.com/tw/ir01/IR0107/IR010708/\"><img alt=\"Fred\" class=\"alignnone size-full wp-image-2753\" decoding=\"async\" fetchpriority=\"high\" height=\"283\" src=\"https://andylee.pro/wp/wp-content/uploads/2015/04/Fred.jpg\" width=\"200\"/></a></p>\n<p>很榮幸地邀請到暢銷書「當孔子遇上哈佛」作者、元大創投董事長李克明先生來舊金山灣區演講。前輩李克明董事長一直是我個人的指導老師，每次回台灣必定向他請益。李董事長是哈佛大學嚴格訓練出來的法學博士及企業管理碩士（MBA），是位專精跨國商務及企業購併的國際律師，更是國際金融企業的頂級專業經理人，經歷過無數次的商場鬥智。 約十年前，李董事長因緣際會重新拾起論語孟子等等中國經典，他驚然發現，他幾十年來累積無數的商場心得與智慧，竟然早在幾千年前就被古人討論過，而這些經典書籍裡的智慧更遠遠超過他的想像，於是李董事長以他哈佛企管與法律所貫輸的邏輯思維 ，全心投入中國經典研究，也發願寫一套「當孔子遇上哈佛」書籍，計畫六部，目前已經出版了「志業職場」及「個人戰技」兩部曲，兩本書都登上台灣暢銷書排行榜。</p>\n<p><a href=\"http://www.books.com.tw/products/0010580592\"><img alt=\"getImage\" class=\"alignnone size-medium wp-image-2754\" decoding=\"async\" height=\"300\" sizes=\"(max-width: 300px) 100vw, 300px\" src=\"https://andylee.pro/wp/wp-content/uploads/2015/04/getImage-300x300.jpeg\" srcset=\"https://andylee.pro/wp/wp-content/uploads/2015/04/getImage-300x300.jpeg 300w, https://andylee.pro/wp/wp-content/uploads/2015/04/getImage-150x150.jpeg 150w, https://andylee.pro/wp/wp-content/uploads/2015/04/getImage.jpeg 348w\" width=\"300\"/></a><a href=\"http://www.books.com.tw/products/0010624056?loc=asb_001\"><img alt=\"getImage-2\" class=\"alignnone size-medium wp-image-2755\" decoding=\"async\" height=\"300\" sizes=\"(max-width: 300px) 100vw, 300px\" src=\"https://andylee.pro/wp/wp-content/uploads/2015/04/getImage-2-300x300.jpeg\" srcset=\"https://andylee.pro/wp/wp-content/uploads/2015/04/getImage-2-300x300.jpeg 300w, https://andylee.pro/wp/wp-content/uploads/2015/04/getImage-2-150x150.jpeg 150w, https://andylee.pro/wp/wp-content/uploads/2015/04/getImage-2.jpeg 348w\" width=\"300\"/></a></p>\n<p><strong>時間：</strong>2pm~4pm, 五月九日，週六<br/>\n<strong>地點：</strong>Cadence Auditorium (Building 10), 2655 Seely Avenue, San Jose, CA 95134<br/>\n<strong>主持人：</strong>李宗恩博士<br/>\n<strong>主辦：</strong>美洲中國工程師學會舊金山分會、北加州台大校友會<br/>\n<strong>講題：</strong>擁有精彩人生，憑什麼? 憑 …… 熟讀經典，活用人生考古題！</p>\n<p><strong>演講內容簡介：</strong></p>\n<p>中華文化在教人如何做人；同一套心性智慧，可以用來修身齊家，<wbr/>用來治國平天下，也可以用來競逐職場、經營事業、發財致富，<wbr/>或用來經營人生的其它任何面向。</p>\n<p>道神聖賢將他們畢生的智慧精華，寫成經典以傳後世，<wbr/>而這些經典堪稱是世界上最完整、最深入的個案教學 (Case Method) 寶庫。我們在人生中所遇到做人處事的任何問題，<wbr/>沒有不可以在經典中找到解答的。<wbr/>擅長考試得高分的人必熟讀考古題，要成功地應付人生的各項挑戰，<wbr/>要擁有精彩人生，憑什麼? 就憑熟讀經典，活用人生考古題！</p>\n<p>「當孔子遇上哈佛」<wbr/>系列書籍的作者李克明博士將以下列十二個人生所遇到的問題為例，<wbr/>輔以中西小故事，為大家在經典中找到答案！</p>\n<p>面對挑戰 該正? 該奇? 勢弱人少，如何求勝?</p>\n<p>要別人手中的魚，如何到手? 說服別人是藝術，最難之處在那?</p>\n<p>做任何事前 該先做什麼? 如何做出正確的決定?</p>\n<p>成就功業的第一課是什麼? 時勢造英雄? 還是英雄造時勢?</p>\n<p>事不如意，你怎麼辦? 人最大的敵人是誰?</p>\n<p>什麼是儒家思想下，成功的黃金律? 什麼是人一生中恒常不變的功課?</p>\n<p>聽了心得分享，您由嶄新的角度看經典，<wbr/>肯定會為經典的玄奧深邃驚豔！肯定會投身進入經典的寶庫，<wbr/>把經典當考古題，熟讀活用!</p>\n<p><strong>聯絡電話：</strong>(650) 917-2355<br/>\n<strong>「當孔子遇上哈佛」Facebook頁面：</strong><a href=\"https://www.facebook.com/Origineducation?pnref=lhc\">https://www.facebook.com/Origineducation?pnref=lhc</a></p>\n<p><a href=\"https://andylee.pro/wp/wp-content/uploads/2015/05/Screen-Shot-2015-05-06-at-10.03.31-AM.png\"><img alt=\"Screen Shot 2015-05-06 at 10.03.31 AM\" class=\"alignnone size-full wp-image-2811\" decoding=\"async\" height=\"824\" loading=\"lazy\" sizes=\"auto, (max-width: 490px) 100vw, 490px\" src=\"https://andylee.pro/wp/wp-content/uploads/2015/05/Screen-Shot-2015-05-06-at-10.03.31-AM.png\" srcset=\"https://andylee.pro/wp/wp-content/uploads/2015/05/Screen-Shot-2015-05-06-at-10.03.31-AM.png 490w, https://andylee.pro/wp/wp-content/uploads/2015/05/Screen-Shot-2015-05-06-at-10.03.31-AM-178x300.png 178w\" width=\"490\"/></a></p>",
  "article_time": "2015年04月22日 11:49",
  "comments": [
    {
      "id": "8d638c85232895f7ec6c4fe436de4ed2",
      "author": "CAT",
      "time": "2015年05月11日 10:52",
      "content": "<p>不知道這場演講有沒有錄音或是錄影？</p>",
      "level": 0,
      "highlight": false,
      "children": [
        {
          "id": "d6464c1e50ab8ec8aa9918e49d7ede03",
          "author": "andy",
          "time": "2015年05月12日 09:43",
          "content": "<p>因為版權等細節問題，沒有錄音錄影。</p>",
          "level": 1,
          "highlight": true,
          "children": []
        }
      ]
    },
    {
      "id": "789341c95f8d10bea7eeb25da394a49b",
      "author": "CAT",
      "time": "2015年08月04日 08:17",
      "content": "<p>我買到書了！我也在youtube 上找到李克明董事長在台灣為這本書作的演講。看了幾個chapter 之後其實蠻敬佩這位前輩能夠用這樣的方式把思想以及文化傳承給下一代。我們這些中文是第一語言的人沒有好好吸收這些華人文化中的精隨時在是可惜。中醫更是沒有比我們更是合的人去學習以及傳陽。</p>",
      "level": 0,
      "highlight": false,
      "children": [
        {
          "id": "97f980acb6dbfb2bf0bfdd50c158e279",
          "author": "andy",
          "time": "2015年08月06日 13:45",
          "content": "<p>雖然在台灣唸書時，國文成績很好，但是都只是為了考試而唸的，等到來美國多年以後，才重新發現中華古典文化的精深偉大，才開始真正好好的讀老子、莊子等等。這些經典，非得等到一個人經歷過一些起起伏伏、累積了一些人生閱歷後，才會真正懂得欣賞，也才會了解到自己以前的無知。</p>",
          "level": 1,
          "highlight": true,
          "children": []
        }
      ]
    }
  ],
  "page": 53,
  "order": 4
}