{
  "article_url": "https://andylee.pro/wp/?p=2815",
  "title": "FM96.1： 四歲孩子罹患抽搐，西醫無法確診，怎麼辦？",
  "content": "<!--[if lt IE 9]><script>document.createElement('audio');</script><![endif]-->\n<audio class=\"wp-audio-shortcode\" controls=\"controls\" id=\"audio-2815-1\" preload=\"none\" style=\"width: 100%;\"><source src=\"https://andylee.pro/wp/wp-content/uploads/2015/05/dr_20150421_501-534pm_34m30s_converted.mp3?_=1\" type=\"audio/mpeg\"/><a href=\"https://andylee.pro/wp/wp-content/uploads/2015/05/dr_20150421_501-534pm_34m30s_converted.mp3\">https://andylee.pro/wp/wp-content/uploads/2015/05/dr_20150421_501-534pm_34m30s_converted.mp3</a></audio>\n<p>今天正好有一名幼兒的病例，四歲的孩童，在十一個月大時第一次發病，雙腳每隔三十秒抽筋一次，時間長達三十分鐘，家長緊張的將嬰兒送往急診，抵達醫院症狀就停止了，在這之後偶爾會發作，甚至會沒有力氣可站立，於今年一月在感冒後情況更是嚴重，有類似癲癇的情形發作，手腳僵硬、眼球上翻，再次送往醫院做腦波檢查，發現左腦有不正常的放電，醫院給予抑制神經的藥物，且造成學習緩慢的副作用，醫院希望孩童住院觀察。</p>\n<p>透過＂希望之聲　＂的節目孩童的父母親連絡了我們，在看診後給予兩個星期的處方，還不到兩星期的時間接到他們的電話，他們觀察到小朋友排遺時有淡紫色糞便，這是小朋友身上有痰飲的現象，藉由糞便排出。兩星期後複診，胃口變好，排便量增加，手腳抖動頻率降低，我們將藥方中的白芍加量，服用兩星期後複診。在這兩星期後的複診，其父母訴說這兩星期只發作了一次輕微的症狀，在這治療的過程中，他停止了西藥的服用，學校的老師也反應他學習情況進步很多，我們繼續治療，情況穩定後即可停藥。</p>\n<p>這個例子由西醫的角度來看，腦部不正常電波的放電導致神經活動異常，再由中醫的角度來解釋，由於體內痰飲代謝異常，而痰飲發生部位的不同也會有不同的症狀，而痰有分為青、赤、黃、白、黑五色，曾經有位病人我使用吐法讓他將體內的痰排出，由一般白痰黃痰到綠痰，只是小朋友我們不需要用到如此激烈的手段，健脾利水的方法，將體內不該有的痰飲排出，因此排出異常顏色的糞便，同時也暫停食用乳製品，減少脾臟的負擔。</p>\n<p>案例一：張女士，四十五歲，過去半年時間，胃口好但吃東西不容易消化，在消化好轉時伴隨著白舌苔重，想請問李醫師身體出了什麼問題？</p>\n<p>目前看來是屬少腹寒濕，也會造成胃的消化異常，所以反應在後舌苔的部位，只要將寒濕問題解決消化就會好多了，而造成寒濕的原因就得就診來判斷。</p>\n<p>案例二：陳女士，於去年年底偶有感覺眼底針刺，近期右眼視力減退，視力模糊，眼科檢查後並無大礙，想請問李醫師原因為何？</p>\n<p>一眼視力突然下降的原因很多，如果眼科看不出原因通常就不會是腫瘤問題，中醫認為可能跟肝的功能失紊有關，但不致於會失去視力，真正原因還得親自就診才能了解。</p>\n<p>案例三：李女士，五十歲，正值更年期間，近期睡眠不佳，全身關節肌肉疼痛，醫生檢查不出問題根源，想請問李醫師原因為何？</p>\n<p>中醫認為肝主筋，而正值更年期的女士肝血虛損，造成臟躁或是肝血不能濡養筋絡，身體就容易有疼痛問題。</p>\n<p>案例四：林先生，一年前開始每天流清涕，西醫診斷過敏，使用鼻腔噴劑，只有使用時才緩解，停用就復發，想請問李醫師如何解決？</p>\n<p>中醫認為肺家虛弱造成鼻腔寒濕積聚，所以早起或是花粉季節等外來的治敏原一出現，就會開始鼻流清涕，找到病因對症下藥，問題就能迎刃而解。</p>\n<p><strong>（語音檔案由FM96.1電台提供，文章摘錄自語音檔案內容，部分文字略有異同，敬請見諒。）</strong></p>",
  "article_time": "2015年04月21日 15:22",
  "comments": [
    {
      "id": "950610ee77bdeeb5588217a2d5330cea",
      "author": "黄先生",
      "time": "2015年05月20日 12:47",
      "content": "<p>李医师您好，非常抱歉打扰您。经常阅读和收听您的博客和广播节目，学习到很多观察自己身体的方法，非常有益。但苦于距离太远，无法前去贵诊所就诊。我想咨询一下贵诊所可否网上看诊和付费？我儿子四岁半，近来睡到半夜一两点会翻来覆去的挠痒痒，睡得不是很好，非常烦脑。 小孩近一年都很少感冒发烧，发烧后都是朋友给推荐用的桂枝汤方，非常有效。也是朋友推荐来看您的博客后，才知道去观察自己的身体的。孩子的手撑上分布着小红点有一些，指甲看不到半月；小孩的舌尖一点黄，两眼框有点紫红色(像被打青一样，一小圈）。上幼儿园一年了，体重只长一公斤到17公斤，身高也不长103厘米，饭量一般，不是很专心；上幼儿园前的一年多里，打了十多剂预防针，两三个月就感冒发烧一次，感觉会不会是肝毒很重，之前听你们广播说过，我担心小孩打预防针后药水里的汞等有害物质，无法从体内排出，停留在肝藏里面导至小孩不专心，肝功能下降等。我生活在云南西双版纳，这边好的中医非常少，希望能通过网络看诊，帮助到孩子。</p>",
      "level": 0,
      "highlight": false,
      "children": [
        {
          "id": "8cfd3c0ddfc7c456a4bfa41e9bb03dee",
          "author": "andy",
          "time": "2015年05月20日 17:22",
          "content": "<p>你先試一試小建中湯加酸棗仁湯（1:1)，服用2～3週後告訴我有什麼改變。</p>",
          "level": 1,
          "highlight": true,
          "children": [
            {
              "id": "8707b1e62aa5800d6594698c58bafdef",
              "author": "黄先生",
              "time": "2015年05月21日 07:08",
              "content": "<p>谢谢李医师百忙中回复，我已转给朋友帮忙配药了。</p>",
              "level": 2,
              "highlight": false,
              "children": []
            }
          ]
        }
      ]
    },
    {
      "id": "8ea0b552840a0332f83343e5b315dbe9",
      "author": "黄先生",
      "time": "2015年06月20日 02:37",
      "content": "<p>李医师，端午节快乐！非常感谢您前面提供的药方，小孩连续吃了三个星期，晚上睡觉比以前好很多了。吃到后面小孩又经常说手脚痛，我问过本地医生他说可能是小孩的生长痛，这在中医有没有好的解决办法呢？前面吃的中药方如下：桂枝3克  白芍6克  甘草3克   小红枣4个  生姜3片3克左右  酸枣仁7克   知母4克   茯苓6克  川芎2克  麦芽糖20克左右，六碗煮成三碗的样子，把碴过虑了再放入麦芽糖溶入喝。连续吃下来，感觉还比较好，小孩饭量是增加一些，非常感谢。昨天按照您博客上留下的诊所地址给您寄了一些茶叶以表示感谢。</p>",
      "level": 0,
      "highlight": false,
      "children": [
        {
          "id": "21ab6faa57c36d9ed8ee76cb9fc9f1c8",
          "author": "andy",
          "time": "2015年06月22日 09:35",
          "content": "<p>你太客氣了，我只是隨手之勞而已。如果只是小孩子生長痛，同一個方會有幫助。</p>",
          "level": 1,
          "highlight": true,
          "children": []
        },
        {
          "id": "72d379cfe1565c6f85c99bc0bbd886d2",
          "author": "andy",
          "time": "2015年08月27日 15:54",
          "content": "<p>今天剛收到你寄來的茶葉，你太客氣了，謝謝你的老曼峨古樹普洱茶！</p>",
          "level": 1,
          "highlight": true,
          "children": []
        }
      ]
    },
    {
      "id": "fc0ce2855d2d1b8094454e82b6d07e77",
      "author": "黄先生",
      "time": "2015年08月31日 07:50",
      "content": "<p>李医师不客气，真的非常感谢您给的指导，小朋友现在晚上休息都比较好了。茶叶收到即好，这路程也是太慢长了。好好存放起来，茶叶容易串味，这是我家最好的熟茶。如果现在不喜欢喝茶，可以存起来，几十年都可以放越放越好的。顺便想咨询一下李医师，我儿子一直说他手脚疼，主要是脚撑和手撑面疼，手撑有点紫红色点状小片小片的环绕在撑心周围，我问过我同学，他也不知道从那方面着手思考，不知道您能否给点中医思考方面的意见？谢谢</p>",
      "level": 0,
      "highlight": false,
      "children": [
        {
          "id": "1468e1e063a68e3c99c9de051cc86455",
          "author": "andy",
          "time": "2015年09月02日 10:49",
          "content": "<p>很高興小朋友有進步。普洱茶很好喝，謝謝你特意從雲南寄來！至於你兒子的手脚疼，手掌呈現紫红色，有些特別，只憑這兩點不易推斷，不過，很可能和心陽長久無法透達四肢導致血瘀有關，這個時候，手腳並不一定會是冰冷，臨床上有病人手腳溫熱，仍然有心陽無法透達四肢的問題。</p>",
          "level": 1,
          "highlight": true,
          "children": [
            {
              "id": "b10add62c753387d49a62436def17eb4",
              "author": "黄先生",
              "time": "2015年09月18日 12:29",
              "content": "<p>李医师您好，感谢您的细心分析，小孩手脚是热的，可能像您说的小孩手脚都热乎但心阳亦无法透达四肢。我根据您上述分析告诉我朋友，他给我一个方子叫当归四逆汤，说是伤寒论里的原方，我自己按原方三分之一的比例去药店开了一付药。因为当天下午煮好吃晚饭前喝下第一碗，孩子正常，第二早上，我问他有没有感觉好点，他说不痛了，当时很意外。我又给他喝第二碗后大约到十点左右上大号，孩子告诉我他大便后有血，我便去观察情况，便后有深紫红色血样粘粘像痰一样的排出，不知道这是好是坏，问小孩是否有痛感觉，他说没有，不知道这种是不是身体内的痰湿或积液？我不知道情况，第三碗就没有给他喝了。到第二天我问他还痛吗？他说还有点痛，上大号时又有一些像昨天一样的紫红色痰液在便后出来，量比昨天少;第三天再上大号时就没有痰液出来了，问他痛不痛，他说还痛。不知道这样的情况是好是坏，也不敢给他继续喝药了，才想到再请教您。</p>",
              "level": 2,
              "highlight": false,
              "children": [
                {
                  "id": "53fd66906c20d1821b70758e3221bfe6",
                  "author": "andy",
                  "time": "2015年09月18日 12:11",
                  "content": "<p>傷寒論原文是用「兩」來計算，但是，東漢的「兩」不是現在的30克。給小孩子服用，你可以用當歸6克做基準，照比例來搭配其它藥材，9碗水煮成3碗，早晚服用1/2～1碗。大便有深紫红色黏液，有可能是本來就有內痔，或直腸大腸因大便乾硬有些傷口，雖然當歸四逆湯並非很熱，還是有可能會多少影響到內痔或直腸大腸內的傷口。如果減量幾天後大便仍有深紫红色黏液，可以把藥方減輕，改為桂枝湯，把桂枝的量增加一些，還是可以把心陽導向四肢末端。</p>",
                  "level": 3,
                  "highlight": true,
                  "children": []
                }
              ]
            }
          ]
        }
      ]
    },
    {
      "id": "fb9307569e88efe339693b6952035902",
      "author": "黄先生",
      "time": "2015年09月22日 02:07",
      "content": "<p>谢谢李医师，非常感谢。之前配的当归四逆汤剂量非常小，以当归3克做基础比率配的，隔几天我再去抓药试一下。<br/>\n想试问一下李医师，我自己有十年的脚病，用了很多膏药，草药泡脚都没有好，我是有点放弃了。我想知道这种情况的成因和后果，如能方便时回复甚是感谢。大概的情况如下：脚底板皮质粗糙白，疹子长在皮层里，用手抓后疹子就会突起水珠状，脚丫到脚根位置都有，只长在脚底板，疹子破了有皮也很快脱掉有的会重新长出来。听过您有一期广播节目，脚底板应该是肾藏在管理的，我自己觉得性功能一般，会不会是肾功能不是很好了？还有一个问题是牙齿根部形像肿一样，齿根的肉色是孱白色，偶尔会有嘴皮破上火，平时虽然不痛不痒，感觉应该是身体的某种警讯。睡眠情况一般，半夜常醒可能跟小孩睡觉的原因，大小便每天都正常，我现在每天早上六点起来走两三公里，晚上打坐半小时左右，希望改变生活方式会对这种身体情况会有改善。</p>",
      "level": 0,
      "highlight": false,
      "children": [
        {
          "id": "e9e2196d8b18d55d63c752a34b59a78e",
          "author": "andy",
          "time": "2015年09月28日 08:35",
          "content": "<p>看來你有些上熱下寒，心陽腎陽無法順暢下達腳底，上半身口腔等卻容易上火。不知道是不是和雲南當地的天候及生活飲食習慣有關？</p>",
          "level": 1,
          "highlight": true,
          "children": []
        }
      ]
    }
  ],
  "page": 53,
  "order": 5
}