{
  "article_url": "https://andylee.pro/wp/?p=2780",
  "title": "診療日誌 04/29/2015 － 生病還是得多休息",
  "content": "<p>最近有一位很熟的病人咳嗽幾個月，一直起起伏伏，沒有辦法康復。這位病人，得過乳癌，經過西醫開刀切除、放療等，身體已經改變很多，比一般人虛弱不少，就連她的西醫都警告她，如果她感冒的話，會比一般人嚴重很多，也會拖得很久。</p>\n<p>去年底，病人全家搭船出海去看鯨魚，這本來是個非常好的全家活動，只不過冬天的加州海岸非常寒冷，一旦海面上起大風，即使穿很厚的衣服，也會被吹的發冷，也因此病人感冒了。而病人的感冒發展得很快，馬上入肺家，而且從肺寒「入裡化熱」變成肺熱，咳嗽的嚴重程度，可能不比SARS輕。</p>\n<p>今年二月次來診所看診，療效反反覆覆，讓我覺得很奇怪。幾次下來，我發現了一個現象，每次看診，病人總是說：「本來好些，可是….」，譬如「可是後來又吹到冷風」、「可是上週又很忙」等等。四月開始，病人又開始咳得非常嚴重，讓我很擔心，認為肺部下方已經有肺癰的形成，不得不使用比較重的方法治療。而病人也擔心是不是有其它的問題，回去西醫檢查，X-Ray顯示病人肺部下方有片陰影，西醫很擔心，要病人做CT Scan。但是，病人因為乳癌治療過程對西醫有許多不滿及不信任，病人希望再用中藥試一試。</p>\n<p>這週來看診時，同樣的「….可是….」的對話，又再度出現。病人說「開始服用這次中藥的的頭兩三天，白天咳嗽好了很多，也幾乎沒有氣喘，可是，因為女兒這週有鋼琴表演，非常忙，後來又開始狂咳。」我聽了以後，實在很替病人難過，忍不住「嚴正提醒」病人及她先生，以病人咳嗽氣喘的情況而言，西醫極可能會要求她住院，強迫她躺在病床上，同時會不停的打IV加抗生素，不會讓她到處趴趴走。而病人這幾個月來，還是接送兩個小孩上下學、課外活動、整理家務等等，辛苦的媽媽責任每天忙碌地上演，完全不像一個病人。如此之下，身體無法得到比平時更需要的休養，導致病情起起伏伏，無法康復。</p>\n<p>矽谷的科技金錢遊戲，每天在上演。大家都把鎂光燈照在那些「前線打仗」的工程師及創業家身上，可是，我們常常忽略掉那些「後勤補給」的太太們，她們的辛勞絕不比先生們少，卻得不到相同的掌聲，而這種「過勞」，還沒有像工程師偶而在兩個專案中間可以偷閒一下，是一直24/7，直到小孩子都長大為止，而到那個時候青春健康早已不在。</p>\n<p>生病還是得多休息！</p>",
  "article_time": "2015年05月01日 11:49",
  "comments": [
    {
      "id": "7a38b158a7f1ef359db11ed64d590e5d",
      "author": "魯豆腐",
      "time": "2015年05月02日 20:07",
      "content": "<p>這讓我們知道，太多過度的掛念擔心，會導致仙丹妙藥也罔然</p>",
      "level": 0,
      "highlight": false,
      "children": []
    },
    {
      "id": "093d9f60219cbee8e9240469a5f84496",
      "author": "8020",
      "time": "2015年05月03日 21:56",
      "content": "<p>這已經是虛勞吧！調節飲食及避免勞累可使身體狀況穩定，可否配以滋陰養血或峻補先天之法來康復呢！</p>",
      "level": 0,
      "highlight": false,
      "children": [
        {
          "id": "a4659d55b89e2b592930921d89f97be4",
          "author": "andy",
          "time": "2015年05月12日 09:29",
          "content": "<p>確實得搭配一些滋補的中藥，不過得用得很輕，讓病人慢慢好轉。</p>",
          "level": 1,
          "highlight": true,
          "children": []
        }
      ]
    },
    {
      "id": "94fa9d9442ee43179f2f8db5ead3bd5d",
      "author": "Shanie",
      "time": "2015年05月10日 04:52",
      "content": "<p>老师您好，有两个问题一直困扰我多年，看过几个中医坚持吃了很多药但始终时好时坏，想在这里请教一下老师。一是大便经常稀烂，甚至像水一样，有时还能看出食物没消化，像青菜胡萝卜还能看出原来的样子。夏天更严重，像现在五月开始就像拉水一样。二是经常感到后背发冷，特别晚上平躺床上，后背连着手臂都感到冷嗖嗖，穿再多衣服盖再厚被子都无用。夏天有所缓解，但是夏天下雨天气凉点后背都感到发冷，实在难受。我现在已经有四年不吃生冷水果，雪糕冷饮等，也配合医生好好吃药，但始终不好。服药时很容易上火牙疼，或者夜里盗汗，严重时半夜要换一套睡衣。我很想调理好了备孕，之前怀过2次60天左右就自然流产了，不知道跟这两个症状是否有关，还望老师能指点一下，感激不尽。</p>",
      "level": 0,
      "highlight": false,
      "children": [
        {
          "id": "58d945fc4694f3d5e0d70b084908d939",
          "author": "andy",
          "time": "2015年05月12日 09:42",
          "content": "<p>中下焦裡寒很重，所以，不但有拉水便等，陽氣及中藥熱力無法入裡，反逆向外向上，導致上火及盜汗等。簡而言之，兩者是由關聯的。</p>",
          "level": 1,
          "highlight": true,
          "children": [
            {
              "id": "3a94c1fb4798df33ce4913a69b52a9e2",
              "author": "Shanie",
              "time": "2015年05月14日 02:35",
              "content": "<p>非常感谢老师的解答。像我这种情况艾灸腹部有帮助吗？</p>",
              "level": 2,
              "highlight": false,
              "children": [
                {
                  "id": "3dd61099aceb246e5b54db2162defbdd",
                  "author": "andy",
                  "time": "2015年05月18日 14:03",
                  "content": "<p>可以試一試，不過，小心還沒熱到中下焦，就反逆而上，造成「上火」的現象。</p>",
                  "level": 3,
                  "highlight": true,
                  "children": [
                    {
                      "id": "d6962adf646cd09a5151a38fa164eea7",
                      "author": "Shanie",
                      "time": "2015年05月18日 20:17",
                      "content": "<p>非常感谢老师的点拨。</p>",
                      "level": 4,
                      "highlight": false,
                      "children": []
                    }
                  ]
                }
              ]
            },
            {
              "id": "617c10d595a346e1839a9c83dbb57d96",
              "author": "玉泉",
              "time": "2025年04月06日 22:18",
              "content": "<p>李医师您好，请问后背发冷也是因为下焦寒造成，是否可以理解为下焦寒造成膀胱冷，所以膀胱经的升腾作用就变差，寒水就停在后背造成的后背发冷的？</p>",
              "level": 2,
              "highlight": false,
              "children": [
                {
                  "id": "3836b8661b1a56d28a6664086e636ff3",
                  "author": "李宗恩",
                  "time": "2025年04月10日 19:45",
                  "content": "<p>那只是許多可能原因之一。</p>",
                  "level": 3,
                  "highlight": true,
                  "children": []
                }
              ]
            }
          ]
        }
      ]
    },
    {
      "id": "c70d7a98d0ac31eaa9d0e358d36c5cbd",
      "author": "水木年华",
      "time": "2025年04月09日 20:21",
      "content": "<p>李医生您好！之前听过您的视频课程，其中有讲治疗阴实不需要太多的活血化瘀的药，而是需要热药，想请教下：对于肝肾阴虚并患有阴实的病人，加热药就上火失眠，医生都是以滋阴为主，但是不加热药又不能治疗阴实，这是很矛盾的问题，请问肝肾阴虚的阴实的病人该怎样用热药呢？或者按医生的说法光滋阴再加活血化瘀与攻坚药就可以了吗？谢谢！</p>",
      "level": 0,
      "highlight": false,
      "children": [
        {
          "id": "d6e6ca748475c0cf3432a808b1bf4085",
          "author": "水木年华",
          "time": "2025年04月14日 12:34",
          "content": "<p>請問李醫生，是不是我的問題很幼稚啊？</p>",
          "level": 1,
          "highlight": false,
          "children": []
        }
      ]
    }
  ],
  "page": 53,
  "order": 6,
  "filename": "data\\page53\\page53_order6_7a417dc4a3443dcfa3edbaab860c3e5a.json",
  "timestamp": 1744696377.7094145
}