{
  "article_url": "https://andylee.pro/wp/?p=2822",
  "title": "診療日誌 05/18/2015 － 放下",
  "content": "<p>這幾週來，有一位年紀將近八十的老太太，每週都由女兒陪伴來看診。這位老太太來到診所時都有說有笑，言語之間，聽得出來老太太是見過世面的人。老太太說她在上海長大，後來隨著先生跑遍世界很多地方，特別是在非洲經商十多年，飛機坐到不想再坐，去過的城市，多到現在只想留在家裡。</p>\n<p>老太太的健康問題，不外乎是年紀大的人常見到的腰背痛、睡不好等等，本來沒什麼大不了的問題。但是，醫生當久了，尤其是中醫當久了，會有一種直覺，會不知不覺地看出許多細小的端倪，我總覺得老太太有些事藏在心中，幾次看診時，我刻意多聊了一些，看看老太太會不會自己告訴我，畢竟很多事不是醫生該管的，我們得尊重病人的隱私。</p>\n<p>這週老太太又來看診，也和前幾次一樣，和我有說有笑，她還延續上次的玩笑，她說上海的女人不是都像電視裡演的那麼精明等等。看到老太太興高采烈地和我邊說明這週情況邊說笑，我忍不住了，我這次直接了當地問她：「妳是不是有件很重要的事情藏在心中，沒有告訴我，而這件事就是影響妳健康的原因？」</p>\n<p>老太太前一秒鐘有說有笑，後一秒鐘聽到我的話，馬上淚流滿面，整個人幾近崩潰，她說：「李醫生，還是被你看出來了….」。原來老太太的兒子，幾年前過世了，白髮人送黑髮人，何其難過！老太太說，剛開始時，她每天躲著哭泣，無法正常過日子，最近她已經「好很多」，現在每天念經，可以每天對著兒子的照片，平靜地述說她今天是如何過的，老太太說她還告訴兒子她來看李醫生。</p>\n<p>我深深吸了一口氣，告訴老太太，我想說些話，但是如果我說太多，請不要介意。老太太要我明講。 我告訴老太太，她沒有真的「放下」，只是換了個方式把自己再鎖到悲傷裡去。我問她，如果她和兒子的情況互換，如果是她在天上，而兒子還在人間，她會希望兒子如何過日子？她會不會希望看到兒子每天花時間對著她的照片解釋一天的生活？還是她寧可兒子花時間陪家人聊天、花時間和朋友小酌一番、花時間去山上呼吸新鮮空氣、花時間到海邊聽聽浪濤、花時間讓自己歡笑、花時間讓世界更美好…..。我希望她把兒子的相片暫時收起來，好好地過每一天，等到真的能「放下」時，再把兒子的相片拿出來。</p>\n<p>老太太畢竟是見過世面的，聽得懂我的意思，知道她兒子會希望她「放下」，會希望她每天快快樂樂地過日子。當然，人世間很多事情說得容易、做得難，或許做醫生的，每次「多管閒事」提醒她一下，能多多少少讓她「放下」一些。</p>\n<p>對往生者最好的思念，就是讓自己每天都過的很快樂、很充實。</p>\n<p> </p>",
  "article_time": "2015年05月18日 13:37",
  "comments": [
    {
      "id": "f041a7c8cde92af6e72241f3569e4640",
      "author": "RChang",
      "time": "2015年05月18日 15:02",
      "content": "<p>感動啊，醫者父母心，李醫師如是也。</p>",
      "level": 0,
      "highlight": false,
      "children": []
    },
    {
      "id": "d834487dbd2739c75aca29ab1f661ff4",
      "author": "無奈何",
      "time": "2015年05月18日 19:01",
      "content": "<p>中醫師也可以是心理輔導醫生，也就是俗說的「心病還要心藥醫」，心靈如果不打開，病怎麼也醫不好</p>",
      "level": 0,
      "highlight": false,
      "children": []
    },
    {
      "id": "87c58a8a9266705f41231965c2b4a417",
      "author": "natta",
      "time": "2015年05月20日 06:02",
      "content": "<p>若她知道現在兒子在天上過得比地球上好，必定不會再悲傷就只有高興和欣慰，人之所以怕死是對死後之世界茫然不知才會有所畏懼，若人知死後去的世界是比現在更好，就會想趕快脫離這一世不堪用的肉身，以免遭受肉體痛楚之折磨，曾有禪師問弟子：『既知生為不生之性、為何被生之所羁絆？』，既然知道身體是由永恆的靈體(如來藏)所生，為何靈體反而被困在肉身之內而不得自由？</p>",
      "level": 0,
      "highlight": false,
      "children": []
    }
  ],
  "page": 53,
  "order": 3,
  "filename": "data\\page53\\page53_order2_87c58a8a9266705f41231965c2b4a417.json"
}