{
  "article_url": "https://andylee.pro/wp/?p=9134",
  "title": "網頁同名新書《當張仲景遇上史丹佛》正式出版",
  "content": "<figure class=\"wp-block-image size-full\"><img alt=\"\" class=\"wp-image-9187\" decoding=\"async\" fetchpriority=\"high\" height=\"900\" sizes=\"(max-width: 667px) 100vw, 667px\" src=\"https://andylee.pro/wp/wp-content/uploads/2020/11/Book.jpg\" srcset=\"https://andylee.pro/wp/wp-content/uploads/2020/11/Book.jpg 667w, https://andylee.pro/wp/wp-content/uploads/2020/11/Book-222x300.jpg 222w\" width=\"667\"/></figure>\n<p></p>\n<p>感謝眾多讀者的期待，網頁同名新書<strong>《當張仲景遇上史丹佛》</strong>正式出版，台灣時間11月24日零時即可在各大網路書店預購，預購享有79折優惠，12月1日全台書店皆可直接購買，電子書12月1日開始訂購下載。各大網路書店皆列有內容簡介、目錄、各界推薦、導讀、內文節錄試閱等，各個網路書店節錄部份不全相同，讀者可以多查幾家來試閱。</p>\n<p>（中國大陸的讀者，可以在下面網頁訂購，快遞到中國各地，或者搜尋淘寶代購，已經有大陸讀者藉由這兩種方式訂購而受到書了。）</p>\n<p><strong>ISBN13 ：</strong>9789861755724<br/><strong>ISBN10：</strong>9861755721<br/><strong>EAN：</strong>9789861755724</p>\n<p><strong>網路訂購：</strong></p>\n<p>圓神書活網 <a href=\"https://www.booklife.com.tw/product-detail/05100135\">https://www.booklife.com.tw/product-detail/05100135</a></p>\n<p>（圓神與旗下的方智出版社為本書的出版社，非常感謝出版團隊的辛勞！）</p>\n<p>博客來 <a href=\"https://www.books.com.tw/products/0010876376\">https://www.books.com.tw/products/0010876376</a></p>\n<p>（全球快遞 / 台灣、港澳、新加坡、馬來西亞、菲律賓到店取貨： <img alt=\"7-11便利商店\" decoding=\"async\" src=\"https://www.kingstone.com.tw/images/icon_seven.png\" style=\"width: 30px;\"/> ）</p>\n<p>金石堂 <a href=\"https://www.kingstone.com.tw/basic/2014130475032\">https://www.kingstone.com.tw/basic/2014130475032</a></p>\n<p>（全球快遞 / 台灣到店取貨： <img alt=\"金石堂門市\" decoding=\"async\" src=\"https://www.kingstone.com.tw/images/icon_ks.png\" style=\"width: 30px;\"/> <img alt=\"全家便利商店\" decoding=\"async\" src=\"https://www.kingstone.com.tw/images/icon_family.png\" style=\"width: 30px;\"/> <img alt=\"ok便利商店\" decoding=\"async\" src=\"https://www.kingstone.com.tw/images/icon_ok.png\" style=\"width: 30px;\"/> <img alt=\"萊爾富便利商店\" decoding=\"async\" src=\"https://www.kingstone.com.tw/images/icon_hilife.png\" style=\"width: 30px;\"/> / 港澳到店取貨： <img alt=\"ok便利商店\" decoding=\"async\" src=\"https://www.kingstone.com.tw/images/icon_ok2.png\" style=\"width: 30px;\"/> <img alt=\"順豐\" decoding=\"async\" src=\"https://www.kingstone.com.tw/images/icon_sf.png\" style=\"width: 30px;\"/> <img alt=\"7-11便利商店\" decoding=\"async\" src=\"https://www.kingstone.com.tw/images/icon_seven.png\" style=\"width: 30px;\"/> ）</p>\n<p>誠品 <a href=\"https://www.eslite.com/product/1001112702681940407005\"><a href=\"https://www.eslite.com/product/1001112702681940407005?fbclid=IwAR0d6sbHhKaFlKw_9ZeZXrbUt4atveTM2ZrFh5lPM0sjPX485PHOkF8wJNI\" rel=\"noreferrer noopener\" target=\"_blank\">https://www.eslite.com/product/1001112702681940407005</a></a></p>\n<p>三民網路書局 <a href=\"https://www.sanmin.com.tw/Product/index/007923089\">https://www.sanmin.com.tw/Product/index/007923089</a></p>\n<p>momo購物網 <a href=\"https://www.momoshop.com.tw/goods/GoodsDetail.jsp?i_code=8286602\" rel=\"noreferrer noopener\" target=\"_blank\">https://www.momoshop.com.tw/goods/GoodsDetail.jsp?i_code=8286602</a></p>\n<p>TAAZE電商書城 <a href=\"https://www.taaze.tw/goods/11100923606.html\" rel=\"noreferrer noopener\" target=\"_blank\">https://www.taaze.tw/goods/11100923606.html</a></p>\n<p>灰熊愛讀書 <a href=\"https://www.iread.com.tw/ProdDetails.aspx?prodid=B000666232\" rel=\"noreferrer noopener\" target=\"_blank\">https://www.iread.com.tw/ProdDetails.aspx?prodid=B000666232</a></p>\n<p>新絲路網路書店 <a href=\"https://www.silkbook.com/book_detail.asp?goods_ser=kk0523350\" rel=\"noreferrer noopener\" target=\"_blank\">https://www.silkbook.com/book_detail.asp?goods_ser=kk0523350</a></p>\n<p>有店（馬來西亞） <a href=\"https://www.got1shop.com/goods.php?id=588297\">https://www.got1shop.com/goods.php?id=588297</a></p>\n<p>youbeli（馬來西亞）<a href=\"https://www.youbeli.com/e795b6e5bcb5e4bbb2e699afe98187e4b88ae58fb2e4b8b9e4bd9befbc9ae696b0-p-3541363.html\">https://www.youbeli.com/e795b6e5bcb5e4bbb2e699afe98187e4b88ae58fb2e4b8b9e4bd9befbc9ae696b0-p-3541363.html</a></p>\n<p><strong>電子書下載：</strong></p>\n<p>Readmoo、Kobo、Google、BookWalker、Pubu、Hyread、myBook (momo)、UDN讀書吧、Taaze讀冊、博客來、iBookstore (歐美地區)、Amazon （上架時間會晚一點）</p>\n<p>Kobo: <a href=\"https://bit.ly/2JitCJu?fbclid=IwAR3A6Q6b0VV_wwekqzgS3yz9vgrHYAtl6uYf5QGXG-7OmpKovoEmbfQdxTU\" rel=\"noreferrer noopener\" target=\"_blank\">https://bit.ly/2JitCJu</a><br/>Google: <a href=\"https://bit.ly/3678UFj?fbclid=IwAR1x79LjRUQa1nE4e77kDMHDMJlvVzaZTmhCZaDJZCs6wg8Ja0qZpreP7VE\" rel=\"noreferrer noopener\" target=\"_blank\">https://bit.ly/3678UFj</a><br/>Readmoo: <a href=\"http://moo.im/a/6foKOP?fbclid=IwAR2VPmg9M8-wMBmiQhA0rNPG7ymlQ9zKtb7mfxAzFWcRfH2sZrB063lwI8A\" rel=\"noreferrer noopener\" target=\"_blank\">http://moo.im/a/6foKOP</a><br/>博客來: <a href=\"https://bit.ly/05100135-B?fbclid=IwAR1UHTI7gY8bcxHhxsblqiI80o4k1WfGdWfXOdp9fLx9_XofQlbB0p35uQw\" rel=\"noreferrer noopener\" target=\"_blank\">https://bit.ly/05100135-B</a></p>\n<figure class=\"wp-block-image size-large\"><img alt=\"\" class=\"wp-image-9175\" decoding=\"async\" height=\"416\" sizes=\"(max-width: 1024px) 100vw, 1024px\" src=\"https://andylee.pro/wp/wp-content/uploads/2020/11/Book-Cover-1024x416.png\" srcset=\"https://andylee.pro/wp/wp-content/uploads/2020/11/Book-Cover-1024x416.png 1024w, https://andylee.pro/wp/wp-content/uploads/2020/11/Book-Cover-300x122.png 300w, https://andylee.pro/wp/wp-content/uploads/2020/11/Book-Cover-768x312.png 768w, https://andylee.pro/wp/wp-content/uploads/2020/11/Book-Cover-1536x623.png 1536w, https://andylee.pro/wp/wp-content/uploads/2020/11/Book-Cover.png 1774w\" width=\"1024\"/></figure>\n<p></p>",
  "article_time": "2020年11月22日 21:36",
  "comments": [
    {
      "id": "886ea5e721fb072aadf27c8372b5b222",
      "author": "邱健恒",
      "time": "2020年11月23日 14:36",
      "content": "<p>立馬下訂！</p>",
      "level": 0,
      "highlight": false,
      "children": []
    },
    {
      "id": "232b6305bbd3dbb981d50c11cc5b9ff5",
      "author": "hhhhy",
      "time": "2020年11月24日 18:30",
      "content": "<p>李医师您好：</p>\n<p>恭喜您的新书出炉，这个世界又添一部名著！</p>\n<p>我是一个月之前因为气短、胸闷、呼吸不畅找您看病的年轻病人。您不仅治好了我的呼吸问题，还找出其他我都没有主动说出来的症状，比如抑郁和失眠。我的这些这些症状，短的有半年，长的有七、八年，但经过几个星期的治疗，我的大病小病都好了，心情也好了。现在已经停药快一个月了，也没有任何复发的迹象，真是非常神奇！</p>\n<p>感恩节快到了，特别来此感谢李医师，祝李医师和阳气诊所越来越好！也祝李医师的新书取得巨大成功！</p>",
      "level": 0,
      "highlight": false,
      "children": [
        {
          "id": "c90ca6e28bef5593d6e759dc73b36f95",
          "author": "李宗恩",
          "time": "2020年11月25日 09:47",
          "content": "<p>謝謝你的留言，很高興知道你身體及心情都轉好！</p>",
          "level": 1,
          "highlight": true,
          "children": []
        }
      ]
    },
    {
      "id": "931b2a55295fa6f0dff9a7ca41f466ce",
      "author": "正悟",
      "time": "2020年11月27日 01:02",
      "content": "<p>大陆什么时候可以上市？<br>\n后来看了插图，有觉得大陆可能不会允许上市，因为钟南山的段落估计会被否决。真是可惜！</br></p>",
      "level": 0,
      "highlight": false,
      "children": [
        {
          "id": "8cec83698aef64ba850f3fccd8baad73",
          "author": "李宗恩",
          "time": "2020年11月27日 11:48",
          "content": "<p>目前大陸讀者可以直接和台灣網路書局訂購，全球快遞。大陸正式的簡體版正在洽談，是的，基於政治因素，一些地方得修改，即使這並非我希望看到的。</p>",
          "level": 1,
          "highlight": true,
          "children": []
        }
      ]
    },
    {
      "id": "ff1303cf0c75cbed8002e402af34a4a5",
      "author": "ieitZYB",
      "time": "2020年11月28日 03:55",
      "content": "<p>在“圓神書活網”下了个单，感受了一下，600新台币，但是支付真的不方便，感觉“回到解放前”:)</p>",
      "level": 0,
      "highlight": false,
      "children": [
        {
          "id": "e1d32c1d4e57b4f9ad15241e981f83e0",
          "author": "李宗恩",
          "time": "2020年11月28日 10:12",
          "content": "<p>中國大陸交易支付確實比台灣及歐美國家方便許多，台灣及歐美國家還停留在「信用卡」的時代。不過，支付寶、微信支付等對一個國家的金融體系存有潛在的危機，如果民營線上支付佔整體金錢交換的一大部份，又不受到政府機構的監視及管理，中央銀行將失去金融調控的機制，國際金融局勢大動盪時，可能導致國內重大金融問題。</p>",
          "level": 1,
          "highlight": true,
          "children": []
        },
        {
          "id": "48ffa331e78a71e8045dbca24ae1bc8b",
          "author": "中医学生",
          "time": "2020年11月30日 22:10",
          "content": "<p>淘宝代购12月1号今天可以买了，109顺丰到付。</p>",
          "level": 1,
          "highlight": false,
          "children": [
            {
              "id": "a57a25307cf6b50444147e2d52089ad7",
              "author": "gordon",
              "time": "2020年12月10日 07:55",
              "content": "<p>請問淘寶店名是什麼？</p>",
              "level": 2,
              "highlight": false,
              "children": []
            }
          ]
        }
      ]
    },
    {
      "id": "d8ec8e7e58ef48b4bd7c3e0bedf0cb1b",
      "author": "Oboe",
      "time": "2020年11月29日 15:58",
      "content": "<p>善哉</p>",
      "level": 0,
      "highlight": false,
      "children": []
    },
    {
      "id": "01e0d58ed99403a370d0d5a0d55ca40e",
      "author": "中医对黑色素瘤的建议",
      "time": "2020年11月30日 18:51",
      "content": "<p>李教授您好，想咨询一下，我背部有好几个黑痣，现在有两颗出现瘙痒流血症状，咱们中医对这方面是怎么看的？按照西医思路是马上切除，我一直相信倪师讲的理论，现在不相信西医那一套，我觉得是自己五脏六腑阴阳失调，脾肾阳虚严重造成的，我很想去找您看诊，但是由于路途太远，现在每天都恐惧中，您建议怎么看？网上搜索了这些案例太少！</p>",
      "level": 0,
      "highlight": false,
      "children": [
        {
          "id": "78fc95fefe7d30e673d14d929751b7c3",
          "author": "李宗恩",
          "time": "2020年12月03日 09:55",
          "content": "<p>診所看到你的來函，已經回函了。</p>",
          "level": 1,
          "highlight": true,
          "children": []
        }
      ]
    },
    {
      "id": "72023c9edacbf3990f734fb707a8596f",
      "author": "小建中汤",
      "time": "2020年12月09日 08:02",
      "content": "<p>李医师你好，一种药物有多种作用，比如厚朴在承气汤中起宽肠道的作用，在半夏厚朴汤中起开郁行气的作用，厚朴在半夏厚朴汤中有没有宽肠的作用？如果没有，是因为组方的原因导致某些药物只能发挥特定作用吗，如果有，是因为医家为了更好的解释某种病而不提及其他作用吗，本人有点笨，希望李医师能在百忙之中抽空回答，万分感谢。</p>",
      "level": 0,
      "highlight": false,
      "children": [
        {
          "id": "25026173710dcafa7a5d1dad3e411e58",
          "author": "李宗恩",
          "time": "2020年12月11日 11:48",
          "content": "<p>簡單的說，厚朴有「寬管」的作用，可以是腸道，也可以是咽喉，醫家以此特性來搭配其它藥材，來達到想要的整體功能。</p>",
          "level": 1,
          "highlight": true,
          "children": [
            {
              "id": "47f4dfbf3ca8a06ee6278415ec0e9f91",
              "author": "小柴胡",
              "time": "2021年04月22日 04:07",
              "content": "<p>李老师好，倪老师在《伤寒论》里讲栀子厚朴枳实汤时，厚朴的作用是把脾的湿来润小肠，枳实的作用是宽肠，这里应该如何理解？</p>",
              "level": 2,
              "highlight": false,
              "children": [
                {
                  "id": "5724f21af2df35221aef5ad6ceeb3a83",
                  "author": "李宗恩",
                  "time": "2021年04月27日 11:28",
                  "content": "<p>我想你沒有仔細閲讀，倪老師的意思是，厚朴治腹滿外，也有除濕的功能，但和白朮等不一樣，是把脾家的濕引入腸道。</p>",
                  "level": 3,
                  "highlight": true,
                  "children": []
                }
              ]
            }
          ]
        }
      ]
    },
    {
      "id": "0f8fc73cc5fee106246a67d5dac44a18",
      "author": "罗瑞芳",
      "time": "2020年12月09日 15:54",
      "content": "<p>恭喜李医师新书出版！我看到这个消息后立马购买了一本，因为需要代购，45天之内才能到货，哈哈哈</p>",
      "level": 0,
      "highlight": false,
      "children": [
        {
          "id": "bc489fe190b57b91bca74251f9852e8b",
          "author": "李宗恩",
          "time": "2020年12月11日 11:45",
          "content": "<p>從台灣網頁訂購郵寄，應該會快很多。</p>",
          "level": 1,
          "highlight": true,
          "children": []
        }
      ]
    },
    {
      "id": "d02dd3fe859ec84977d5106b1a27c806",
      "author": "微雨落花",
      "time": "2020年12月26日 02:39",
      "content": "<p>这几个月登陆李博网页又总是网页丢失，今天用手机登陆也是丢失了两回，好不容易进来了，进来有惊喜，李博竟然出书了，迅速的点开了几个购买链接，哪个能打开就用哪个网页购买，实在不行就淘宝代购，李博的书是必买书籍，支持李博，支持经方中医！</p>",
      "level": 0,
      "highlight": false,
      "children": []
    },
    {
      "id": "2ee20c78b1cab9a3f3f57efe86049941",
      "author": "Stephanie Chow",
      "time": "2023年05月07日 16:45",
      "content": "<p>李醫師您好，請問有考慮過把這書出英文版嗎？我自學中醫理論十餘年，常常想說服Electronic Engineering first honor 畢業的丈夫相信傳統中醫，可我不才，有心無力。後來有幸看到您的書，丈夫看了，他五體投地。我身邊一堆以英語為母語的朋友，也對傳統中醫很有興趣，但無從入手。懇請考慮《當張仲景遇上史丹佛》英文版。謝謝。</p>",
      "level": 0,
      "highlight": false,
      "children": [
        {
          "id": "6261b51622072f99a623e949157e0b47",
          "author": "李宗恩",
          "time": "2023年05月08日 21:42",
          "content": "<p>現在有ChatGPT的幫忙，可以考慮出英文版。</p>",
          "level": 1,
          "highlight": true,
          "children": []
        }
      ]
    }
  ],
  "page": 16,
  "order": 6,
  "filename": "data\\page16\\page16_order5_ff1303cf0c75cbed8002e402af34a4a5.json"
}