{
  "article_url": "https://andylee.pro/wp/?p=13555",
  "title": "問答整理",
  "content": "<p>網頁上的文章，每篇都有許多留言及問答。一位讀者很熱心，特意幫忙下載整理了目前所有的問答留言，方便其他讀者查閱。有需要的讀者們，可以使用下面的連結。詢問各類問題前，請先自行查詢，很多問題以前都已經討論過了。</p>\n<p>最新整理日期：2025 年 2 月 10 日</p>\n<p></p>\n<div class=\"wp-block-file\"><a href=\"https://andylee.pro/wp/wp-content/uploads/2025/02/問答整理2025-2-10.html\" id=\"wp-block-file--media-95385793-c08a-4e6f-99aa-37f6d205f71c\">問答整理2025-2-10</a><a aria-describedby=\"wp-block-file--media-95385793-c08a-4e6f-99aa-37f6d205f71c\" class=\"wp-block-file__button wp-element-button\" download=\"\" href=\"https://andylee.pro/wp/wp-content/uploads/2025/02/問答整理2025-2-10.html\">下載</a></div>\n<p></p>\n<p>網頁上的資料搜尋，無論文章內容或留言，也可以使用Google等搜尋網站，在想要搜尋的關鍵字前鍵入”site:andylee.pro“，如此，搜尋引擎就會在網頁所有內容中找尋關鍵字。</p>\n<p></p>\n<p>我想擺一張圖在這篇文章上，讓它看起來比較有趣。因此，趁這個機會，比較一下Meta AI和ChatGPT在製圖上的差異。第一張是Meta AI產生的，第二張是ChatGPT產生的，看來兩者對“教授顏值“有不同的認知，莞爾！</p>\n<figure class=\"wp-block-image size-full is-resized\"><a href=\"https://andylee.pro/wp/wp-content/uploads/2025/02/Meta-AI-Image.png\"><img alt=\"\" class=\"wp-image-13558\" decoding=\"async\" fetchpriority=\"high\" height=\"825\" sizes=\"(max-width: 829px) 100vw, 829px\" src=\"https://andylee.pro/wp/wp-content/uploads/2025/02/Meta-AI-Image.png\" srcset=\"https://andylee.pro/wp/wp-content/uploads/2025/02/Meta-AI-Image.png 829w, https://andylee.pro/wp/wp-content/uploads/2025/02/Meta-AI-Image-300x300.png 300w, https://andylee.pro/wp/wp-content/uploads/2025/02/Meta-AI-Image-150x150.png 150w, https://andylee.pro/wp/wp-content/uploads/2025/02/Meta-AI-Image-768x764.png 768w\" style=\"width:800px\" width=\"829\"/></a></figure>\n<figure class=\"wp-block-image size-full is-resized\"><a href=\"https://andylee.pro/wp/wp-content/uploads/2025/02/ChatGPT-AI-Image.png\"><img alt=\"\" class=\"wp-image-13559\" decoding=\"async\" height=\"674\" sizes=\"(max-width: 679px) 100vw, 679px\" src=\"https://andylee.pro/wp/wp-content/uploads/2025/02/ChatGPT-AI-Image.png\" srcset=\"https://andylee.pro/wp/wp-content/uploads/2025/02/ChatGPT-AI-Image.png 679w, https://andylee.pro/wp/wp-content/uploads/2025/02/ChatGPT-AI-Image-300x298.png 300w, https://andylee.pro/wp/wp-content/uploads/2025/02/ChatGPT-AI-Image-150x150.png 150w\" style=\"width:800px\" width=\"679\"/></a></figure>",
  "article_time": "2025年02月02日 18:56",
  "comments": [
    {
      "id": "8a539e6f204dfd617d8f822fb3f069ca",
      "author": "一壶酒",
      "time": "2025年02月02日 19:47",
      "content": "<p>真不错！有心人，点赞！</p>",
      "level": 0,
      "highlight": false,
      "children": []
    },
    {
      "id": "320b4d355ebc1c43c0dff27791c91d4e",
      "author": "jason",
      "time": "2025年02月02日 20:39",
      "content": "<p>李医师属于下面那个教授类型</p>",
      "level": 0,
      "highlight": false,
      "children": []
    },
    {
      "id": "0f0199a9e88fdfc671055d3870ae9e13",
      "author": "杨学锐",
      "time": "2025年02月03日 01:28",
      "content": "<p>以前读了留言区的问答，想重新看看时，有印象但找不到了。<br/>\n总不能厚着脸皮要李老师改进博客功能，只好把看过的问答都截图。</p>\n<p>今天使用了查询界面，真的方便了许多，非常感谢这位朋友。</p>",
      "level": 0,
      "highlight": false,
      "children": []
    },
    {
      "id": "191f2a863d94e4f9238e8c55442459df",
      "author": "TryingBest2004",
      "time": "2025年02月03日 23:46",
      "content": "<p>太好了!  現在可以查在李宗恩醫生blog留言的資料 (简体)(繁體). 謝謝!</p>",
      "level": 0,
      "highlight": false,
      "children": []
    },
    {
      "id": "385f18f9b73109ee5912300a18ea5423",
      "author": "广州恒大",
      "time": "2025年02月04日 07:04",
      "content": "<p>李医生你好，最近看到赵邵琴医生徒弟谢路写的一本书温病临证破解里面专门有一篇肿瘤癌症的，里面写到的治癌症思路跟倪师的不太一样，他认为癌症有热毒壅盛型  湿阻热郁型   多数是热入营血导致，不知道有没有参考意义，分享发出来给大家看看有没有收获的https://mp.weixin.qq.com/s/EQIObxSSQtlbtuIyL4mwpA</p>",
      "level": 0,
      "highlight": false,
      "children": [
        {
          "id": "6f1dcc2e13b6d5bf401166889df84e1b",
          "author": "李宗恩",
          "time": "2025年02月10日 14:28",
          "content": "<p>謝謝你的分享，我會仔細研究一下。</p>",
          "level": 1,
          "highlight": true,
          "children": []
        }
      ]
    },
    {
      "id": "d7eb19a6b0ed9bafd01310f6e900a75e",
      "author": "广州恒大",
      "time": "2025年02月04日 07:07",
      "content": "<p>李医生你好，最近看到赵邵琴医生徒弟谢路写的一本书温病临证破解里面专门有一篇肿瘤癌症的，里面写到的治癌症思路跟倪师的不太一样，他认为癌症有热毒壅盛型 湿阻热郁型 多数是热入营血导致，分享发出来给大家看看有没有收获的，里面甚至提到一种方法能用手掌感觉癌症的方式，给大家参考看看<br/>\n肿瘤的临床治疗与思考谢路</p>\n<p>长期以来，人们一直在杀灭癌细胞、扶正祛邪、增强人体免疫等各种途径中去寻找战胜癌症的方法与有效药物。此虽取得了很大进展，但在杀灭癌细胞的同时，也伤害了正常细胞；在“扶正”的同时也会“扶邪”，使癌细胞得到了更快的繁殖，有时会促使癌症的扩散与转移。能否在不伤害人体正常细胞，增强人体免疫及脏腑功能的同时又能战胜癌症？这是我们在临床中长期思索的问题。</p>\n<p>01</p>\n<p>一、临床观察与思考</p>\n<p>在对大量癌症患者的治疗与接触中发现，癌症患者从一两岁的孩子到八十多岁的老人，虽性别、年龄、病程、病位、体质各不相同，但临床见症中多有一些共同点。<br/>\n1.长期大便不通、不畅或不爽，此约占患者80%以上。<br/>\n其类型为：<br/>\n（1）大便干结，有的硬如羊屎一般，正如《伤寒论》中谓“胃中有燥屎五六枚也”，以枚说其硬而坚。不少是数日大便坚硬不下，并可见腹胀满不舒、口干苦、头晕、心烦、失眠、呃逆、食欲减退等症状。<br/>\n（2）大便溏滞不爽。其特点是大便数日不下或一日数下，但大便少而黏，便后仍有便意，或有下坠感，并可见身倦、头沉重、腹胀、口苦、恶心，妇女则可见白带多、月经不调等，日久还可见烦躁、梦多或失眠、黄痘、小便不畅等症状。<br/>\n（3）大便急迫。其特点是大便急不可待，有时兼有腹痛，天亮马上要去大便（有人据此误认为是五更泻），且大便时肛门有灼热感，并由此引起腹胀、便脓血、无力、消瘦等。<br/>\n2.营血分热壅盛而致瘀，以舌质红绛、紫暗、起刺、有瘀斑最为多见；兼有营血热盛扰心的见症，如心烦、急躁、梦多、失眠、胸闷痛、心悸、口干等。另有湿热郁阻，其特点是舌苔厚腻，或舌根部苔厚腻，舌质红绛紫暗，或有瘀斑；兼见湿热之症，如腹胀、大便溏滞不爽、恶心、尿浊、头晕沉、身倦无力等。<br/>\n3.治疗不可温补、滋补，临床中见到有因服有桂附之类温补致昏睡神志不清；有一肝癌病人经治疗后病症减轻，病情稳定，食欲增加，因过食涮羊肉而引起腹水。以上病人均以凉血透热，解毒通二便之法，使二便得通，营血分热毒得以外泄而使病情减轻。<br/>\n4.临床中发现，患者中有某种家族史，如其父因癌症去世，四个儿子皆患肝癌，而两个女儿无病；其母患肝癌，女儿患乳腺癌；其父患胃癌，一个儿子患胃癌，而另一个儿子患食道癌；其父母均患癌症，有两个女儿患癌症，另一个女儿尚未发现患有癌症等。<br/>\n由上述观察初步认为，长期便秘与血热是致癌的重要因素，体内血热与湿热郁阻，将会导致癌细胞的转移。温补或过食高能量的食品，会促使原本内热就很重的癌症病人的病情加重。不少常见的肿瘤有家族史，表明肿瘤有不同的遗传传递方式，但其规律尚不太清楚。</p>\n<p>02</p>\n<p>二、一个临床病例的启示</p>\n<p>1981年，曾随老师赵绍琴教授治愈北京某医院一个因病态窦房结综合征安装起搏器而引起绿脓杆菌感染，致高热数月不退案，发人深思。<br/>\n事情经过是：病人手术后，高热不退，经查为绿脓杆菌感染。当时选用最好的进口抗生素，但高热始终不退，因药费花费数额太大而引起卫生部领导的重视。<br/>\n当时中医局局长吕炳奎出面邀请赵绍琴教授前去会诊。会诊时，见其舌红绛，苔白腻，脉浮取濡软，按之弦细而数。<br/>\n辨证为湿阻气机，因过用寒凉，气机郁闭，郁热内迫深入营血，当以宣郁化湿方法，使湿化热透。药仅淡豆豉、炒山栀、苏叶梗、藿香、佩兰、半夏、木香、厚朴、槟榔、茅根、芦根等味。三剂热退。当时每剂药仅不足一元钱。<br/>\n病房医生很惊奇，有的问哪味药能杀灭绿脓杆菌？其实问题很好理解：一切病原微生物的生存、繁殖都有必要的外部环境，即适宜的温湿度、营养等。只要破坏了其必要的生存条件，或者说只要其生存条件不复存在，它就会消亡，就像恐龙从地球上消失一样。<br/>\n上述病人手术后，因体内湿热较重而致发热者，使用抗生素后又见舌苔白腻、脉象濡软时则为湿热流连于卫气之分，阻滞于三焦之中。本当微辛微温芳香宣化方法，化湿清热，宣畅三焦，令湿去热清。但因大量使用进口昂贵的抗生素，药性偏于寒凉；加重阴湿之邪，使湿不得宣化，湿热日久必增重，故湿阻热郁又会形成新的郁热。由于气机郁阻，郁热不得外泄，必内迫深入营血，而使营血分郁热增重。由于气机郁阻，内蕴营血之热，使外闭卫气之湿均无外达之路，故发热不退。<br/>\n此湿热的环境，正好可理解为绿脓杆菌最佳的生存、繁殖的外部条件。这时无论用任何抗生素都不能宣化湿热，只是使湿热加重，为绿脓杆菌创造了一个极好的生存环境，并不能杀灭它。一旦湿化热清，气机宣畅，湿热得以外达，便会热退身凉。这可以理解为破坏了绿脓杆菌的生存条件，使之自然灭亡。<br/>\n这种非直接杀灭的方法，多不为人们所注意，但却给我们一个重要启示：<br/>\n是否可以通过破坏癌细胞的生存条件，以限制其繁殖并进一步使之灭亡？为此在长期的临床实践中，笔者初步摸索出一套以凉血解毒为主，以破坏癌细胞生存条件为目的的治疗癌症的系列方药，主要有：<br/>\n凉血祛毒汤：水蛭、全蝎、穿山甲、九香虫、羚羊角等。具有凉血透热、活血祛毒外泄、解毒消肿的作用。<br/>\n抗癌止痛散：全蝎、蜈蚣、冰片等。具有消肿、抗癌、止痛作用。<br/>\n通幽散：枳实、生大黄、肉苁蓉等。具有凉血泄热、通便解毒作用。用于大便干燥者。<br/>\n在此基础上，组创了治疗肺癌、肝癌、胃癌、食道癌、乳腺癌、淋巴癌、肠癌、膀胱癌、脑瘤等系列方药，应用于临床，取得了满意的疗效。</p>\n<p>02</p>\n<p>三、癌症的基本证型、治疗与思考</p>\n<p>据笔者多年临床观察。虽痛症病人病位不同，病情多变，但以热毒壅盛与湿热蕴郁最为多见，为此将其分成两个基本证型。<br/>\n1.热毒壅盛型：<br/>\n此型热毒多壅郁于血分并兼有瘀血阻滞气机。其见症为舌质红绛紫暗、起刺，并见心烦、急躁、夜寐不宁或梦多、四末不温、大便干结、脉象弦细滑数。<br/>\n此为热毒内蕴血分，伤阴耗血，而致血瘀内热。瘀血蕴郁成毒，阻滞气机。瘀血为热所致，热因瘀血而增重。血热而瘀，是热毒壅盛的基本特征。临证所见，有因脑血栓半身不遂，久而患癌症的病例；也有先发现癌症，因治疗不力，不久又出现半身不遂者。可见癌症的病因中有血热血瘀这一因素。<br/>\n此证的治疗并非“活血化瘀”所能奏效，当凉血散血、解毒透热、消肿散结。“瘀血”为热入血分，耗伤血中之阴，使血液黏滞而成瘀（也有因瘀而致热）。其中“热”在血分，若只“活血”而不“凉血”，血虽活而热未去，将会重新致“瘀”；若只“凉血”而不祛瘀，因瘀血阻滞，气机不畅，热则清之不去，凉之不散，因而凉血散血、解毒散结、消肿止痛并用在癌症治疗中有重要意义。<br/>\n如用自拟“凉血祛毒汤”，为了便于热毒外泄，注意通导二便，以“通幽散”为主，宣畅三焦，通便解毒泄热。血热得清，热毒外泄，病情即见减轻。<br/>\n如一肝癌肺转移的病人56岁，不吃不泄，腹胀发低热，胸闷气短，口吐涎沫，病情危重，只盼在东北某大学读书的儿子一个月后放假回家能相见即已满足。临床见舌红绛紫暗、口干苦、腹胀等症，诊断为胆道感染，以“凉血祛毒汤”加消炎利胆之味，二剂后热退、便通、知饥，又以凉血祛毒汤加味，几经调理后，病人健在，时已过半年。<br/>\n凉血祛毒、通导二便，使热毒外泄之法，可理解为破坏了细胞的生存条件，控制了癌细胞的生存与繁殖；同时也恢复了脏腑功能，增强了抗病的能力。<br/>\n热毒内蕴，瘀血郁阻气机，血热多影响心、肝、肾诸脏，虽癌症中均可见到此类型，但以肺癌、肝癌、肾癌等最为多见。</p>\n<p>2.湿阻热郁型：<br/>\n此型多为湿热积滞内阻，日久迫郁热深入营血。其见症为：舌苔厚腻或仅舌根部苔垢厚而腻，舌质红绛紫暗、有瘀斑，并可兼见胸闷、腹胀、恶心、口干苦、头沉重、大便不爽等见症，脉象多弦滑细数。证属湿阻气分，气机郁阻，郁热不得外达，内迫深入营血。<br/>\n从病情发展来看，病程一般较长，使营血分郁热逐渐增重。湿阻，脾胃升降失常，食欲减退，营血郁热内耗，病人身体日渐消瘦，有时有低热见症。此时病情很快恶化，肿瘤可扩散与转移，严重威胁着病人的生命。此为气营血同病，治疗当气营血并治，宣畅中焦导滞与凉血解毒并用。始以化湿畅中导滞为主，重在宣展气机。当湿化气机宣通后，再以凉血解毒透热之法，使湿去热透，蕴郁之毒得以外泄，则可恢复脏腑功能，而达到控制癌细胞的生存与发展的目的。<br/>\n在上述两种证型的基础上，再根据病位选择一些针对性的药物，组成抗癌消肿止痛、活血凉血解毒、宣畅三焦、导滞通便、软坚散结等方剂，使热毒外透，湿毒外泄，以破坏癌细胞的生存环境，达到控制，最终逐步消灭癌细胞的目的，临床上取得了满意的效果。</p>\n<p>04</p>\n<p>四、有关癌症转移诊断的探索</p>\n<p>现代医学对癌症及其转移的诊断有血液的生化指标，影像学检查（包括X射线、放射性核素显像、CT扫描、B型超声检查、核磁共振成像检查等）及病理学检查等多种手段，但早期诊断仍然是十分困难的。<br/>\n笔者在临床中发现，肿瘤的病变部位会向外辐射出一种特殊的能量，它与正常的人体组织、脏腑的能量不同（姑且将其称为能量辐射源）。<br/>\n在长期与癌症患者接触中发现，当我们用掌靠近肿瘤病变部位时，掌心立即会感到有一股凉气从该处辐射出来，有时会从掌心直串到整个脊椎，使脊椎发凉，甚至会使全身凉得发颤，且凉气发出的辐射源可在手下感觉出它的大小、方位，边缘十分清楚。一般来说，只要有异常感觉，即表示该处有病变，若凉气刺骨，多为癌变。笔者用此诊断所发现的病例甚多，曾纠正了不少误诊的病人。<br/>\n例如有的病人因腹胀痛，医生通过胃镜检查为“浅表性胃炎”，笔者通过手感诊断为胆结石，并用中药排出了结石。东北和海南各有一病人同时来北京看病，笔者通过手感诊断出其膀胱结石和睾丸肿大等等。1987年曾在昌平诊断发现胃肿瘤多人，其中一病人，女，40岁，因腹胀、恶心、大便干结，笔者诊断其为胃癌，告她前去医院检查，三个月后病人因胃癌术后症状不减前来复诊。<br/>\n良性肿瘤一般与恶性有较明显的区别，其虽有异样感觉，但比较柔和。如北京某中学外语教师金某，女，36岁，笔者手感诊断其为子宫肌瘤，本人否认有此病，便劝她去医院检查，到医院即被收住院，切除了3cmx4.5cm的子宫肌瘤，此类病例甚多，不胜枚举。<br/>\n临床上凭手的感觉，可以发现十分微弱的变化，有的是仪器不易发现的。对癌症转移的诊断，笔者总结出如下规律：<br/>\n1.一般上部的癌肿（胸以上），若只在同侧的颈部淋巴有一个能量辐射点（用手可以准确感觉到），则表示病情尚未稳定，有淋巴转移的倾向；若没有能量辐射点，则表示病情稳定。<br/>\n2.癌症转移的规律是上部癌症首先在同侧颈淋巴有能量辐射点，中部癌症首先在同侧腋下淋巴有能量辐射点，下部癌症首先在同侧腹股沟淋巴有能量辐射点。不论癌症的病位如何，只要在一侧或两侧颈、腋下、腹股沟淋巴均有能量辐射点，则表示已经转移。若两侧均无能量辐射点，则表示病情稳定。<br/>\n3.经治疗后，若颈、腋下、腹股沟等处淋巴均无能量辐射点，则表明病情稳定且趋于好转，病人的自觉症状也很轻。<br/>\n以上结论多年来曾反复验证。</p>\n<p>05</p>\n<p>五、关于肿瘤血道转移的理解</p>\n<p>现代医学认为肿瘤的血道转移后果最为严重，在癌症死亡患者中占80%~90%。其血道转移与下列因素有关：<br/>\n1.具有浸润性的癌细胞常是侵入较大的小静脉，并可在该处形成肿瘤细胞血栓和继续增殖。当癌细胞或癌细胞脱落所形成的栓子进入血循环后，才可能在局部组织中停留下来。<br/>\n通过研究发现，癌细胞栓子首先在小动脉引起微循环紊乱(血流暂停、减慢、逆流、淤积和血清溢出等），然后由癌细胞的毒性产物或微循环障碍造成细血管小静脉内膜受损，导致癌细胞在该处附着，为癌细胞转移提供了条件。<br/>\n此时很容易用热毒内蕴，营血分热毒壅盛来解释：血分热重，则“耗血动血”。所谓“耗血”，即包括热重伤阴和伤血中的营养物质。由于热伤血中之阴液，血液浓度增大，此可引起血液流速减慢而形成淤积（即所谓血液流变学改变）；热伤阴之后的进一步发展则耗伤血中的物质，即所谓肝肾之阴，病情将十分危重。所谓“动血”，即指热灼伤血络（即小血管），且热迫血妄行，离经之血妄行，则表现为各种出血见症及发斑、瘀血等。<br/>\n不少实验证明，血凝块的形成有利于血行转移瘤的形成。由于血热引起的瘀血（微循环障碍），热邪灼伤血络为癌细胞附着繁殖提供了条件，并由此引起血道转移。<br/>\n2.关于转移癌的生长条件与土壤：肿瘤细胞进入组织后，可因得不到充分的营养而死亡。因此，转移癌的形成必须有足够的血液供应，而血热所引起的瘀血则是为癌细胞生长提供了条件。<br/>\n临证发现，内热很重的病人由于过食高能量、辛辣的食物而使病情加重。遇有肝癌病人经治疗本来病情已稳定，因吃涮羊肉而致肿瘤增大导致腹水。可见高能量与辛辣的食物多会致热而使血热增重是癌细胞繁殖转移的重要条件。经常也见到癌症病人因身体状态不好而用白蛋白导致肿瘤迅速增大并很快转移。</p>\n<p>06</p>\n<p>六、附案</p>\n<p>案一 <br/>\n王某，男，34岁，北京市郊区人<br/>\n1994年1月因右手握笔无力，过8天后右上肢不能抬起，且右侧眼球突出、胀痛，视力模糊，而于1月20日入住北京某医院，经CT检查诊断为脑垂体瘤，约为5cm×4.2cm，不宜手术，后去山东某医院求治，经进一步检查，认为不适合y刀治疗，只好求助于中医。<br/>\n1994年3月11日来诊，诊时见舌红绛起刺，脉弦细而数；头晕痛，烦躁梦多，大便干结。辨证为血热蕴毒，用凉血解毒透热方法，以凉血祛毒汤加白芷、川芎、生大黄，每日1剂，服6剂后停1～2日继服。药后大便泻下黑秽恶臭之物，精神好转，睡眠转佳，头晕痛减轻，一月后眼睛视力恢复，能逐渐看清楚很小的物体，3个月后手可以握笔写字，后逐渐恢复正常。</p>\n<p>案二 <br/>\n袁某，男，56岁，河北石家庄人<br/>\n1996年4月体检时发现肝占位变5.9cm×7.5cm，北京某医院行手术治疗，切除右叶，术后两个半月，原部位复发，肿块为3.5cm×4cm。化疗后反应太大，出现高热、便秘，胃纳不佳，且肿块增大明显，伴有少量腹水，1996年6月25日改为中医治疗。<br/>\n诊时见舌红绛，两侧紫暗有瘀斑，根部苔厚腻，脉弦滑而数，口干苦、腹胀、烦躁，夜寐不宁，大便溏滞。此为湿热积滞互阻，热郁营血，用畅中导滞方法，以导滞散加柴胡、黄芩、半夏、木香、厚朴、茵陈蒿、檀香、降香、鸡内金、龙胆草。<br/>\n服六剂后，大便通畅，舌苔渐化，后改用凉血祛毒汤合抗癌止痛散加减，半月后食欲好转，三月后腹水消失，半年后肿块缩小至2cm×1.5cm，体质增加9kg，肝功能正常，饮食、二便均正常，改为丸药继服。<br/>\n案三 <br/>\n邢某，男，72岁，河北南宫县人<br/>\n1995年3月在河北石家庄某医院CT、支气管镜检查，确诊为右肺6cmx5.2cm大小的鳞细胞癌，1995年4月来北京某医院要求手术治疗，因发现淋巴转移并有胸水，且年高体弱，改为化疗，化疗后高烧，不能吃东西，大便干结，于1995年6月改为中医治疗。<br/>\n诊时见舌红绛起刺，脉弦细而数，胸闷气短，心悸背痛，口干腹胀，大便干结，心烦失眠。证属热郁营血，用凉血透热方法，以凉血祛毒汤合通幽散加减，半月后症状减轻，大便通畅，食欲增加。<br/>\n三月后，病情稳定，能下床活动，体重增加，胸闷、气短均减轻，后改为丸药继服。</p>\n<p>案四 <br/>\n赵某，男，69岁，北京平谷人<br/>\n1997年11月开始觉吞咽不适，后喝水亦不能下咽，去医院检查，X射线发现于食道28~34cm处可见约3cm×4cm肿块，后诊断为高分化鳞癌，于1998年3月7日来诊。诊时见舌红绛苔腻，脉象弦细滑数，现喝水困难，已一周未大便，证属血热内盛，用凉血软坚法治疗。即凉血祛毒汤加苏梗、旋覆花、生楮石、沉香粉，嘱服十剂。<br/>\n3月10日上午来电话称：服药后大便已通，且吞咽困难已轻，可以吃流食、面片等。<br/>\n4月7日其子来告：吃东西下咽较顺，大便仍干，仍以前方加通幽散继服。<br/>\n二月后可以吃稀饭、面条，二便正常，体重增加。后间断服药，饮食、二便均正常。</p>\n<p>案五 <br/>\n王某，女，53岁，北京市人<br/>\n1983年5月因乳腺癌（左）手术后，发现淋巴转移，虽经化疗，淋巴转移未能控制，于1985年9月8日改为中医治疗。诊时见舌红绛苔腻，脉象弦细滑数。烦躁、夜寐不安，容易生气，只要路见不平即生气，出现胸闷胁胀痛，夜里不能入睡，大便日二三次，便后觉有下坠感，且腹胀、时有恶心。证属湿滞大肠，热郁营血。先以导滞化湿畅中法，再以凉血解毒透热法治疗。导滞散加败酱草、马齿苋。<br/>\n苔化、大便正常后，改服凉血祛毒汤加瓜蒌、半夏、浙贝、蚤休、紫草、黄芩、柴胡、皂角刺。一年后复查，病情稳定。后间断服药，至今已十多年，一切正常。<br/>\n肿瘤治疗立足于活血凉血解毒，化湿导滞通腑泄热加辨证用药，虽非直接杀灭癌细胞，但能破坏其生存环境而致其灭亡，不愧为是一个治疗的新途径和新思考。这与自然界中，以其“天敌”消灭某些“害虫”一样，有时可能是一个“省劲”的办法。</p>",
      "level": 0,
      "highlight": false,
      "children": [
        {
          "id": "7b7d3c7fe0005b0057244ba2b7adf35b",
          "author": "李宗恩",
          "time": "2025年02月10日 14:29",
          "content": "<p>謝謝你的分享，我會仔細研究一下。</p>",
          "level": 1,
          "highlight": true,
          "children": []
        }
      ]
    },
    {
      "id": "803d46126db2f9e3d7b914049e8be8ed",
      "author": "送你座帆船",
      "time": "2025年02月04日 10:30",
      "content": "<p>如今的ai是收集了各类的知识，所以得出的结果是鱼龙混杂的，如果说我们经过正统中医的逻辑训练会如何，虽然这是一个非常庞大的模型，但想想不是没有可能</p>",
      "level": 0,
      "highlight": false,
      "children": [
        {
          "id": "74c4320cb50819e215cd8be5576b9189",
          "author": "李宗恩",
          "time": "2025年02月10日 14:30",
          "content": "<p>輸入的資料很重要。</p>",
          "level": 1,
          "highlight": true,
          "children": []
        }
      ]
    },
    {
      "id": "18c1ac4e9c751d60e51630128bdfc49f",
      "author": "已忘言",
      "time": "2025年02月05日 02:28",
      "content": "<p>李医师您好，倪师在讲课时曾提到，有些病人在治疗过程中，会按照六经传变的逆顺序来恢复，请问根据您的临床观察，这是一种普遍的现象? 还是只有极个别病人才有这种情况?</p>",
      "level": 0,
      "highlight": false,
      "children": [
        {
          "id": "10aa9597698fd95c845caf86ae60848e",
          "author": "李宗恩",
          "time": "2025年02月10日 14:32",
          "content": "<p>六經傳變，是在正常的情況下，然而，臨床上，很多病人已經生病很久或有其它的問題，不能只以六經傳變來思考。</p>",
          "level": 1,
          "highlight": true,
          "children": [
            {
              "id": "ba455d3af95305c7273f3a094c4850c6",
              "author": "已忘言",
              "time": "2025年02月11日 16:41",
              "content": "<p>谢谢您帮忙指点迷津!</p>",
              "level": 2,
              "highlight": false,
              "children": []
            }
          ]
        }
      ]
    },
    {
      "id": "5b0461dd2c3c4398d01e3ddd9df0bf6f",
      "author": "叶景楠",
      "time": "2025年02月05日 04:00",
      "content": "<p>李医师,新年好! 前2个星期感染了流感,然后自己喝了几副葛根汤,虽然也痊愈了,但是过程中一直有1个疑问,就是我药里面加入麻黄就会出现排尿困难,把麻黄去掉就不会出现这个问题,让我父亲喝带麻黄的中药,他也会出现这个现象,这个是什么原因呢.</p>",
      "level": 0,
      "highlight": false,
      "children": [
        {
          "id": "15eba8dbb223505e7030bc7d6891ccd0",
          "author": "李宗恩",
          "time": "2025年02月10日 14:34",
          "content": "<p>麻黃素會讓肌肉收縮，如果病人前列腺肥大，或者有其它問題，可以導致小便不順，甚至無法小便。</p>",
          "level": 1,
          "highlight": true,
          "children": []
        }
      ]
    },
    {
      "id": "1b6dc67fa835c256c6e8ddd19ee89873",
      "author": "TM1998",
      "time": "2025年02月05日 20:04",
      "content": "<p>他这里面就提了一个湿热证型，改变体内不良环境确实有帮助。作者也观察到病变部位透凉气，说明底子还是一个寒实，也要用到攻实和破寒的药。有实在里面阳不入阴反逆出来不就虚烦不得眠。不同体质环境的人受到同样的病邪或寒化或热化都不尽相同，所以还是得观其脉症知犯何逆随证治之。</p>",
      "level": 0,
      "highlight": false,
      "children": []
    },
    {
      "id": "917629786f03866c946bd2aba19a98fb",
      "author": "哈啰",
      "time": "2025年02月05日 22:15",
      "content": "<p>李医生，木通的话用的是川木通还是三叶木通呢，还是都可以用</p>",
      "level": 0,
      "highlight": false,
      "children": [
        {
          "id": "346099cb2670115b2c17f1957db9b4d2",
          "author": "天城",
          "time": "2025年02月06日 18:27",
          "content": "<p>李宗恩 – 5 6 月, 2024 at 10:09 上午none Comment author #15690 on 病人來函 – 小孩長年哮喘 by 當張仲景遇上史丹佛<br/>\n謝謝你的分享。臨床上使用川木通，問題不大，即使可能和古代使用的不一樣，只要開方的中醫師知道其性質，還是可以妥善應用。</p>",
          "level": 1,
          "highlight": false,
          "children": []
        },
        {
          "id": "9433cabce10e07c7493b024bdf9340dd",
          "author": "天城",
          "time": "2025年02月06日 18:35",
          "content": "<p>你这两个评论就发表在问答整理下面，为什么不先自己搜索一下呢</p>",
          "level": 1,
          "highlight": false,
          "children": [
            {
              "id": "e6646584c3841cf3084d60c0dfec1837",
              "author": "哈啰",
              "time": "2025年02月07日 05:25",
              "content": "<p>那个搜索好像有BUG，我手机进去页面卡然后就闪退了</p>",
              "level": 2,
              "highlight": false,
              "children": [
                {
                  "id": "9ce25e94f5c6720bdcbcfa12798da5ca",
                  "author": "潇航",
                  "time": "2025年02月07日 20:05",
                  "content": "<p>换浏览器或者用电脑</p>",
                  "level": 3,
                  "highlight": false,
                  "children": []
                }
              ]
            }
          ]
        },
        {
          "id": "1548d2a8f7621f62597e478485e7598e",
          "author": "李宗恩",
          "time": "2025年02月10日 15:08",
          "content": "<p>川木通</p>",
          "level": 1,
          "highlight": true,
          "children": []
        }
      ]
    },
    {
      "id": "5a61da83b1db480371d5fcc16c041ca6",
      "author": "你好半夏附子",
      "time": "2025年02月06日 02:30",
      "content": "<p>你好，我在大陆，想问一下汉方药剂怎么能买到，谢谢，</p>",
      "level": 0,
      "highlight": false,
      "children": [
        {
          "id": "6c283c44aec6047d8c95c1cf33ec4dac",
          "author": "天城",
          "time": "2025年02月06日 18:21",
          "content": "<p>李宗恩 – 15 8 月, 2023 at 10:30 上午none Comment author #12241 on 腎結石 by 當張仲景遇上史丹佛<br/>\n已經回答過很多次，漢唐系列藥品沒有為中國主管當局核准，在中國大陸為非法。 同時，倪老師原本設計漢唐系列藥品，是在中醫師看診時使用，不是病人自己隨意購買來服用。</p>",
          "level": 1,
          "highlight": false,
          "children": [
            {
              "id": "7f62f3ed3acd7dd84ff5c07a3bfcf4e3",
              "author": "你好半夏附子",
              "time": "2025年02月10日 18:57",
              "content": "<p>好的，谢谢</p>",
              "level": 2,
              "highlight": false,
              "children": []
            }
          ]
        },
        {
          "id": "bfbfd3c479c124e7a8e09f4ac1f29cea",
          "author": "天城",
          "time": "2025年02月06日 18:29",
          "content": "<p>你这个评论就发表在问答整理下面，为什么不先自己搜索一下呢</p>",
          "level": 1,
          "highlight": false,
          "children": []
        },
        {
          "id": "80e9810400e0e5f73ccff6df243e66a5",
          "author": "李宗恩",
          "time": "2025年02月10日 15:09",
          "content": "<p>你得自己研究</p>",
          "level": 1,
          "highlight": true,
          "children": [
            {
              "id": "73d3d7588ef7f7c8ebf07587bc41af1d",
              "author": "你好半夏附子",
              "time": "2025年02月10日 18:58",
              "content": "<p>谢谢，知道了。</p>",
              "level": 2,
              "highlight": false,
              "children": []
            }
          ]
        }
      ]
    },
    {
      "id": "b6bf1ace1f92faf5ec99c8bc5f36db09",
      "author": "yasuo",
      "time": "2025年02月06日 04:49",
      "content": "<p>最近报道更正大S是败血症走掉的，想请问李医师讨论一下这个事情呗？</p>",
      "level": 0,
      "highlight": false,
      "children": [
        {
          "id": "b1105cbb59c5e9ea8af5e4e24ec81ce2",
          "author": "李宗恩",
          "time": "2025年02月10日 15:09",
          "content": "<p>可以看以前討論新冠的多篇文章。</p>",
          "level": 1,
          "highlight": true,
          "children": []
        }
      ]
    },
    {
      "id": "8153f2b9c137966f7017edbfbdfb7e2f",
      "author": "哈啰",
      "time": "2025年02月06日 05:56",
      "content": "<p>李医生，当归网上说当归头片和当归尾片功效不同，临床上有这说法吗，您诊所的当归用的是什么部位呢</p>",
      "level": 0,
      "highlight": false,
      "children": [
        {
          "id": "2652ba9ab6a95220289e5c107fe6c47c",
          "author": "天城",
          "time": "2025年02月06日 18:28",
          "content": "<p>andy – 8 9 月, 2014 at 12:46 下午none Comment author #601 on 從台灣餿水油談起 by 當張仲景遇上史丹佛<br/>\n「當歸頭」是當歸的頭部，有別於當歸身和當歸尾，當歸前半段比較補血，後半段比較活血。很多中藥都有類似的差異，好比人參頭身比較熱，人參鬚比較涼。<br/>\n小王聰愛說笑 – 8 9 月, 2014 at 6:59 下午none Comment author #603 on 從台灣餿水油談起 by 當張仲景遇上史丹佛<br/>\n李博士，四物汤是否以当归头为宜？<br/>\nandy – 8 9 月, 2014 at 7:35 下午none Comment author #606 on 從台灣餿水油談起 by 當張仲景遇上史丹佛<br/>\n倒不是，四物湯得補血活血兼顧。</p>",
          "level": 1,
          "highlight": false,
          "children": [
            {
              "id": "a4f4a80be393e0653872ce1f64481baa",
              "author": "哈啰",
              "time": "2025年02月07日 12:11",
              "content": "<p>问题是多数医生开当归不会注明是当归的头还是尾，药房估计应该也不会把头尾区别开，那这是不是意味着当归头和尾有点区别但区别也不大用哪个都可以？</p>",
              "level": 2,
              "highlight": false,
              "children": []
            }
          ]
        },
        {
          "id": "be9c065d90bf7d8c8bc9afa7df18aaa3",
          "author": "李宗恩",
          "time": "2025年02月10日 15:11",
          "content": "<p>你可以查詢中藥的基本資料。</p>",
          "level": 1,
          "highlight": true,
          "children": [
            {
              "id": "d79011ae6e38630252d1c2cbbeb895ef",
              "author": "哈啰",
              "time": "2025年02月11日 07:11",
              "content": "<p>我的意思是您给病人开当归时，会特地跟药房强调让他们抓当归头或者尾吗，还是不做说明让药房随便抓当归的某一部分呢？</p>",
              "level": 2,
              "highlight": false,
              "children": []
            }
          ]
        }
      ]
    }
  ],
  "page": 1,
  "order": 2,
  "filename": "data\\page1\\page1_order2_f1050f2563eff8b32b1619126f77a511.json",
  "timestamp": 1739362561.4030354
}