{
  "article_url": "https://andylee.pro/wp/?p=13571",
  "title": "中醫人工智能",
  "content": "<p>中國開發的人工智能DeepSeek R1，最近受到世界媒體及各類人士的大量關注，甚至震撼了世界科技中心、人工智能的聚集地矽谷！中醫人工智能的話題也免不了再次跳出來，許多人工智能專家、高科技投資人、朋友、讀者、病人們都在問我一樣的問題，希望我闡述一下我對中醫人工智能的看法及可行性。</p>\n<p>我從十多年前就開始關注中醫人工智能，也實際參與過一些計畫。中醫人工智能有許多的問題，包括資料的可信度、完整性及品質問題、治療效果的驗證、缺乏大量長期追蹤的病例，甚至各個學派的衝突等等，問題很多，都得一一解決及突破。目前市面上宣稱中醫人工智能的系統，幾乎都是以症狀對應方劑及中藥材為方向，為加權比重搜尋及樹狀判斷的專家系統，那是幾十年前的思維，並非Neural Network（類神經網絡）、Machine Learning（機器學習）、Large Language Model / LLM （大型語言模型）等等大家心中所謂的人工智能。也因為如此，目前市面上宣稱中醫人工智能的系統，其實不會比在網路上用症狀來搜尋中藥方劑及中藥材好多少，Google及Microsoft Bing等的最新智能搜尋整理，往往可以提供更好的藥方參考。而無論是目前市面上宣稱中醫人工智能的系統，或者網上智能搜尋整理，都和有基本臨床功力的中醫師相差許多。</p>\n<p>然而，山不轉人轉，幾位人工智能及醫學專家給我換了一個題目，以只能使用目前有的人智能工具為前提下，能不能很快地產生有價值的中醫人工智能？答案是可以的，至少可以遠高過目前市面上宣稱中醫人工智能系統的水平。</p>\n<p>怎麼做？這就得分兩部分來討論。第一，中國開發的人工智能DeepSeek R1，為什麼會引起世界大幅關注？除了宣稱製作成本低廉外，最主要是其強大的理解力及邏輯推理能力。美國開發的ChatGPT 4o，一樣有強大的理解力及邏輯推理能力，至於哪個比較厲害，並非這裡需要討論的。重點是，最新的人工智能技術，關鍵不在於能夠回答很多事實查詢類的問題，而是利用新的思維來訓練人工智能，讓其理解力及邏輯推理能力接近人類，或者已經超過人類的平均水平。</p>\n<p>第二，我自己當初怎麼學習中醫的？中醫入門階段，我並沒有研讀很多本中醫書籍，而是專注在倪海厦老師的五套中醫教材，靠著自己的理解力及邏輯推理能力，來產生自我的中醫思維架構。更重要的是，我和倪海厦老師有很多互動，有了什麼問題或觀點，可以馬上問倪老師，倪老師也可以給予針對性的指導。這樣的互動過程，大幅提高我對倪老師教學內容的理解及應用能力。之後的臨床看診，從大量病例反饋中學習，不斷精進自己的觀點及思維，逐漸形成自己中醫看診的模式及方式。換句話說，中醫入門階段，並不需要大量的中醫資料，反而是專注在高價值的基本書籍，利用理解力及邏輯推理能力去深入學習。</p>\n<p>基於上述兩點，我做了一個實驗。我使用付費版的ChatGPT 4o，在無任何互動下，先給了複雜且看起來相互衝突的流感症狀，要ChatGPT 4o提供中藥方劑。可想而知，得到的答案，和使用Google及Microsoft Bing等得到的答案差別不大，針對性不高，頂多只能作為醫生臨床的參考。</p>\n<p>接下來，我上傳了倪海厦老師註解傷寒雜病論的中醫教材，要求ChatGPT 4o做一下整理，比如列表其中包含的所有症狀等等，之後我再給它一樣複雜且看起來相互衝突的流感症狀，要求其提供中藥方劑。這個時候，ChatGPT 4o變聰明了一些，但還是會看到一些網上搜尋到的答案，譬如許多中醫師喜歡開的清熱解毒藥方，卻非我認為正確的方向。</p>\n<p>接下來，我要求ChatGPT 4o只使用我上傳的資料來做推理判斷，並以其中的內容，解釋其推理步驟（Chain of Thought / CoT)。很驚艷的，ChatGPT 4o給出的中藥方劑，跟我希望看到的答案相當接近，各個中藥材的使用劑量，也在初次看診的合理範圍內。而我要求ChatGPT 4o解釋為什麼使用這樣中藥組合及劑量，它也給出不錯的答案。這樣的中醫人工智能，已經超過目前市面上所謂的中醫人工智能系統，很可能也已經超過一般中醫師的平均水平。</p>\n<p>當然，治療這樣相對簡單的健康問題，並不足以證明什麼。我接下來再把問題複雜化，譬如給ChatGPT 4o一些常見的消化道症狀，要求其提供治療的中藥方劑。不出所料，ChatGPT 4o給出一些還不錯的治療腸胃道中藥組合。然而，臨床上常常看到這樣消化道症狀，病根卻在肝膽，譬如肝有問題，導致膽汁分泌不良，逐漸造成膽汁逆流到胃等等。這個時候，我得提醒ChatGPT 4o，要求其從肝膽的角度來分析那些消化道的症狀。再度驚艷的，ChatGPT 4o像一位理解力及邏輯推理能力很強的學生，不用多少互動，即可提供我認為還算不錯的答案！</p>\n<p>從上面的實驗及討論，我們可以推論出中醫人工智能開發的可行方向：</p>\n<p>（1）中醫人工智能的開發，並不是以一大堆中醫相關資料為起始點，而是以朝向Artificial General Intelligence / AGI（通用人工智慧）為主軸，以最新的人工智能技術大幅提高其理解力、邏輯推理能力，及自我學習的能力。目前，人工智能可能還沒有達到AGI（通用人工智慧）的程度，但ChatGPT 4o、DeepSeek R1等，以及其後續的版本，可能已經足夠做為專業領域學習的基礎。</p>\n<p>（2）當人工智能系統有足夠的理解力、邏輯推理能力，及自我學習的能力後，訓練中醫人工智能的中醫資料，重點不在多，而在深入性及完整性。倪海厦老師臨床治療效果很好，為世人推崇，他的中醫教材，完整性高，很適合作為中醫人工智能訓練的起始點。</p>\n<p>（3）最重要的步驟是，將剛建立好的中醫人工智能系統架構，當成一位理解力及邏輯推理能力很強的中醫學生，由治療急重症臨床功力足夠的中醫師做這位學生的指導教授，不斷地和它互動，指導它面對複雜問題時，應該如何切入、如何思考等等。其實，這就是人工智能設計中，所謂的Prompt Engineering（提示工程），聽起來複雜繁瑣，但是可以做到的。重點是哪些中醫師來指導中醫人工智能系統，以及如何加速及自動化這個過程。</p>\n<p>當然，如果我們的目標更加遠大，希望中醫人工智能超過臨床功力高深的中醫師、找出以前沒有發現的關聯性、證實中醫理論的正確性，甚至突破現有的中西醫知識，並徹底改變人類醫療的方法等等，那麼我們還是得回到基本面。我們得將上百萬個人類可能觀察及檢查到的所有症狀系統化及制度化，過濾及優化各種中醫資料，累積大量可證實及長期追蹤的病例，交叉比對西醫及其它科學的資料及觀察到的現象等等，讓上述的中醫人工智能系統有更多不同類別的「老師」，將其提升到更高的水平。</p>\n<p>凡事起頭難，當我們邁出正確的第一步，後面的每一步，將會一步比一步更加穩健。臨床療效卓越的中醫人工智能，指日可待。</p>",
  "article_time": "2025年02月06日 19:59",
  "comments": [
    {
      "id": "12b3d6acbb99a29a3be74ded2b8fd4f5",
      "author": "WY",
      "time": "2025年02月06日 21:18",
      "content": "<p>李老师：您好！<br/>\n中国大陆的DeepSeek R1出现后，我下载了在上面输入了感冒的三个症状，DeepSeek R1给出的答案惊艳到了我这种中医小白，觉得DeepSeek R1说得非常周全。以下是DeepSeek R1给出的内容，在李老师网站上分享一下。</p>\n<p>问：有白色鼻涕，稍感寒冷，有时打喷嚏，对此症状有什么食疗方法？或者中成药？</p>\n<p>答：已深度思考（用时14秒）<br/>\n好的，我现在需要处理用户的问题：有白色鼻涕，稍感寒冷，有时打喷嚏，应该用什么食疗方法或者中成药。首先，我得分析这些症状的中医证型。白色鼻涕通常提示寒邪，因为中医里寒性收引，鼻涕清稀或白；怕冷和打喷嚏也是外感风寒的常见症状。所以初步判断是 风寒感冒初期。</p>\n<p>接下来，我要考虑食疗方法。风寒感冒需要辛温解表，发散风寒。常见的食材有生姜、葱白、红糖、紫苏叶等。比如生姜红糖水、葱白豆豉汤，或者紫苏茶。这些食物都有温散的作用，可以帮助驱散体表的寒邪。</p>\n<p>然后是中成药的选择。常见的治疗风寒感冒的中成药有感冒清热颗粒、风寒感冒颗粒、荆防颗粒等。这些药物成分通常包括荆芥、防风、紫苏叶、生姜等，能够发汗解表，驱散风寒。另外，九味羌活丸和通宣理肺丸也是可以考虑的，但需要根据具体症状的严重程度来选择。<br/>\n需要注意的禁忌方面，用户可能有疑问，比如是否能用清热解毒的药物，比如板蓝根或双黄连，但风寒感冒初期用这些寒凉药物可能会加重症状，所以应该避免。同时，提醒用户如果症状加重或者出现发热、黄痰等情况，应及时就医，可能已经化热或转为风热感冒。</p>\n<p>另外，用户可能没有明确说明是否有其他症状，比如是否有汗、头痛、身体酸痛等。如果有汗，可能表虚，需要调整用药，比如用桂枝汤类。但用户只提到稍感寒冷，可能表实，所以用发汗力较强的药物如感冒清热颗粒可能更合适。</p>\n<p>还要考虑用户的体质，如果平时体虚，可能需要加一些扶正的药物，但用户没有提到，所以暂时不考虑。最后，提醒用户注意保暖，多休息，多喝温水，这些辅助措施也很重要。</p>\n<p>总结一下，我的思路是：辨证为风寒感冒初期，建议食疗用生姜红糖水、葱白豆豉汤等，中成药选用感冒清热颗粒或荆防颗粒，避免使用寒凉药物，注意观察症状变化，必要时就医。同时给出生活上的建议，帮助恢复。</p>\n<p>*************************************************************</p>\n<p>根据您描述的症状（白色鼻涕、怕冷、打喷嚏），中医辨证多属于**风寒感冒初期**，以下提供针对性的调理建议：</p>\n<p> 一、食疗方案（辛温散寒）<br/>\n1. **生姜红糖葱白饮**<br/>\n   – 材料：生姜3片（切丝）、葱白连须3根、红糖15克<br/>\n   – 做法：生姜和葱白加水煮沸5分钟，加入红糖趁热饮用。<br/>\n   – 作用：发散风寒，温通阳气，缓解鼻塞和怕冷。</p>\n<p>2. **紫苏叶粥**<br/>\n   – 材料：新鲜紫苏叶10克（或干品5克）、大米50克<br/>\n   – 做法：大米煮粥，快熟时加入紫苏叶再煮2分钟，温服。<br/>\n   – 作用：解表散寒，行气和胃。</p>\n<p>3. **葱豉汤**<br/>\n   – 材料：淡豆豉10克、葱白连须5根<br/>\n   – 做法：淡豆豉煮10分钟，加葱白再煮3分钟，滤汁饮用。<br/>\n   – 作用：轻宣解表，适合轻微风寒感冒。</p>\n<p>—</p>\n<p>二、中成药推荐（风寒感冒类）<br/>\n1. **感冒清热颗粒**<br/>\n   – 适用：恶寒明显、鼻塞清涕、无汗。<br/>\n   – 注意：含荆芥穗、防风，发汗力较强，症状缓解后停用。</p>\n<p>2. **荆防颗粒**<br/>\n   – 适用：风寒夹湿（如头身困重、关节酸痛）。<br/>\n   – 组成：荆芥、防风、羌活等，散寒祛湿。</p>\n<p>3. **通宣理肺丸**<br/>\n   – 适用：风寒感冒伴咳嗽、痰白稀。<br/>\n   – 注意：含麻黄，高血压患者慎用。</p>\n<p>—</p>\n<p>三、注意事项<br/>\n1. **禁忌**<br/>\n   – 避免寒凉食物（如梨、菊花、金银花）及清热解毒药（如板蓝根、双黄连），以免加重寒邪。</p>\n<p>2. **观察病情**<br/>\n   – 若出现**黄涕、咽痛、发热**，可能转为风热或寒包火证，需调整用药（如银翘片）。</p>\n<p>3. **生活调理**<br/>\n   – 保暖避风，热水泡脚至微微出汗（可加艾叶10克）。<br/>\n   – 忌生冷，多喝温水，保证休息。</p>\n<p>—</p>\n<p>四、提示<br/>\n若症状持续3天无改善，或出现高热、胸痛、脓涕等，建议及时就医排查细菌感染或过敏性鼻炎。</p>\n<p>希望以上建议能帮助您缓解不适！</p>",
      "level": 0,
      "highlight": false,
      "children": [
        {
          "id": "938af9aee8bdfcb822aa134a5a8ed847",
          "author": "我真滴好想吃鸡比饭",
          "time": "2025年02月10日 07:33",
          "content": "<p>真是可怕的东西，万一被鼓吹成了神器，到时候人更不愿意思考了，100%相信人工智能，结果就是黑客只需要背后输入点垃圾文件或者模棱两可的数据，就可以轻而易举的毁灭整个中医界</p>",
          "level": 1,
          "highlight": false,
          "children": []
        },
        {
          "id": "5253e856149fa77f027e43571c283c51",
          "author": "李宗恩",
          "time": "2025年02月10日 15:21",
          "content": "<p>這樣只類似網上搜尋整理，你得從詳細說明症狀開始引導它回答。</p>",
          "level": 1,
          "highlight": true,
          "children": []
        }
      ]
    },
    {
      "id": "d0a0472d6463d7f094ffb2a4dfac5bc8",
      "author": "已忘言",
      "time": "2025年02月06日 22:46",
      "content": "<p>真是令人兴奋! 您所描绘的蓝图似乎在不久的将来就能实现，若是那一天真的到来，我们这些中医学子应该如何自处呢？</p>",
      "level": 0,
      "highlight": false,
      "children": [
        {
          "id": "173a820efc1a4976b1d33168cd1f31a8",
          "author": "君荷",
          "time": "2025年02月07日 16:57",
          "content": "<p>有人工智能的辅助，中医师应该会如虎添翼才对。毕竟，病人自己用人工智能问诊还需要一定的判断力。再说，针药并施疗效更卓越，针灸被机器人取代应该还不会那么快吧。</p>",
          "level": 1,
          "highlight": false,
          "children": [
            {
              "id": "d1d8c3d58da2c15d4e13daee573eae2a",
              "author": "已忘言",
              "time": "2025年02月11日 16:38",
              "content": "<p>谢谢同学的指点!</p>",
              "level": 2,
              "highlight": false,
              "children": []
            }
          ]
        },
        {
          "id": "9a3410b643c4c7bc25c99cfd18f05173",
          "author": "潇航",
          "time": "2025年02月08日 18:04",
          "content": "<p>好好学习，AI可以很大程度淘汰掉庸医。优秀的医生是很难被淘汰掉的，就算未来AI能做到淘汰优秀医生的时候至少都是半个世纪后的事情了，你不必紧张。而且还要考虑其他因素啊比如AI发展能不能一直保持高速发展，政府是否会介入，群众是否接受，对就业的影响等，以及技术的发展对于人伦道德的影响，比如克隆技术，Ai虽然出现对于人伦道德的影响可能性很低但仍旧有可能，比如植入一些错误信息给AI，AI是否有人脑灵活可以准确分析这些信息等等其他问题，打字有限无法太过展开来讲。所以你何必紧张了，莫胡思乱想专心学习。好好学钱少不了你的，地位也少不了你的，幸福也少不了你的。</p>",
          "level": 1,
          "highlight": false,
          "children": [
            {
              "id": "2afac8b0465640ef732c50017c3af2d9",
              "author": "已忘言",
              "time": "2025年02月11日 16:38",
              "content": "<p>谢谢这位同学的指点!</p>",
              "level": 2,
              "highlight": false,
              "children": []
            }
          ]
        },
        {
          "id": "30c0f8c61015239072cb4b11f23d7d40",
          "author": "李宗恩",
          "time": "2025年02月10日 15:22",
          "content": "<p>讓自己臨床功力更好，幫助人工智能成長，而非被人工智能取代。</p>",
          "level": 1,
          "highlight": true,
          "children": [
            {
              "id": "43c00b97337d3d2f507043430b3ca3ee",
              "author": "已忘言",
              "time": "2025年02月11日 16:37",
              "content": "<p>谢谢您指点迷津!</p>",
              "level": 2,
              "highlight": false,
              "children": []
            }
          ]
        }
      ]
    },
    {
      "id": "76ea562905aa68c4bb9e010da599a231",
      "author": "多米",
      "time": "2025年02月06日 23:37",
      "content": "<p>这才是中医人工智能未来发展应该采用的方法！拭目以待！令人激动！如果倪师的教材、经方的治疗方法成为世界医疗的主流，该多好！多少人的生命将获得拯救！</p>",
      "level": 0,
      "highlight": false,
      "children": [
        {
          "id": "ac789a38eac8638a155189dba7f4a7a6",
          "author": "李宗恩",
          "time": "2025年02月10日 15:23",
          "content": "<p>謝謝你的支持及鼓勵</p>",
          "level": 1,
          "highlight": true,
          "children": []
        }
      ]
    },
    {
      "id": "7898e379dcba8b4edbd22193a24ff799",
      "author": "送你座帆船",
      "time": "2025年02月07日 05:39",
      "content": "<p>它像一个无比聪明的学生只差一位师父的教导。</p>",
      "level": 0,
      "highlight": false,
      "children": []
    },
    {
      "id": "20214b98f6b360fb01fa775b1c02c633",
      "author": "W",
      "time": "2025年02月08日 01:23",
      "content": "<p>李医生您好，请问一下您在使用乳香、没药、延胡索这些药时是用它们的生药还是醋制的呢？我们大陆这多数是醋制的，不知道区别大不大</p>",
      "level": 0,
      "highlight": false,
      "children": [
        {
          "id": "ea7a5685fcfa8e21ff2a5bc1dd0e8e8e",
          "author": "李宗恩",
          "time": "2025年02月10日 15:24",
          "content": "<p>看情況決定</p>",
          "level": 1,
          "highlight": true,
          "children": []
        }
      ]
    },
    {
      "id": "7aa85e34641e4379e69f52c196e064e6",
      "author": "李梁",
      "time": "2025年02月08日 09:12",
      "content": "<p>宗恩老师，个人理解可不可以抓重点，中医人工智能系统的发展离不开对中医生理病理学的初步认知的基础！</p>",
      "level": 0,
      "highlight": false,
      "children": [
        {
          "id": "7948aee212921bc13c5e0f45c78ae222",
          "author": "李宗恩",
          "time": "2025年02月10日 15:26",
          "content": "<p>是的，但這樣的認知與理解，好的人工智能系統設計，可以直接從輸入資料及提示訓練中萃取出來，不一定需要特意輸入。</p>",
          "level": 1,
          "highlight": true,
          "children": []
        }
      ]
    },
    {
      "id": "77d1ba9aefd83800266b5395e878948d",
      "author": "ieitZYB",
      "time": "2025年02月08日 16:54",
      "content": "<p>应该基本能解决动物层的问题。<br/>\n还有药方药物不能解决的问题，真正的人的问题。</p>",
      "level": 0,
      "highlight": false,
      "children": [
        {
          "id": "9bfeb3e69968753058f8071e65f0ac96",
          "author": "李宗恩",
          "time": "2025年02月10日 15:27",
          "content": "<p>是的，但是可以比大多數醫生做得好。</p>",
          "level": 1,
          "highlight": true,
          "children": []
        }
      ]
    },
    {
      "id": "960e367fd65ac0d31343274528b751ae",
      "author": "小宇宙",
      "time": "2025年02月09日 06:12",
      "content": "<p>人工智能大概可以分为三个阶段吧：一，增强我们的能力，目前我感觉市面上的，大多也只到这个阶段，  二，成为我们的助手，可以按我们的要求，自主的完成指定工作。 三，成为可以有自主行为的智能，最终会以机器人的形式存在，不再需要人输入指令，他会按照自己的角色进行自主行动，甚至会产生自我意识。人工智能一定会影响生活的方方面面，中医也不会例外，以什么知识为底层逻辑，接受什么样的训练，可能将会起决定作用，没准到时候，中医智能也会分流派，我选宗恩派，哈哈</p>",
      "level": 0,
      "highlight": false,
      "children": [
        {
          "id": "5b066e687f35e61743f1f247414c6b9f",
          "author": "李宗恩",
          "time": "2025年02月10日 15:28",
          "content": "<p>謝謝你的支持及鼓勵</p>",
          "level": 1,
          "highlight": true,
          "children": []
        }
      ]
    },
    {
      "id": "9600176eb057e314e74c1d3309f035f6",
      "author": "张国强",
      "time": "2025年02月09日 16:52",
      "content": "<p>李老师好，请教一下中药材的使用，炮附子和生附子使用的都是去皮的吗？  另一个就是那个甘麦大枣汤中的小麦是普通小麦还是有特指，或者浮小麦？不具备使用浮小麦的时候使用的小麦有啥产地要求或别的特指？谢谢。</p>",
      "level": 0,
      "highlight": false,
      "children": [
        {
          "id": "32dc68f21926b3d4b5a8cafc73270a96",
          "author": "李宗恩",
          "time": "2025年02月10日 15:29",
          "content": "<p>附子，理論上去皮比較好，臨床上差異不大。浮小麥和一般食用的麥子不太一樣。</p>",
          "level": 1,
          "highlight": true,
          "children": []
        }
      ]
    },
    {
      "id": "4e38310d4c1b257b0eac413ace01c6f5",
      "author": "Wk",
      "time": "2025年02月09日 20:06",
      "content": "<p>李医生，胡希恕医生说桂枝发散的作用就是靠它的皮，去皮反而不好，那是不是意味着桂枝尖表皮占比更多，比粗桂枝效果更好一些？</p>",
      "level": 0,
      "highlight": false,
      "children": [
        {
          "id": "3767d78a2fd66e477b00f34fbe8a435b",
          "author": "李宗恩",
          "time": "2025年02月10日 15:30",
          "content": "<p>可以這樣說，但使用桂枝不一定是為了發散。</p>",
          "level": 1,
          "highlight": true,
          "children": []
        }
      ]
    },
    {
      "id": "71366fbc568b403f989307b7554d3897",
      "author": "臭宝",
      "time": "2025年02月10日 15:30",
      "content": "<p>谢谢李教授的分享与科普，欣慰中医学的可复制性，同时也感觉未来会诞生更多高水平的中医，低水平随之淘汰，提升整体水平，是时候让一些人屁股烫一烫！</p>",
      "level": 0,
      "highlight": false,
      "children": []
    },
    {
      "id": "194cecb4efaa26986dbbd3e3cfb167c5",
      "author": "臭宝",
      "time": "2025年02月10日 18:37",
      "content": "<p>不知道会不会出现个人定制版人工智能，这样就不用花很多心思培养一个助手或者一个学生了，并且批量复制，它可以完全按照你的思维做事，并且很低概率犯错。想想觉得可怕又兴奋。</p>",
      "level": 0,
      "highlight": false,
      "children": [
        {
          "id": "ee522cd391919f10ef5a937ae842740f",
          "author": "李宗恩",
          "time": "2025年02月10日 19:27",
          "content": "<p>這樣的事情，在許多行業中已經開始了。</p>",
          "level": 1,
          "highlight": true,
          "children": []
        },
        {
          "id": "b72c75669de2e2602bd6a192d6ce870f",
          "author": "一壶酒",
          "time": "2025年02月10日 20:08",
          "content": "<p>李博士付费gpt做了测试，既然已经启蒙了，肯定会继续培养下去的。</p>",
          "level": 1,
          "highlight": false,
          "children": []
        }
      ]
    },
    {
      "id": "a5015c041736615040dbdbc39069b862",
      "author": "一壶酒",
      "time": "2025年02月10日 20:00",
      "content": "<p>估计今年李博士全球各地的演讲、直播的主题会是中医＋人工智能；估计年底的国际经方班主题也是。</p>",
      "level": 0,
      "highlight": false,
      "children": []
    },
    {
      "id": "31c83353d42e11e5b9a9b29dd3e7c43e",
      "author": "爱中医",
      "time": "2025年02月10日 21:00",
      "content": "<p>非常感谢李医师精彩的测试分享 就像观看福尔摩斯与得力助手华生共同破解奇案 对我这个中医爱好者而言 人工智能更像是一位良师</p>\n<p>大语言模型具有分层空间结构 需要借助提示引导进入特定领域空间才有可能获得有效答案 它们在多维数据空间中捕捉训练时形成的规律 所给出的回答与用户提供的提示密切相关</p>\n<p>大语言模型正成为众多脑力劳动者的得力助手 在专业语言模型问世之前 通过合理引导大语言模型进入相关领域 已能有效辅助人们的思考</p>\n<p>无论是现有的大语言模型还是即将普及的专业模型 都依赖于大量数据训练作为基础 尽管它们的认知空间强大 但是固定不变的</p>\n<p>未来 通用人工智能将能够动态学习 无需专门训练便可在新维度空间中发现规律 到时候 每个人都有可能train your own powerful dragon</p>\n<p>中医是一项极耗脑力的工作 相信在人工智能的协助下 李医师破解疑难问题的效率必将大大提高</p>",
      "level": 0,
      "highlight": false,
      "children": []
    },
    {
      "id": "e91d092f04ea43fd9b7e6b7a87a68129",
      "author": "dhshdhjs",
      "time": "2025年02月11日 01:45",
      "content": "<p>宗恩老师好，向您请教一下。如果心阳极虚，脾胃寒湿又极重，这种情况怎样破局呢？补肝血补不进去，去寒湿心阳都不够一定程度的强，而我的做法是用非常轻的去寒湿的干姜，细辛类先去一段时间寒湿，再慢慢极少量进补，轮流交替，周而复始，循序渐进可是效果不彰。老师您给个建议吧，有没有更快的方法？或者绕另外的路，我想了很久没想出来。</p>",
      "level": 0,
      "highlight": false,
      "children": []
    },
    {
      "id": "8a8e08917599a3e4b5e1aa10e86b8b36",
      "author": "czc",
      "time": "2025年02月11日 06:25",
      "content": "<p>人工智能与倪海厦老师经方派的结合，或许是未来医学的突破口。<br/>\n倪师的体系更具临床实用性，以倪海厦老师的医学为基座，再结合人工智能，将来会让现代医学得到突飞猛进的发展。<br/>\n或许倪师是转世华佗，来到人世间走一趟，留下DVD影像资料，用于结合现代的人工智能，才走这一趟。</p>\n<p>附上一张AI图~<br/>\n<a href=\"https://tiebapic.baidu.com/forum/pic/item/6480aeec08fa513da1093bf77b6d55fbb2fbd90c.jpg?tbpicau=2025-02-22-05_18da07c8ab31175ff163e3ce0eeb676d\" rel=\"nofollow ugc\">https://tiebapic.baidu.com/forum/pic/item/6480aeec08fa513da1093bf77b6d55fbb2fbd90c.jpg?tbpicau=2025-02-22-05_18da07c8ab31175ff163e3ce0eeb676d</a></p>",
      "level": 0,
      "highlight": false,
      "children": []
    }
  ],
  "page": 1,
  "order": 1,
  "filename": "data\\page1\\page1_order1_a35025c8561b69775ac6de3bb3d469c1.json",
  "timestamp": 1739362580.2095287
}