{
  "article_url": "https://andylee.pro/wp/?p=10060",
  "title": "中廣新聞網：新書快報",
  "content": "<p>今天一位讀者熱心地告訴我，台灣的中國廣播公司新聞網「新書快報」單元中，主持人和說書人呂維振先生花了將近十分鐘來介紹我的新書《當張仲景遇上史丹佛》，對話內容還挺有意思的，有興趣的讀者可以聽一聽。</p>\n<p>呂先生：「這個人其實不是一個好惹的，也就是說他其實對自己相信的事情是很堅持的….」Well，我看起來那麼強悍嗎？莞爾！</p>\n<p><a href=\"https://fb.watch/5tGGox0W7f/\">https://fb.watch/5tGGox0W7f/</a></p>\n<p><a href=\"https://www.youtube.com/watch?v=ADAO90jELUc\">https://www.youtube.com/watch?v=ADAO90jELUc</a></p>\n<figure class=\"wp-block-image size-large\"><a href=\"https://andylee.pro/wp/wp-content/uploads/2021/05/Screen-Shot-2021-05-13-at-9.05.37-PM.png\"><img alt=\"\" class=\"wp-image-10065\" decoding=\"async\" fetchpriority=\"high\" height=\"142\" sizes=\"(max-width: 490px) 100vw, 490px\" src=\"https://andylee.pro/wp/wp-content/uploads/2021/05/Screen-Shot-2021-05-13-at-9.05.37-PM.png\" srcset=\"https://andylee.pro/wp/wp-content/uploads/2021/05/Screen-Shot-2021-05-13-at-9.05.37-PM.png 490w, https://andylee.pro/wp/wp-content/uploads/2021/05/Screen-Shot-2021-05-13-at-9.05.37-PM-300x87.png 300w\" width=\"490\"/></a></figure>\n<figure class=\"wp-block-embed is-type-video is-provider-youtube wp-block-embed-youtube wp-embed-aspect-16-9 wp-has-aspect-ratio\"><div class=\"wp-block-embed__wrapper\">\n<iframe allow=\"accelerometer; autoplay; clipboard-write; encrypted-media; gyroscope; picture-in-picture; web-share\" allowfullscreen=\"\" frameborder=\"0\" height=\"281\" referrerpolicy=\"strict-origin-when-cross-origin\" src=\"https://www.youtube.com/embed/ADAO90jELUc?feature=oembed\" title=\"當張仲景遇上史丹佛 方智 說書人呂維振　盲腸炎、乳癌、心律不整，中醫真的可以治嗎？怎麼治法呢？　　周詳 新書快報\" width=\"500\"></iframe>\n</div></figure>",
  "article_time": "2021年05月13日 20:57",
  "comments": [
    {
      "id": "2cb401ccf26a2aa924f7c6ab50c1bc4f",
      "author": "virginia",
      "time": "2021年05月14日 09:47",
      "content": "<p>這本書一出刊我就已經買了四本,自己留下一本,三本分送友人,剛才又去買了兩本,自己想留著,哪天遇到對中醫真正有興趣的人,也許有機會跟他們分享這些寶貴的資訊,為什麼說有機會呢?因為真正全心全意相信中醫的人真得很少,所以在分享<br/>\n心得時,有時覺得孤單,有時會被嘲笑,希望藉由這本書會讓更多的人願意相信中醫是真正能治重病,而不是只有養生,更期待您日後的新著作,看到喜歡的文章也是一味良藥!</p>",
      "level": 0,
      "highlight": false,
      "children": [
        {
          "id": "1de140c66057be51dd01b18307b45c9f",
          "author": "李宗恩",
          "time": "2021年05月18日 11:15",
          "content": "<p>謝謝你的支持及鼓勵。</p>",
          "level": 1,
          "highlight": true,
          "children": []
        }
      ]
    },
    {
      "id": "ac3f5371e38e02a346acb2324364cec7",
      "author": "魯豆腐",
      "time": "2021年05月16日 18:55",
      "content": "<p>Dr.李：您好<br/>\n　　很久沒聽您上廣播節目接受專訪聊一些醫學問題了，覺得您也可以自行搜集一些最近的醫案，用口述的方式對我們發佈一些治療的消息和看法。</p>\n<p>　　或許這樣反而減少了您許多的打字思考的時間，而對我們來說用聽的效果也不錯，希望您可以考慮，又麻煩您了，感謝</p>",
      "level": 0,
      "highlight": false,
      "children": [
        {
          "id": "18352f71c6f0e9779d9e0872dcd8aa56",
          "author": "李宗恩",
          "time": "2021年05月18日 11:43",
          "content": "<p>這一陣子挺忙的，不過，已經開始考慮如何正式教學、跟診教學、醫案討論等等。</p>",
          "level": 1,
          "highlight": true,
          "children": [
            {
              "id": "470c660a066eda6cfe50a3ce007daa33",
              "author": "魯豆腐",
              "time": "2021年05月18日 17:50",
              "content": "<p>這陣子全世界真的非常忙亂<br/>\n可想而知您也一定又忙又累<br/>\n一切就等待您恢復平常步調後再說了<br/>\n麻煩您了，感謝</p>",
              "level": 2,
              "highlight": false,
              "children": []
            },
            {
              "id": "7e9d30de20014550686288a9664e0ee3",
              "author": "Cherry",
              "time": "2021年05月28日 11:09",
              "content": "<p>太好了。期待李医生的教学计划早日发布。机缘和命运都很难说清楚，也许我也会考虑从high tech转中医。真心希望中医好好发扬下去。李医生，加油！</p>",
              "level": 2,
              "highlight": false,
              "children": []
            }
          ]
        }
      ]
    },
    {
      "id": "d8c0cba377792a9cd3204338bae997d6",
      "author": "中醫愛好者",
      "time": "2021年05月17日 06:00",
      "content": "<p>李醫師你好 最近台灣的疫情又爆發了 真的很希望你可以指導台灣的中醫師一起來 </p>\n<p>用經方抗疫  就像河南通許醫院一樣 如果療效明顯 人們就會開始想到中醫 開始重視中醫</p>",
      "level": 0,
      "highlight": false,
      "children": [
        {
          "id": "6423b919fb9a767e03fb19f7bb29aefe",
          "author": "李宗恩",
          "time": "2021年05月18日 11:45",
          "content": "<p>我很願意幫忙，也有不少人聯絡我，不過，台灣基本上還是西醫主導，目前中醫只是幫幫小忙而已，</p>",
          "level": 1,
          "highlight": true,
          "children": []
        }
      ]
    },
    {
      "id": "bfc57298ffdb3a52f9d057abfc99f1e3",
      "author": "魯豆腐",
      "time": "2021年05月17日 20:34",
      "content": "<p>清冠一號獲衛福部緊急授權 最快本週COVID-19有藥可醫【獨家】<br/>\n最新更新：2021/05/18 11:07</p>\n<p>（中央社記者江慧珺台北18日電）武漢肺炎（2019冠狀病毒疾病，COVID-19）疫情升溫，國內研發的抗疫中藥「清冠一號」在國外熱銷，衛生福利部已同意緊急授權，2藥廠已提申請，最快本週可核發臨時藥品許可證。</p>\n<p>衛福部國家中醫藥研究所和臨床中醫師共同研發中藥複方「清冠一號」（NRICM 101），配方包含板藍根、魚腥草及黃芩等10種中藥材，去年經三軍總醫院、長庚紀念醫院、台中榮民總醫院與彰化基督教醫院臨床證實有療效。</p>\n<p>中華民國中醫師公會全國聯合會理事長柯富揚今天告訴中央社記者，「清冠一號」早已取得外銷許可證，暢銷歐洲、美國，國內卻因新藥審核嚴謹費時，還無法內銷。</p>\n<p>柯富揚說，「清冠一號」10種配方都是合法中藥材，製成科學濃縮中藥，如果要比照西藥新藥審核方式，需通過層層臨床試驗，不符目前疫情緊急需求。</p>\n<p>柯富揚表示，據藥廠透露，衛福部長陳時中約在1到2個月前就同意緊急授權，但當時疫情還算平穩，內銷藥品許可證一直未核發。</p>\n<p>不過，本土疫情近日升溫，柯富揚說，昨天衛福部再開會，確定採用緊急授權方式，只要已取得「清冠一號」外銷藥證藥廠，就可申請國內臨時藥品許可證。</p>\n<p>衛福部次長石崇良證實，先前就決議「清冠一號」適用「藥事法」專案核准製造規定，但須由藥廠檢具資料申請，目前已有2家藥品優良製造作業規範（GMP）中藥廠提出，最快本週可核發許可證。</p>\n<p>柯富揚表示，目前國內有8家GMP中藥廠持有「清冠一號」外銷許可，除2家已提申請，後續其他藥廠也準備跟進。</p>\n<p>不過，柯富揚說，確診者切勿自行到中醫診所求診用藥，以免造成社區感染擴大，務必要經正規採檢確診，配合分流隔離治療，中醫師會協助會診，評估是否適合用藥。（編輯：李明宗）1100518</p>",
      "level": 0,
      "highlight": false,
      "children": [
        {
          "id": "28b9bb160de03c9dd78571b99c00c1ef",
          "author": "魯豆腐",
          "time": "2021年05月17日 20:37",
          "content": "<p>看看，好笑吧！當整個西醫體系全崩潰時才來試中藥</p>\n<p>可憐的是所有人民百姓</p>",
          "level": 1,
          "highlight": false,
          "children": []
        },
        {
          "id": "846eb83ddc88621f97eef532714c3754",
          "author": "李宗恩",
          "time": "2021年05月18日 11:07",
          "content": "<p>台灣清冠一號針對肺家輕微發熱的病人，對肺家嚴重發熱、肺寒、積液等等的中重症病人並不適用，已經有海外確診的華人自行服用而病情惡化的病例了。另外，清冠一號也不能當作預防來服用。</p>",
          "level": 1,
          "highlight": true,
          "children": [
            {
              "id": "ca22c912128ce64bc7c73e6f1951c52b",
              "author": "魯豆腐",
              "time": "2021年05月18日 17:45",
              "content": "<p>Dr.李：<br/>\n　　　感謝您的指點，謝謝！<br/>\n　　　　</p>",
              "level": 2,
              "highlight": false,
              "children": []
            }
          ]
        },
        {
          "id": "679dde7fc02dda38b5fa1bd7edf9bce2",
          "author": "shawn",
          "time": "2021年05月18日 22:24",
          "content": "<p>感覺大陸這邊比較有戲，前幾天習近平還特意去了張仲景故鄉南陽醫聖祠。正統的中醫應該會慢慢走進主流</p>",
          "level": 1,
          "highlight": false,
          "children": [
            {
              "id": "cb7e631cbb8dca4e51e3b0ff6a1cfd61",
              "author": "李宗恩",
              "time": "2021年05月22日 21:53",
              "content": "<p>中國大陸推展中醫，也是有很多的問題及困難，目前以研究中藥材成分居多，而非以中醫臨床治療急重症。</p>",
              "level": 2,
              "highlight": true,
              "children": []
            }
          ]
        }
      ]
    }
  ],
  "page": 14,
  "order": 2,
  "filename": "data\\page14\\page14_order1_1de140c66057be51dd01b18307b45c9f.json"
}