{
  "article_url": "https://andylee.pro/wp/?p=8396",
  "title": "網上講座：從臨床病例淺談中醫醫理",
  "content": "<figure class=\"wp-block-image size-large\"><img alt=\"\" class=\"wp-image-8395\" decoding=\"async\" fetchpriority=\"high\" height=\"800\" sizes=\"(max-width: 589px) 100vw, 589px\" src=\"https://andylee.pro/wp/wp-content/uploads/2020/07/f2b6c78aa3d38e609dcdb783f0564829.jpg\" srcset=\"https://andylee.pro/wp/wp-content/uploads/2020/07/f2b6c78aa3d38e609dcdb783f0564829.jpg 589w, https://andylee.pro/wp/wp-content/uploads/2020/07/f2b6c78aa3d38e609dcdb783f0564829-221x300.jpg 221w\" width=\"589\"/></figure>\n<p>「中醫國際聯盟」希望我能多進行幾次講座，時間允許下，我盡量幫忙。這樣的講座，參與的聽衆背景很廣，很不容易決定適合的内容。上次講座直接參加的有七千多人，視頻被幾個網群轉載，加起來有數萬人聼講，從沒有什麽中醫概念的聽衆到醫學專家都有，希望每一位聽衆都有些收獲，所以得簡單易懂卻也有些背後的醫理及啓發。</p>\n<p>這次的講座，我想講解幾個中醫急診的病例，讓大家有些臨床的感覺，也藉由這幾個病例來延伸討論一些中醫醫理，這樣醫理部分比較不會枯燥無味、虛無縹緲。另外，上次講座討論中藥，這次會討論到這幾個病例使用的針灸治療部分，急診的時候，針灸的療效很重要，許多時候病人還來不及服用中藥時，針灸就已經緩解症狀了。</p>\n<p>講座：從臨床病例淺談中醫醫理</p>\n<p>時間：北京時間，7月19日，週日，上午10am~11:30am / 加州夏令時間，7月18日，週六，下午7pm~8:30pm</p>\n<p>參加方式：微信掃描二維碼，直播和回放皆可</p>\n<p>視頻：微信網群歧黃聖賢智慧編輯整理 <a href=\"https://mp.weixin.qq.com/s/oVO9r_NdXYMHMRepp11iDg\">https://mp.weixin.qq.com/s/oVO9r_NdXYMHMRepp11iDg</a></p>",
  "article_time": "2020年07月17日 10:56",
  "comments": [
    {
      "id": "22eaed375d55e62adba6043b93dcb72c",
      "author": "xianglei",
      "time": "2020年07月18日 06:45",
      "content": "<p>李老师您好！对于新人自学中医有时候对服药的时间很茫然，特别是中风历节这类病如桂枝芍药知母汤这类，对于新人不够权威病人对我们是没有足够耐心，就是希望喝了马上见效马上好就认可我们，可是这类病又是顽疾，哪有可能喝个两三副效果就很好，没效果病人也就石沉大海没有音信，可是桂枝芍药知母汤里面、麻黄、附子、桂枝都是很俊的药，做为新人用的有什么很坎坷不安，很担心出问题，腿脚寒湿重脉象又是阴虚生热，还有我们这是属于重庆一带湿气特别重，特别是乡下这种病症太多基本这些人就是靠止痛药度日，希望能听到李老师这块的指点</p>",
      "level": 0,
      "highlight": false,
      "children": [
        {
          "id": "af8be9707235cac582c92bec6f022888",
          "author": "李宗恩",
          "time": "2020年07月19日 08:34",
          "content": "<p>沒有老師教導，自學中醫是容易出問題的，一方面不知道什麼訊息是對的什麼是錯的，另一方面無法得到大量臨床的心得，最好還是有系統的學習。</p>",
          "level": 1,
          "highlight": true,
          "children": [
            {
              "id": "de01f3c1bae11ff075f37462ca9a7f55",
              "author": "xianglei",
              "time": "2020年07月19日 19:15",
              "content": "<p>系统学习倪师全套视频差不多3年，所以一听到李老师的名字心里无比激动和倍感亲切</p>",
              "level": 2,
              "highlight": false,
              "children": [
                {
                  "id": "e007e169a9723e4533dc146809e4008e",
                  "author": "李宗恩",
                  "time": "2020年07月19日 22:21",
                  "content": "<p>好好努力！學習中醫來幫助自己及他人，人生會很有意義的。</p>",
                  "level": 3,
                  "highlight": true,
                  "children": [
                    {
                      "id": "880fb7f208929208008cbedcc0fd10ff",
                      "author": "卢晨",
                      "time": "2020年07月21日 02:35",
                      "content": "<p>备受鼓励！</p>",
                      "level": 4,
                      "highlight": false,
                      "children": []
                    }
                  ]
                },
                {
                  "id": "03474d86a4f5504172fcfbb3c959e22f",
                  "author": "卢晨",
                  "time": "2020年07月21日 02:33",
                  "content": "<p>同感啊！</p>",
                  "level": 3,
                  "highlight": false,
                  "children": []
                }
              ]
            }
          ]
        }
      ]
    },
    {
      "id": "77973c4acec701c36fd16fc2a11916ea",
      "author": "xianglei",
      "time": "2020年07月18日 21:05",
      "content": "<p>请问李老师急性胆囊炎的用方思路用黄芪行气不用桂枝，是担心桂枝辛散力量太强有胆管破裂的隐患吗？</p>",
      "level": 0,
      "highlight": false,
      "children": [
        {
          "id": "30b454666c9b066bc9840ebb4c825fa3",
          "author": "李宗恩",
          "time": "2020年07月19日 08:25",
          "content": "<p>不是，黃耆和白芍並用，比較適合增強膽囊的擠壓蠕動。</p>",
          "level": 1,
          "highlight": true,
          "children": [
            {
              "id": "6f7cb0de1f65f76b68d5eb5d19fbdc45",
              "author": "xianglei",
              "time": "2020年07月19日 19:12",
              "content": "<p>懂了，桂枝重在全身的温静脉助阳气，黄芪的作用位置更注重在脾脏上，再加上白芍养血敛阴、柔肝止痛，两边一收一放，刚好中间是胆帮助结石的排除，不知道我的理解对不对，在学医的路上能在空中收到李老师的信息回复真是太幸运，前方突然有一盏灯指引我感觉更有信心了感恩！感恩！</p>",
              "level": 2,
              "highlight": false,
              "children": []
            }
          ]
        }
      ]
    },
    {
      "id": "f88781c8f5f8f8c92d1d49963d12f3ac",
      "author": "四川 颜永信",
      "time": "2020年07月19日 01:22",
      "content": "<p>李老师：桂枝芍药知母汤中知母的作用是什么，请指导。</p>",
      "level": 0,
      "highlight": false,
      "children": [
        {
          "id": "138bb1b985eea5dae4af8462273d0860",
          "author": "李宗恩",
          "time": "2020年07月19日 08:23",
          "content": "<p>同一個問題，請不要重複問。</p>",
          "level": 1,
          "highlight": true,
          "children": []
        }
      ]
    },
    {
      "id": "0d6d3a92bdad02d6b6e3cddcb2f116af",
      "author": "四川 颜永信",
      "time": "2020年07月19日 01:50",
      "content": "<p>胆囊炎与胆石症宜清热利胆，疏肝通腑，用胆道排石汤：大黄   芒硝  枳壳   木香  黄芩   茵陈   金钱草   银花   8味药水煎服，疗效迅速。  （成都中医学院中医治法与方剂）</p>",
      "level": 0,
      "highlight": false,
      "children": [
        {
          "id": "9d7bb3fdec1c43f98a573c782f04e892",
          "author": "李宗恩",
          "time": "2020年07月19日 08:29",
          "content": "<p>謝謝你分享，不過，危急的膽囊炎，這樣的藥方可能是不夠力的，不然，張伯禮院士的膽囊不會留在武漢。</p>",
          "level": 1,
          "highlight": true,
          "children": [
            {
              "id": "7ffe8f7fec7d314edd424ddc49b09aca",
              "author": "四川 颜永信",
              "time": "2020年07月20日 17:51",
              "content": "<p>在确诊为胆结石后，我拒绝了院长们手术建议，用胆道排石汤半小时后，解出许多大便，胆结石痛胀立即解除，速度很快。几十年过去，至今没有复发胆结石。</p>",
              "level": 2,
              "highlight": false,
              "children": []
            }
          ]
        }
      ]
    },
    {
      "id": "d3512d64e99902e5b6b7d0815d5c694e",
      "author": "leaf",
      "time": "2020年07月19日 05:47",
      "content": "<p>我想看回放，不知道怎样才能看到</p>",
      "level": 0,
      "highlight": false,
      "children": [
        {
          "id": "2f5090b20658f1617d5e529650d93a94",
          "author": "无显示",
          "time": "2020年07月20日 08:09",
          "content": "<p>你用微信撒码，可以看回放</p>",
          "level": 1,
          "highlight": false,
          "children": [
            {
              "id": "11963cdbf8f97ad22eb5754f8b3e04a1",
              "author": "leaf",
              "time": "2020年07月22日 01:44",
              "content": "<p>看到了，谢谢！</p>",
              "level": 2,
              "highlight": false,
              "children": []
            }
          ]
        }
      ]
    },
    {
      "id": "31d68f37895487db314c661115f3bccd",
      "author": "四川 颜永信",
      "time": "2020年07月20日 14:08",
      "content": "<p>桂枝芍药知母汤，治风湿性膝盖痛，倪师说先要扎膝五针，再服桂枝芍药知母汤，一剂就好。实践证明，膝盖痛如果不扎膝五针，直接使用桂枝芍药知母汤，就达不到治疗效果。经方一剂知，一剂无效时，因考虑加上膝五针，学会针药并施，先针后药治膝痛才有效。<br/>\n  膝盖痛，拍片有骨质增生现象，是否可以考虑补肾活血祛湿：虎杖  桑寄生  木瓜   薏仁 女贞子  杜仲 党参 续断   牛膝   黑桃仁  大蒜头   水煎服，有效无效，实践一下。</p>",
      "level": 0,
      "highlight": false,
      "children": [
        {
          "id": "aedaa4e08c71ee1147d57214dd8158e6",
          "author": "四川 颜永信",
          "time": "2020年07月22日 16:23",
          "content": "<p>`无效。</p>",
          "level": 1,
          "highlight": false,
          "children": []
        }
      ]
    },
    {
      "id": "b5b77e4da8cd0f3d208dbec4489705e9",
      "author": "shawn",
      "time": "2020年07月25日 12:09",
      "content": "<p>連續聽了兩集，感謝無私分享，特別是對臨床的講解，受益良多。以下信息也供大家參考下。</p>\n<p>砂炒炮附子<br/>\n視頻中提到砂炒炮附子我有在用（考慮獲取便利性以及藥材品質），暫時沒還沒出現過於燥熱的情況，比如最近用在一例攝護腺癌患者身上，每劑四錢（16克）4週時間PSA由一百多降到15（不過感覺PSA更多和泌尿相關，瘤塊大小並無變化），我自己也有試過藥，兩錢的劑量9碗煮3碗一小時以上，但是服後很奇怪，攝護腺底下會悶熱，有種類似夏天做久了板凳那種板凳發熱接觸皮膚發熱感覺，站起來才舒服，兩次實驗都如此。</p>\n<p>黃連：吃多了夢潛水，當然不確定是不是潛意識</p>\n<p>熟地：吃了會長智齒，嚴重時會引發牙齦腫發熱牙鬆感覺等，幾次都如此，換生地不會，補骨脂也不會，這很奇怪。一直在找原因（估計某方面有問題）。</p>\n<p>硫磺：吃了並沒什麼感覺（當然只是煮水喝溶解的部分），只是尿液可以感受到硫磺的味道（硫磺味很淡但還是有）</p>\n<p>巴戟天：確實腎陰陽雙補，量會變多</p>\n<p>補骨脂：單吃的話幾天一個腎有點漲的感覺（數據不充分），加澤瀉感覺不會；貌似有改善髮質乾枯作用。不過補骨脂補腎陰到底指向什麼我還在思索，因為熟地反而能流向智齒補骨脂顧名不思義。</p>\n<p>另外，雞內金（沒聽錯的話）應該是雞的沙囊的內壁。沙囊在雞脖子的下面鼓鼓的，雞沒有牙齒，會吃一些石子一起進入沙囊碾碎食物，再進一步送入消化道，所以有消食（消石）的作用，這是我的理解。</p>",
      "level": 0,
      "highlight": false,
      "children": [
        {
          "id": "37853420afb5ac28fd45260c255b57da",
          "author": "shawn",
          "time": "2020年07月25日 12:19",
          "content": "<p>另外，以前有在想，溫經湯去地黃，張仲景是有意還是無意？炙甘草湯有地黃，膠艾湯有地黃，生地涼血補血去虛熱，或者熟地也罷，但溫經湯不用地黃。</p>",
          "level": 1,
          "highlight": false,
          "children": []
        },
        {
          "id": "b743d89224b67cae4bf1d88946eb471e",
          "author": "李宗恩",
          "time": "2020年07月25日 09:29",
          "content": "<p>謝謝你的分享。</p>",
          "level": 1,
          "highlight": true,
          "children": []
        }
      ]
    },
    {
      "id": "3a3921a6580addc2b956ab5fc68e0371",
      "author": "明遠",
      "time": "2020年07月27日 11:12",
      "content": "<p>李醫師 您好:</p>\n<p>請問雞內金對於排膽結石和腎結石的功效如何?</p>\n<p>謝謝!</p>",
      "level": 0,
      "highlight": false,
      "children": [
        {
          "id": "7fad84662b0d1f617b0ee20f97c8dd7d",
          "author": "李宗恩",
          "time": "2020年07月28日 12:48",
          "content": "<p>雞內金有其效果，但治療不是靠單味藥，而是得了解需要做什麽連串的動作，靠整個藥方來達到想要的效果。</p>",
          "level": 1,
          "highlight": true,
          "children": []
        }
      ]
    }
  ],
  "page": 18,
  "order": 6,
  "filename": "data\\page18\\page18_order5_03474d86a4f5504172fcfbb3c959e22f.json"
}