{
  "article_url": "https://andylee.pro/wp/?p=8584",
  "title": "長高 – 養兒育女必須知道的21件中醫知識（15）",
  "content": "<p>好久沒有寫這個系列的文章了。這半年來，美國真是多事之秋，新冠肺炎大爆發，美國成為最嚴重的疫區之一，商業及休閒活動大幅停擺；社會對立衝突高漲，公理正義的抗議遊行，變成了燒搶破壞的暴力活動，不用說，市面上的合法槍械彈藥都被搶購一空；中美關係持續惡化，貿易、科技、學術交流受阻；總統大選將至，兩黨政客惡鬥不斷，各州政策譁眾取寵，浪費財力物力，解決不了問題；山火、颶風暴雨、異常高溫、電力不足 ….. 各種不同的天災人禍，還真的把美國搞得「烏煙瘴氣」、「水深火熱」！不過，診所並沒有因為這些紛紛擾擾而停擺，反而更加忙碌。另外，出版社一直友善地提醒我寫書的進度，上週總算把出書的稿件寫好了，洋洋灑灑十一萬字，雖然許多都是網路上的舊文編撰改寫的，還是耗去我很多晚上的休息時間，許多其它的事情也就耽誤下來了。</p>\n<p>言歸正傳，養兒育女，這次來談「長高」。很多父母都希望小孩子長高一些，即使自己沒有多高，還是希望「一代比一代高」，診所常常接到詢問「增高丸」、「轉骨方」的電話。也有不少的家長以為拼命灌牛奶，或者每天煮各種中藥煲湯，小孩子就會長得又高又壯。報章雜誌及網路上更是充滿了各種以鈣片為基礎的「增高營養補充劑」，廣告說得多麼有用、多麼好聽！</p>\n<p>其實，想要長高，有三件重要的事：睡覺、吃飯、運動，聽起來理所當然，真的做得好的沒幾個。首先，睡覺，小孩子要頭腦好、身體壯、長得高，除了得睡足時間外，更重要的是早睡。中醫認為白天氣血在表，為身體拿來使用，到了晚上，氣血得入裡，一方面修復及成長內部組織，另一方面也讓肝臟更新血液的生命力。很多人聽過晚上十一點到三點為肝膽經的時間，得十一點前入眠，讓血液順利歸肝，然而，小孩子處於快速成長的階段，應該更早入眠。多早去睡覺？我們建議學齡前九點以前，小學九點半，中學十點，高中十點半。而這是假設小孩子上床很快就可以睡著，如果小孩子得拖很久才入眠，或者睡得不安穩，扭來扭去，甚至睡眠很淺，一直醒來，那就得找中醫師看診，改善睡眠狀態。當然，很多小孩子課業及活動繁重，無法早點入睡，那父母就得權衡是不是值得犧牲睡眠的時間。如果你硬要問我，我會告訴你不值得，除非有特殊狀況，絕大部分小孩子晚睡的原因不是事情太多，而是時間管理不良，不然就是父母自己也習慣很晚睡，不覺得晚睡有什麼不對。</p>\n<p>吃飯，大家都知道營養要均衡，不要偏食。實際上，很多大人和小孩的飲食習慣是一團亂，還自以為健康。譬如，一大早起來喝杯新鮮果菜汁，再配罐優酪乳，以為給身體提供了大量的維生素及酵母菌，其實讓脾胃越來越寒濕，消化吸收能力越來越差，或者認為紅肉不健康，不吃牛肉、羊肉，又不刻意多加補血的食物，導致血虛嚴重，身體越來越差等等，這裡就不一一討論了。至於小孩子正餐這不吃那不吃，父母或家中長輩又心疼小孩子挨餓，讓小孩子吃一堆零食，結果小孩子身體不好、長不高，還問有沒有什麼營養品、維他命可以給小孩子服用，讓人啼笑皆非。</p>\n<p>運動，這點每個小孩子、每個家庭的習慣差很多。適當的運動可以刺激筋骨成長，提高人體的免疫力及新陳代謝，也間接幫助小孩子的飲食及睡眠，當然也就幫助小孩子長高、長壯。運動只靠學校的體育課是不夠的，雖然不一定需要加入什麼球隊、游泳隊，每週都應該有固定的運動時間，而年紀小的小孩子，最好的辦法就是爸媽帶著小孩子一起運動，打球、爬山、跑步等，不但幫助身體健康，也增進親子感情，更何況很多爸爸媽媽自己都缺乏運動，這是一個很好的理由讓自己動起來！</p>\n<p>長高，和維持身體健康一樣，沒什麼祕訣，從好好睡覺、正常飲食、適當運動做起！</p>",
  "article_time": "2020年09月02日 21:19",
  "comments": [
    {
      "id": "8c288b486fa5a39ac064f72546dbfb0e",
      "author": "李晨",
      "time": "2020年09月02日 23:33",
      "content": "<p>李医生说的对，中国经常看到小孩子6-7月份吃那些冷饮，冰棒，有一些寒热观念后，我了解早在10年前大伙都是冰镇啤酒啊，热天我都要冰的还得放冰箱。<br/>\n猪肉价格都30元，牛肉羊肉50多元一斤，一般人还是买不起的哦，只有家里有喜事请客才会买的。<br/>\n血虚这个问题也特别关键，心血，肝血，现代很多工作都会造成血虚，以前没有接触中医总了解女性需要多补血，换在现代男性也应该多补血。<br/>\n血虚的人如同嫩草遭霜，寸步难行。</p>",
      "level": 0,
      "highlight": false,
      "children": [
        {
          "id": "dc2dd70841d3ace2f9eff3eee059b46e",
          "author": "陈玲",
          "time": "2020年11月02日 23:33",
          "content": "<p>一般人买不起猪肉牛羊肉？你确定你是中国的吗？</p>",
          "level": 1,
          "highlight": false,
          "children": [
            {
              "id": "e1a1823009a48ae6ae8dfa90031d4905",
              "author": "玉人辛",
              "time": "2024年01月19日 12:49",
              "content": "<p>可能他说的是十年前吧</p>",
              "level": 2,
              "highlight": false,
              "children": []
            }
          ]
        }
      ]
    },
    {
      "id": "ae5165146118c0eb029bdee27d7ce040",
      "author": "山西-杨柳春风",
      "time": "2020年09月03日 12:47",
      "content": "<p>太及时了，学习了</p>",
      "level": 0,
      "highlight": false,
      "children": []
    },
    {
      "id": "578e7573359ba13292a98419f9568bef",
      "author": "李晨",
      "time": "2020年09月03日 01:45",
      "content": "<p>那么在中医的观念来说，早餐怎样吃呢？一杯热豆浆，或者一个炒饭，肠粉，或者肉汤。</p>",
      "level": 0,
      "highlight": false,
      "children": []
    },
    {
      "id": "578f30206f4b880306175a6ed70ccb46",
      "author": "我叫曹策",
      "time": "2020年09月03日 06:11",
      "content": "<p>李医师您好！我是中国山西临汾的一名乡村医生，我姑姑家女儿今年十九岁，在海南大学读大学一年级。从去年寒假开始手不能写字，站起来自己不能坐，一坐就往后倒。坐下后又站不起来。流口水。吞咽困难，手不由自主的抬起来很高，做到椅子上腿脚也不由自主抬高。说话很不清楚，先后去北京协和医院，和浙江一所医院治疗，让排铜，无效果，反而病情加重。我们全家恳请李医师在百忙之中帮助我妹妹，或者在国内给推荐一名中医师治疗。谢谢您，</p>",
      "level": 0,
      "highlight": false,
      "children": [
        {
          "id": "0daa59fd1317d273dac55962d6f899b2",
          "author": "李宗恩",
          "time": "2020年09月04日 12:50",
          "content": "<p>很抱歉，只憑你簡單的敘述，沒辦法真的瞭解病情，而我也無法在網上針對個案一一討論。</p>",
          "level": 1,
          "highlight": true,
          "children": []
        }
      ]
    },
    {
      "id": "73fbca1e5c475c1af2a5a4a13952a6e6",
      "author": "Mr. Yan",
      "time": "2020年09月03日 06:11",
      "content": "<p>22岁的孩子不长肉，皮包骨。小建中汤并未改变食欲。有人说需要小建中汤加肥儿丸，不知有效无效。天纪弄成云端大数据就好了，人常常算错。</p>",
      "level": 0,
      "highlight": false,
      "children": [
        {
          "id": "b09d115552974ff3d2cda784fe6508fa",
          "author": "李宗恩",
          "time": "2020年09月04日 12:52",
          "content": "<p>你應該帶他去看中醫師，而不是自己是試這個藥方那個藥方，22歲也不是小孩子了，如果生活習慣不正常，那也很難長肉。</p>",
          "level": 1,
          "highlight": true,
          "children": []
        }
      ]
    },
    {
      "id": "6210e64e8c106a05eb9df0cc2cb80388",
      "author": "陈半夏",
      "time": "2020年09月03日 07:42",
      "content": "<p>李医师说得好。中医就是生活之理，就是平常的衣食保暖。</p>",
      "level": 0,
      "highlight": false,
      "children": [
        {
          "id": "a40ed06b2d56097fd3e77ba2f10492bd",
          "author": "mr. wu",
          "time": "2024年02月26日 10:33",
          "content": "<p>長高。跟基因有關，我父母都是170公分以上。可能跟運動也有關，小學時記得常去monkey bar吊單杠的設備那裡吊著來來回回，也跳跳繩，跳投籃球，我想這些對我的178公分的身高都有貢獻。</p>",
          "level": 1,
          "highlight": false,
          "children": []
        }
      ]
    },
    {
      "id": "36680ea5d795c8cd0dd8d787439c8673",
      "author": "李晨",
      "time": "2020年09月04日 16:03",
      "content": "<p>其实李医生有时讲的也比较自保。来此网站咨询的大部分都是在大陆求医问药，有过经验的。<br/>\n试想一下中国有3000多个县至少有2500个县的中医师治疗方法大多以寒凉清热去火为主。<br/>\n金银花，白花蛇舌草，连翘，等一大堆寒药，在加一堆补肾的药物，一个处方就形成了。<br/>\n这样吃下去有些患者舌头越来越白厚，水泛。<br/>\n个人建议，实在找不到一些经方医生，可以尝试自己用中医问诊八刚辩证来开一些处方。<br/>\n因为现实的医疗环境就是这样，比如我去看一个医师挂号费50，开出来的中药如垃圾材质，喝的没有效果，然后又打听中医师，挂号费100，号称药与别的地方不同，又多几百。这倒算了，最后吃下来也没有效果。</p>",
      "level": 0,
      "highlight": false,
      "children": [
        {
          "id": "008e4c2db8f55e4c0987754fc1b4e86c",
          "author": "倪师的小粉丝",
          "time": "2020年09月05日 04:39",
          "content": "<p>李晨，李博士作為倪師的高徒，深得倪師真傳，醫德很好，倪師沒選錯，很崇敬！視頻問診的確望聞問切資訊量很少。和現場問診沒法比！個人認為，李博士不光要注意自己的行為，也要維護好倪師的招牌和名聲！的確，中國大陸比較多溫病派的，拿我個人來說，我有頭部癤症。診斷為濕熱內侵，西醫所說的脂漏性皮膚炎，在廣東省中醫院看了一年了，遵醫囑，只能控制，開的都是清熱解毒涼血化瘀的藥，什麼淡竹葉 蒲公英 金銀花 ，上個禮拜去廣州中醫藥大學附屬第一醫院看，掛號費100塊，也是開同樣類似的藥，錢花了很多，但是不見好！和他說了上熱下寒，腰部著涼後很痛(一年前腰椎間盤突出），開的藥都是寒涼清熱解毒祛濕的藥，補腎的都沒！前幾天在深圳做了三次針灸，是電針，療效有，但腰部還是很痛！然後，我昨天找民間沒證的中醫師(也是倪師的粉絲），開真武湯加當歸四逆湯加腎四味，昨夜喝了半碗，今天腰痛減輕了60％。在大陸，找到適合自己的好中醫，很難，所以很多人都來問李博士，李博士也懂的，我們就默默看李博士的好案例，多學習學習！</p>",
          "level": 1,
          "highlight": false,
          "children": [
            {
              "id": "a1dbed8842058619b9d78d978d01ad74",
              "author": "ieitZYB",
              "time": "2020年09月05日 16:57",
              "content": "<p>〖深圳-施合一〗<br/>\n驻诊机构：正安中医，深圳福田店，微信公众号《正安中医》内预约，<br/>\n<a href=\"https://mp.zanchina.com/html/hospital/hospital_detail.html?id=MD_shucheng\" rel=\"nofollow ugc\">https://mp.zanchina.com/html/hospital/hospital_detail.html?id=MD_shucheng</a> </p>\n<p>医师：<br/>\n<a href=\"https://mp.zanchina.com/html/doctor/doctor_detail.html?id=101427\" rel=\"nofollow ugc\">https://mp.zanchina.com/html/doctor/doctor_detail.html?id=101427</a> </p>\n<p>微信公众号《正安文化》介绍：https://mp.weixin.qq.com/s/7YLh-QY2F3jgU8Vf_atV5w</p>",
              "level": 2,
              "highlight": false,
              "children": [
                {
                  "id": "80894000b49ba1cf1ea11b74dff7edba",
                  "author": "ieitZYB",
                  "time": "2020年09月05日 16:58",
                  "content": "<p>微信公众号《正安文化》介绍：<br/>\n<a href=\"https://mp.weixin.qq.com/s/7YLh-QY2F3jgU8Vf_atV5w\" rel=\"nofollow ugc\">https://mp.weixin.qq.com/s/7YLh-QY2F3jgU8Vf_atV5w</a></p>",
                  "level": 3,
                  "highlight": false,
                  "children": [
                    {
                      "id": "73f7c1229a8f1d88a284cce42b19d3e5",
                      "author": "ieitZYB",
                      "time": "2020年09月05日 17:05",
                      "content": "<p>上面太旧，正安文化公号相关文章迁移修改到：<br/>\n<a href=\"https://mp.weixin.qq.com/s/Mqohzdf5_ptCh9RDt2tLCQ\" rel=\"nofollow ugc\">https://mp.weixin.qq.com/s/Mqohzdf5_ptCh9RDt2tLCQ</a></p>",
                      "level": 4,
                      "highlight": false,
                      "children": []
                    },
                    {
                      "id": "4c759fb836e34c97508896fd431f5cac",
                      "author": "倪师的小粉丝你",
                      "time": "2020年09月06日 07:57",
                      "content": "<p>谢谢您</p>",
                      "level": 4,
                      "highlight": false,
                      "children": []
                    },
                    {
                      "id": "6e50e2b19f9fdd41debdcbf2c74a306e",
                      "author": "倪师的小粉丝",
                      "time": "2020年09月06日 16:28",
                      "content": "<p>查了 施大夫没有在深圳坐诊</p>",
                      "level": 4,
                      "highlight": false,
                      "children": []
                    },
                    {
                      "id": "8406627b528ae5959be5fddc2bc7024b",
                      "author": "ieitZYB",
                      "time": "2020年09月07日 01:07",
                      "content": "<p>北京时间16:00我特别400电话转到正安深圳福田店问施合一医师的情况，人工确认有坐诊，只是人现在在台湾，“没有确定的出诊排期”。</p>",
                      "level": 4,
                      "highlight": false,
                      "children": []
                    },
                    {
                      "id": "bc087f40c362dcbfeba3e04cf29da12e",
                      "author": "倪师的小粉丝",
                      "time": "2020年09月24日 03:56",
                      "content": "<p>问了 施大夫的助理 说施大夫今年或者明年不在接收新的患者了</p>",
                      "level": 4,
                      "highlight": false,
                      "children": []
                    }
                  ]
                },
                {
                  "id": "458a7a35c9066a880b7b72b4975b3767",
                  "author": "粉丝",
                  "time": "2020年09月24日 06:24",
                  "content": "<p>问了 施合一大夫今年不坐诊了 明年也不会坐诊了</p>",
                  "level": 3,
                  "highlight": false,
                  "children": []
                }
              ]
            }
          ]
        },
        {
          "id": "e30107842c4d93ce1f247b72c16844a3",
          "author": "gordon",
          "time": "2020年09月25日 09:04",
          "content": "<p>我也同意李晨的意見：能夠找到李醫師的網站的不是中醫愛好者就是尋醫無門的自學中醫的患者，在國內實在是找不到經方中醫了，都有一定的中醫基礎。<br/>\n所以我們大家才想在這裡陳述相關的症狀，希望得到李醫師的回復—–可能的多個治療方向和思路，讓大家有一個學習的機會。希望李醫師不用這麼保守，給診斷思路，不給藥方就可以了。不勝感謝！</p>",
          "level": 1,
          "highlight": false,
          "children": [
            {
              "id": "2aa934afb599705b783521a1fe9bf1d9",
              "author": "李宗恩",
              "time": "2020年09月28日 10:27",
              "content": "<p>我盡可能回答大家的問題，然而，每天以各種管道聯絡診所的信函很多，我沒有時間和精力針對個案一一回答。</p>",
              "level": 2,
              "highlight": true,
              "children": []
            }
          ]
        }
      ]
    },
    {
      "id": "a8da472701671f2723e2ba885d37c72e",
      "author": "李晨",
      "time": "2020年09月05日 15:40",
      "content": "<p>记得我开始身体不舒服的时候也是在广东打工，边上班边工作，然后也是看了所谓很多老中医呀，那个时候开出来的方子都是清热的，就说什么难治呀，湿热下注。一派寒象被说成湿热下注。<br/>\n后面又去了广东省中医院三甲的，<br/>\n那里的医生更搞笑，主任医师，也不问你脚冷不冷手冷不冷，睡觉怎样，把脉一看，处方就出来了，而且他们那种中药特别差，和后面我自己挑选的精方药材对比简直我在吃树叶。<br/>\n后面我没有接触倪老师的教程一直在找医生治，那个时候还买了网络上的一种，利尿丸，假药，发了我1600，还说是什么穿山甲打粉冲服。后面没有效果，他们网站被曝光有人吃了肾衰竭。<br/>\n呵呵！后面我学习倪老师的教学，慢慢把身体挽留回来。<br/>\n如倪老师所说，<br/>\n时也？命也？交给老天把</p>",
      "level": 0,
      "highlight": false,
      "children": []
    },
    {
      "id": "1f57d6d91b056dfd6f2a62134a1c129a",
      "author": "李晨",
      "time": "2020年09月05日 15:45",
      "content": "<p>我也变成了，倪老师和李宗恩医师口中所说的，一些长期吃西药控制血压的，放不下西药的那些人。<br/>\n可我是被恶劣的中医中药害的，其实那个时候证很简单，就真武汤，当归四逆汤，加减，半个月就好了。<br/>\n后面被庸医搞来搞去。这就变成了心脏病，等等。<br/>\n现在我自己学倪海夏老师的方法治。就算不好也认了，相信倪老师不会骗人。</p>",
      "level": 0,
      "highlight": false,
      "children": []
    },
    {
      "id": "e2923a18ae62c37f2b6d9dbf6e4869ba",
      "author": "MX",
      "time": "2020年09月07日 22:07",
      "content": "<p>请问下李医师，中医里面有对食物的酸碱性质的判断么？还有身体酸碱性质的判断？看到很多地方都提到食物的酸碱性对身体的影响，之前倪师也提到咖啡是酸的，会得到癌症，不知道李医师怎么看待这个问题？这个理论在临床和日常生活中可以使用么？谢谢</p>",
      "level": 0,
      "highlight": false,
      "children": [
        {
          "id": "9c4ec0ddcfbfbd8fe4b0cd316d33d7db",
          "author": "李宗恩",
          "time": "2020年09月08日 15:36",
          "content": "<p>食物的酸鹼度在網上可以查到，並非鹼性食物就對人體好、酸性食物就對人體不好，還是得看是什麽食物，倪老師説的是「咖啡是不好的酸」。至於「酸性體質」、「鹼性體質」，是個誤解及市場宣傳操作的結果，身體各部分的酸鹼度不同，不能取個平均值或以某種體液來代表，最早提倡「鹼性體質」、「吃鹼性食物」的Robert O. Young已經被判決詐欺罪，賠款一億多美金。</p>",
          "level": 1,
          "highlight": true,
          "children": []
        }
      ]
    },
    {
      "id": "aa01ffee1d05948210f41247e86a5faa",
      "author": "田玉红",
      "time": "2020年09月08日 03:29",
      "content": "<p>非常感谢李宗恩老师，曾经觉得大医精诚离我们如此远，可是自接触到您的文章，还有您对通许新冠的治疗及对新冠毫不保留的透彻分析，（国内很多发表关于新冠治疗文章让人一头雾水）才发现原来今天真的有大医，您的医德让人尊敬，您精湛的医术让人钦佩，恳请李宗恩老师能将您的理念，您的医案整理出书，也好让我们这些小白学习到正统的、能够治病的方法。也请您百忙之中注意休息，照顾好自己！</p>",
      "level": 0,
      "highlight": false,
      "children": [
        {
          "id": "ad20edac7af7246716e39050650d26e4",
          "author": "李宗恩",
          "time": "2020年09月08日 15:37",
          "content": "<p>謝謝你的支持及鼓勵！</p>",
          "level": 1,
          "highlight": true,
          "children": []
        }
      ]
    },
    {
      "id": "9de6b1ca301caa7d86666ffcf80c9071",
      "author": "李晨",
      "time": "2020年09月08日 22:01",
      "content": "<p>李医生，阿胶能用比较便宜的黄明胶代替吗？同仁堂阿胶好贵呀。同仁堂一副药150<br/>\n之前我在桂林汉唐那里看病，他们把我拉黑名单了，只要有我的联系方式全部都屏蔽拉黑了。<br/>\n发了5000多块钱，初诊500。<br/>\n所谓复诊，就是像咱们这样和李医生聊天，回复一句话就收200块。<br/>\n我也没有攻击他们，只是反应效果不好就被封杀，被他们封杀的人都很多。</p>",
      "level": 0,
      "highlight": false,
      "children": [
        {
          "id": "91a0bbf2e3293bff1f080791dc977241",
          "author": "李宗恩",
          "time": "2020年09月09日 21:40",
          "content": "<p>黃明膠效果不如阿膠。</p>",
          "level": 1,
          "highlight": true,
          "children": []
        },
        {
          "id": "5dc18e24fc91643c269cd7c63a7029b7",
          "author": "shawn",
          "time": "2020年09月22日 21:00",
          "content": "<p>我有在黄连阿胶汤中用黄明胶替代（5g一碗），效果很好，不止一位病人。但也只限于这个汤方。<br/>\n至于止血效果还是参看李医师的经验。</p>",
          "level": 1,
          "highlight": false,
          "children": []
        }
      ]
    },
    {
      "id": "d593529327b7042cc4fcd502ef0da43f",
      "author": "云叶",
      "time": "2020年09月11日 15:31",
      "content": "<p>敢问李医生小孩子睡觉流口水是一个病症吗？大人睡觉流口水又如何？我记得以前小的时候吃太多芒果就容易睡觉流口水，然后父母就不让我吃了。一旦有睡觉流口水他们就常常用一个表示身体虚掉缺营养的方言词来形容这种状态，然后就开始多煮肉汤骨头汤来给我喝。一直不明白其中缘由，烦请先生解惑</p>",
      "level": 0,
      "highlight": false,
      "children": [
        {
          "id": "734ba16a92086a67b5d630ca8c1f11f3",
          "author": "李宗恩",
          "time": "2020年09月14日 15:31",
          "content": "<p>睡覺流口水是給症狀，通常代表脾虛，不過，小孩子睡覺流口水，也常常是胃火反逆，譬如太晚吃晚餐，或者你說的吃太多芒果，芒果偏熱，半夜胃火往上，小孩子就容易睡覺磨牙、流口水。</p>",
          "level": 1,
          "highlight": true,
          "children": [
            {
              "id": "34b1569c4008fa1b81254267d989f877",
              "author": "云叶",
              "time": "2020年09月24日 09:25",
              "content": "<p>原来如此，感谢李医生答疑</p>",
              "level": 2,
              "highlight": false,
              "children": []
            },
            {
              "id": "94a34e169961740f3ee05ecc59786176",
              "author": "姚锐",
              "time": "2020年10月06日 14:00",
              "content": "<p>请教李医师，睡觉时张嘴呼吸又可能是什么原因，需要怎么治疗呢？</p>",
              "level": 2,
              "highlight": false,
              "children": [
                {
                  "id": "cd3fbff18e9ae8d6665a08620807471f",
                  "author": "李宗恩",
                  "time": "2020年10月06日 19:48",
                  "content": "<p>鼻腔阻塞。</p>",
                  "level": 3,
                  "highlight": true,
                  "children": [
                    {
                      "id": "d8081c3a554deda9053bd5481cd430a7",
                      "author": "姚锐",
                      "time": "2020年10月07日 08:18",
                      "content": "<p>谢谢老师！</p>",
                      "level": 4,
                      "highlight": false,
                      "children": []
                    }
                  ]
                }
              ]
            }
          ]
        }
      ]
    },
    {
      "id": "63f115aa5cf3eda5c4970f8c57aabcdb",
      "author": "Gary",
      "time": "2020年09月15日 04:57",
      "content": "<p>宗恩老師您好，在中醫的角度，不知道有沒有在不傷害小孩的情況下讓她別長得太高？女孩子，母親178cm父親193cm，怕女孩太高不好，感謝您的解答！</p>\n<p>另外想請教老師，喉嚨時不時有一種好像有堿水，堿堿的感覺是什麼狀況？舌苔後邊接近喉嚨很厚，前邊舌尖比較紅。謝謝您，祝您一切越來越好！</p>",
      "level": 0,
      "highlight": false,
      "children": [
        {
          "id": "1420d2376028d5f0dbeb5e00871cd3cb",
          "author": "李宗恩",
          "time": "2020年09月18日 20:42",
          "content": "<p>刻意壓抑身體成長，是會有傷害的。</p>",
          "level": 1,
          "highlight": true,
          "children": [
            {
              "id": "369b1f9ed4615fd403b88bd32f55ffb2",
              "author": "Gary",
              "time": "2020年10月01日 03:09",
              "content": "<p>谢谢宗恩老师解答</p>",
              "level": 2,
              "highlight": false,
              "children": []
            }
          ]
        }
      ]
    },
    {
      "id": "5c2e70dd62f480189e33c6873fbfda25",
      "author": "Mayin",
      "time": "2020年09月29日 06:48",
      "content": "<p>李医生，可否在之后的养儿育女篇里说一说【少年白】，就是儿童、少年期长白头发。</p>",
      "level": 0,
      "highlight": false,
      "children": [
        {
          "id": "a1fc495be8ffa534d742c78843ed5173",
          "author": "粉丝",
          "time": "2020年09月29日 08:41",
          "content": "<p>我就是 非遗传，很多，从学前班到现在都经常被别人指指点点，说是不是太用脑，刚开始还挺别扭的，习惯就好</p>",
          "level": 1,
          "highlight": false,
          "children": []
        },
        {
          "id": "f48adc1807295dc1b348ba3b3948beea",
          "author": "李宗恩",
          "time": "2020年09月30日 19:53",
          "content": "<p>我盡量，同時看看其它還有什麼大家比較關心的題材。</p>",
          "level": 1,
          "highlight": true,
          "children": [
            {
              "id": "ccb909eb0d44b9acee94909e1bdbb873",
              "author": "生",
              "time": "2021年03月12日 06:55",
              "content": "<p>咱都鸭颈伸得鹅颈长了，请问李医生什么时候讲白头发？</p>",
              "level": 2,
              "highlight": false,
              "children": [
                {
                  "id": "08bdb63867d4dee0657840fa73dcf8ca",
                  "author": "李宗恩",
                  "time": "2021年03月15日 13:40",
                  "content": "<p>青少年白頭髮並不多見，這系列文章討論常見問題。</p>",
                  "level": 3,
                  "highlight": true,
                  "children": []
                }
              ]
            }
          ]
        }
      ]
    },
    {
      "id": "cbb7f576e501970f7dbb97ab886f69e8",
      "author": "包兒",
      "time": "2020年10月12日 01:04",
      "content": "<p>請問中醫怎麼看待麵食與麩質呢？包子、水餃、麵類<br/>\n我知道服用桂枝湯後禁吃肉麵類，這跟麩質有相關嗎？還是單純滑黏較不好消化易生濕呢？<br/>\n我有朋友早上吃包子類的會胃食道逆流，有朋友小孩晚上吃麵食類的會氣喘夜吐<br/>\n但在歐洲，麵食類又是主食，是他們的氣候較乾燥，所以體質也相對台灣的較不易生濕嗎？<br/>\n謝謝:)</p>",
      "level": 0,
      "highlight": false,
      "children": [
        {
          "id": "6e105028397aa5a0ffdf8770b32c15c5",
          "author": "李宗恩",
          "time": "2020年10月16日 14:32",
          "content": "<p>一般而言，麵食比較容易造成脾濕，但本來應該影響不大，現在基因改造的麥子越來越多，許多研究認爲基因改造麥子做成的食品有許多問題。</p>",
          "level": 1,
          "highlight": true,
          "children": []
        }
      ]
    }
  ],
  "page": 18,
  "order": 2,
  "filename": "data\\page17\\page17_order9_6210e64e8c106a05eb9df0cc2cb80388.json"
}