{
  "article_url": "https://andylee.pro/wp/?p=3471",
  "title": "很抱歉，我在台灣不看診",
  "content": "<p>前一陣子公開到台灣演講的行程以後，有不少的病患與家屬聯絡診所或我個人，希望我能在台灣幫忙看診。週末晚上陪家人看電影時，手機又顯示了一位媽媽的來信：</p>\n<p>＝＝＝＝＝</p>\n<p>李醫師您好，我住台灣，我女兒今年小一，從小班開始出現失神性癲癇，雖然我找很多中醫治療，也去針灸，但就是沒有用，依然頻繁發作。我想請問您來台灣演講時，我可不可以帶孩子去找您，請您幫忙看看。我經濟上不是那麼富裕，要飛去美國看診，對我而言，太困難了，我得借很多錢才行，雖然我真的很想去美國找您，可是我有三個小孩要養，暫時不能做這件事。</p>\n<p>我想說問問看，您在台灣有看診嗎？</p>\n<p>我知道您曾經治癒過這樣的孩子，怎麼樣才能讓您治療我的小孩?</p>\n<p>＝＝＝＝＝</p>\n<p>看到了許多像這樣的來函，心裡很難過。有的是爸爸媽媽對小孩子的病情一籌莫展，有的是為人子女非常擔心父母的病情惡化，有的是病人自己已經被病魔折磨了很多年。 我很想幫忙，雖然我不一定能治好這些所有的病人，多一份嘗試，就多一份希望，而一個病，不只是一個人痛苦，往往是一家人痛苦，如果能幫到一個病人，其實是讓一整個家庭脫離痛苦。</p>\n<p>然而，有幾個原因，我無法在台灣看診。首先，台灣的醫療法規很嚴，美國的醫療執照是不能在台灣使用的，違反台灣的醫療法規，會帶給我很大的麻煩。第二，每次回亞洲，行程都排得很滿，除了公開的演講以外，有很多私人的會議及聚會，沒有什麼機會能平心靜氣地看診，如果只是「很快地看一下」，是對不起病人的。 第三，那些長期或嚴重的病症，往往不是看一次診就可以解決的，而得需要一段時間，按部就班的治療，就算是起了一個好的開頭，沒有了後續動作，也無法得到好的結果。</p>\n<p>所以，請大家見諒，我無法於出差到台灣時看診。而我的親朋好友們，以及辛苦舉辦演講的主辦單位同仁們，我很樂意簡單回答一些醫學及治療上的問題，基於同樣的原因，我實在也無法真的幫忙看診，請不要認為我自己以為有了一些些名聲，對人的態度就改變了，而是我重視你們的健康，如果只是「隨便應付一下」，是對不起你們的。</p>\n<p>何況，台灣有很多很不錯的中醫師，不是遠來的和尚就比較會唸經。花心思去找，一定可以找到能就近幫忙的中醫師。</p>\n<p> </p>\n<p> </p>",
  "article_time": "2016年03月28日 11:11",
  "comments": [
    {
      "id": "ceab0f85db93f4ba7dc8357868ce2a05",
      "author": "david",
      "time": "2016年03月28日 21:45",
      "content": "<p>請問李醫師<br/>\n我有”吃不胖”、”頭皮屑、臉上白屑”和鼻子過敏(聽說鼻涕和鼻水又不一樣，我不太會分…)的問題<br/>\n想要找中醫師治療，請問可以一起說給醫師聽嗎?<br/>\n或是哪個優先治療比較好?<br/>\n因為我之前去看中醫，說了很多問題，被醫師問:你到底想先治療哪個?……</p>",
      "level": 0,
      "highlight": false,
      "children": [
        {
          "id": "575f57a3aaf0ea2cf4fbb37afdf29426",
          "author": "andy",
          "time": "2016年03月29日 08:40",
          "content": "<p>你應該把所有問題告訴醫師，不代表所有問題一起解決，而是讓醫師對你有比較全面的了解。然後，醫師依據輕重緩急，以及症狀對你的困擾程度，決定從哪裡開始治療。也就是說，醫師問你想先治療哪個，並不是頭痛醫頭腳痛醫腳，而是考量你的感受及意願。</p>",
          "level": 1,
          "highlight": true,
          "children": []
        }
      ]
    }
  ],
  "page": 45,
  "order": 9,
  "filename": "data\\page45\\page45_order6_9fb15d43a3197899e212e20472e25ce0.json"
}