{
  "article_url": "https://andylee.pro/wp/?p=3214",
  "title": "香港朗文出版的「新高中綜合中國語文：科普作品選讀」",
  "content": "<p><a href=\"https://andylee.pro/wp/wp-content/uploads/2015/11/HKTextbook.jpg\"><img alt=\"HKTextbook\" class=\"alignnone size-full wp-image-3213\" decoding=\"async\" fetchpriority=\"high\" height=\"301\" sizes=\"(max-width: 239px) 100vw, 239px\" src=\"https://andylee.pro/wp/wp-content/uploads/2015/11/HKTextbook.jpg\" srcset=\"https://andylee.pro/wp/wp-content/uploads/2015/11/HKTextbook.jpg 239w, https://andylee.pro/wp/wp-content/uploads/2015/11/HKTextbook-238x300.jpg 238w\" width=\"239\"/></a></p>\n<p>最近才知道，香港高中教科書、香港朗文出版社幾年前出版的「新高中綜合中國語文：科普作品選讀」收錄了我九年多前寫的文章「<a href=\"https://andylee.pro/wp/?p=39\">中醫與科學</a>」。幾年前朗文出版社和我聯絡，問我能不能使用我的文章，當時我同意後，沒有聽到什麼後續消息，也就以為不了了之了，到現在才知道原來五年前就收錄出版了。不過，據說出版社有個地方搞混了，幫我多加了「第一屆中央研究院院士」的職稱，那是已故的協和醫院李宗恩院長(1894~1962) …. Well, 或許朗文出版社好心地預言我幾年後會當上中央研究院院士！</p>",
  "article_time": "2015年11月11日 21:13",
  "comments": [
    {
      "id": "d6e3b38bcc599f9d051694310fdaed6e",
      "author": "魯豆腐",
      "time": "2015年11月12日 05:27",
      "content": "<p>最好是以中醫入選院士會比物理學入選院士，要來得光榮，不過若是跨領域的雙院士，會更加風光呀！</p>",
      "level": 0,
      "highlight": false,
      "children": []
    },
    {
      "id": "71405191312dce54b4dd39c872c828ae",
      "author": "中医太美",
      "time": "2015年11月17日 23:55",
      "content": "<p>我也很盼望您以以中醫身份入選院士呢。</p>",
      "level": 0,
      "highlight": false,
      "children": [
        {
          "id": "11073bd92efbeb9b2474733c8648eedd",
          "author": "andy",
          "time": "2015年11月18日 08:56",
          "content": "<p>謝謝鼓勵。</p>",
          "level": 1,
          "highlight": true,
          "children": []
        }
      ]
    }
  ],
  "page": 48,
  "order": 3
}