{
  "article_url": "https://andylee.pro/wp/?p=3502",
  "title": "紀念我的老朋友Sid Agrawal",
  "content": "<p>最近台灣、加州、及許多其它地方，都發生了令人髮指的兇殘事件，這讓我想起了我的老朋友Sid Agrawal。</p>\n<p>Sid比我大二十歲，印度裔美國人，工程背景，芝加哥大學MBA。Sid是一個成功的高科技管理人，早年在Intel任職，據他說當時Andy Grove和他在一起打拼，Andy Grove負責技術，他負責市場行銷，而Sid 也是Intel派到印度成立印度分公司的第一人。後來，Sid名聲大了，陸陸續續被幾家高科技公司請去當最高層的管理人。</p>\n<p>我認識Sid是十五六年前的事了。當時我拿到電機博士沒幾年，創投市場火熱，一些投資人看中了我在史丹佛大學申請的專利，拿了一筆錢給我，要我離開Cisco開我的第一家公司。雖然，初生之犢不畏虎，又有我那位知名的指導教授Prof. Donald Cox撐腰，在投資人眼裡，我還只是一位很嫩的外國留學生，他們堅持我找一位專業的執行長CEO。我在半推半就的情況下，請了Sid Agrawal來當公司的執行長，我自己退為科技長CTO。很快的，我了解到為什麼投資人要找一位專業的執行長，Sid對科技公司的經營管理比我知道的多太多了，他成為了我的Mentor，我們有一半的時間在外面拜訪投資人、客戶、合作夥伴等等，中間稍有喘息的時間，Sid和我就會天南地北的聊很多，從科技趨勢、經濟市場、到他的姓氏「Agrawal」在印度為貴族姓氏，而為什麼姓氏在印度對一個人有那麼大影響。我從Sid那學了很多。即使後來我們各自有各自的事業發展，我們每隔一段時間還是會一起吃個午餐，再度天南地北的聊一聊。</p>\n<p>2008年11月14日，我突然接到以前公司副總的電話，他告訴我 Sid死了，幾個小時前被人謀殺了！</p>\n<p>Sid那時在一家叫SiPort的科技公司擔任CEO，公司裡一位華裔的工程師因為表現不良，被負責管理工程的副總給開除了。這位華裔工程師週五早上被通知公司的決定，收拾了個人物件回家後，心裡不平，回頭來找公司理論。這時正好Sid也在公司，於是當執行長的Sid、副總、及管理人事的主管三個人一起會見這位剛被開除的工程師。沒想到，會議室門關上沒幾分鐘，這位工程師掏出了手槍，近距離地槍殺了Sid及另外兩位同仁。</p>\n<p>一周多後，我參加了Sid的追悼會。追悼會由Sid唸哈佛大學的大兒子主持，場面十分感傷。Sid的大兒子先介紹了Sid的生平大事，他是如何長大，如何求學，如何在職場上一步一步的往上爬，如何熱心公益受人敬重。接下來是也剛上哈佛大學的二兒子回顧Sid的家庭生活，告訴大家一些不為人知的父子情長，一位父親對兒子們的深遠影響。</p>\n<p>追悼會上我哭了，真的哭了。我想起了我和我這位工作夥伴、Mentor、好朋友多年的互動，我想起了我自己的父親，想起了我父親對我含蓄卻深沈的愛。同時，我也想到了我的兒子。我在想，有一天我離開這個世界的時候，我的兒子會是如何形容他的父親？會是如何敘述父親對他的影響？那時，我的心被深深的觸動、被震撼，我希望在未來我的追悼會上，我的兒子不是用「一個聰明的賺錢機器」來形容他的父親，我希望我的兒子能覺得他的父親為這個社會做了些有意義的事，對這個世界有些實質的貢獻。我希望當我走的時候，我的兒子能為他的老爸感到一絲絲的驕傲。</p>\n<p>我因為我父親得肝癌，開始認識中醫，而老朋友Sid Agrawal的追悼會，或許是我心靈上的轉折點，讓我真的覺得人生應該做更有意義的事情。</p>\n<p>Sid, my old friend, may you find your peace and happiness in heaven!</p>\n<p> </p>\n<p> </p>\n<p> </p>",
  "article_time": "2016年03月30日 09:56",
  "comments": [
    {
      "id": "4cb066b9ab8d7c55a43b940503ab7b80",
      "author": "山林雾霭",
      "time": "2016年03月30日 19:01",
      "content": "<p>一生中，对自己影响深远的人屈指可数，特别是在工作以后还能找到在重要关头给自己指点迷津的贵人更是可遇不可求了。特别理解老师的心情，希望您不要太难过，更不要幻想自己离开世界的时候，看了会让很多人伤心的;) 但愿世间太平，好人好报！</p>",
      "level": 0,
      "highlight": false,
      "children": []
    },
    {
      "id": "dbfc973bcf98509dcb5cb07309b3004a",
      "author": "carey",
      "time": "2020年12月20日 20:29",
      "content": "<p>湿润了眼睛，似乎也更明白了李医师为何如此执着的推广倪师未完成的工作，<br/>\n那是人家的“大爱”吧，<br/>\n虽然很难很难， 可以用“难于上青天”表达吗？<br/>\n不知道何时经方才能被更多的人认可，才能走入最高的殿堂？<br/>\n我也是家人得了重病，偶然的机会对“经方”有了最初的了解，<br/>\n我没有任何医学基础但对网络上零散的倪师的视频却看的忘记了时间，<br/>\n也曾异想天开的希望倪师还在……<br/>\n虽然家人目前接受西医治疗情况稳定，但我还是做了个决定，决定放弃西医去找经方医师，希望我是对的</p>",
      "level": 0,
      "highlight": false,
      "children": [
        {
          "id": "73545a7befac6452004ca22a79d4ed2b",
          "author": "李宗恩",
          "time": "2020年12月22日 13:49",
          "content": "<p>謝謝你的支持及鼓勵！</p>",
          "level": 1,
          "highlight": true,
          "children": []
        }
      ]
    }
  ],
  "page": 44,
  "order": 10
}