{
  "article_url": "https://andylee.pro/wp/?page_id=1230",
  "title": "中醫課程",
  "content": "<p><b>中工會短期課程：中醫概論</b><b> </b></p>\n<p>醫療保健是目前最熱門的話題，不僅很多政府機關及個人關注，連眾多的投資者及高科技公司，都不斷注入資金。然而，這麼多年來，每年數百億美元的投資及研究， 美國的醫療保健系統，不但無法提供的良好的個人醫療，同時成本不斷地快速上升。這個問題的癥結在於目前的醫療制度側重於「生病照顧(sick-care)」，而非「健康照顧(health-care)」。</p>\n<p>預防醫學，已被各國認定可以大幅降低醫療成本，也因此各國開始大量關注中醫，中醫在全球獲得更多的認可。目前，一場全球性的中醫復興正在展開，中醫將成為綜合日常生活的整體健康照顧方法。</p>\n<p>基於矽谷科技人的需求，<a href=\"http://www.cie-sf.org/\" rel=\"noopener noreferrer\" target=\"_blank\">美洲中國工程師學會</a>特別舉辦中醫概論短期課程，全程由李宗恩博士授課。課程設計主要針對科學與科技人士，每隔一周晚上在<a href=\"http://www.itri.com/\" rel=\"noopener noreferrer\" target=\"_blank\">台灣工研院北美分公司</a>上課，共八堂課，每堂課2小時。第一梯次已於2014年1～5月圓滿完成(1/28, 2/6, 2/20, 3/6, 3/20, 4/3, 5/7, 5/8)。第二梯次於2014年10月開始 (10/9, 10/23, 11/6, 11/20, 12/4, 12/18, 1/15,  1/29, 2/12)。場地限制，只能有80人，依照註冊先後順序，報名請至中工會網站(<a href=\"http://www.cie-sf.org/\" rel=\"noopener noreferrer\" target=\"_blank\">www.cie-sf.org</a>)。每次課程中工會依一般短期課程慣例酌收材料費，中工會終身會員免費，中工會會員$10（全程$80），非中工會會員$20（全程$160），可以當場加入中工會。考慮內容，所有課程將以中文進行。</p>\n<p><strong>第一梯次（01/2014～05/2014）上課內容：（投影片）</strong></p>\n<p><a href=\"https://andylee.pro/wp/?p=1258\">第一節課：簡介</a></p>\n<p><a href=\"https://andylee.pro/wp/?p=1278\">第二節課：診斷</a></p>\n<p><a href=\"https://andylee.pro/wp/?p=1321\">第三節課：辨證論治</a></p>\n<p><a href=\"https://andylee.pro/wp/?p=1387\">第四節課：針灸</a></p>\n<p><a href=\"https://andylee.pro/wp/?p=1455\">第五節課：中藥</a></p>\n<p><a href=\"https://andylee.pro/wp/?p=1471\">第六節課：傷寒論太陽篇上篇</a></p>\n<p><a href=\"https://andylee.pro/wp/?p=1540\">第七節課：方劑</a></p>\n<p>第八節課：開放討論</p>\n<p><strong>第二梯次（10/2014～02/2015）上課內容：（投影片及錄音檔）</strong></p>\n<p><a href=\"https://andylee.pro/wp/?p=2133\">第一節課：簡介</a></p>\n<p><a href=\"https://andylee.pro/wp/?p=2175\">第二節課：黃帝內經</a></p>\n<p><a href=\"https://andylee.pro/wp/?p=2229\">第三節課：傷寒論太陽篇上篇</a></p>\n<p><a href=\"https://andylee.pro/wp/?p=2265\">第四節課：脈診</a></p>\n<p><a href=\"https://andylee.pro/wp/?p=2335\">第五節課：診斷</a></p>\n<p><a href=\"https://andylee.pro/wp/?p=2425\">第六節課：病例討論</a></p>\n<p><a href=\"https://andylee.pro/wp/?p=2466\">第七節課：針灸</a></p>\n<p><a href=\"https://andylee.pro/wp/?p=2569\">第八節課：中藥及開放討論</a></p>\n<p><span style=\"color: #000000;\"><strong>第三梯次（04/2019～05/2019）上課內容：</strong></span></p>\n<p>TBD</p>",
  "article_time": "2014年01月04日 22:50",
  "comments": [
    {
      "id": "35c088293f998a0e89c422d2a70b2265",
      "author": "饶荣",
      "time": "2014年01月10日 23:09",
      "content": "<p>如果能网络学习就好了。没钱到美国去啊！</p>",
      "level": 0,
      "highlight": false,
      "children": []
    },
    {
      "id": "3f95b63c07361eed44e214f95d2edbe9",
      "author": "郭行健",
      "time": "2014年04月25日 19:17",
      "content": "<p>我在学习针灸的时候碰到一个问题，倪老师在说五门十变是说此法是用各经本穴进行治疗，但在其所讲述的内容中我发现肝经的取穴却是行间，肝经的本穴在针灸大成和老师前面的讲义中都说是大墩。这个问题我在学习是碰到挺困扰我的，如何取舍或是您在临床实践过程中使用的效果如何？我应如何取舍论证呢！真心向您请教这个问题，若有空劳您为我解答。谢谢！</p>",
      "level": 0,
      "highlight": false,
      "children": [
        {
          "id": "0c4b22341519da387afe28a642917d72",
          "author": "andy",
          "time": "2014年04月25日 20:52",
          "content": "<p>肝經本穴為大敦，但是，在井穴大敦下針很痛，所以，古書有言：「補井當補合，瀉井當瀉滎」，在五門十變中，取行間代替大敦，取二間代替商陽。</p>",
          "level": 1,
          "highlight": true,
          "children": [
            {
              "id": "fab08f90b0c56d4767aa2cc4f98504fa",
              "author": "郭行健",
              "time": "2014年04月26日 04:43",
              "content": "<p>谢谢您的帮助</p>",
              "level": 2,
              "highlight": false,
              "children": []
            },
            {
              "id": "728ed653ab7b1c56a20783d7f726d818",
              "author": "送你座帆船",
              "time": "2024年12月01日 07:19",
              "content": "<p>我记得倪老师说过，阳举太过可以用曲泉，其中的关系是推动水生木然后达到多余的肾气引到肝经吗</p>",
              "level": 2,
              "highlight": false,
              "children": [
                {
                  "id": "09eee2bb3afb38cc36ec13c3ebbc018c",
                  "author": "李宗恩",
                  "time": "2024年12月10日 13:52",
                  "content": "<p>陽舉太過為筋的問題，從潤筋的方向思考。</p>",
                  "level": 3,
                  "highlight": true,
                  "children": []
                }
              ]
            }
          ]
        }
      ]
    },
    {
      "id": "d4b3da56aaa240f4206b558e913007ce",
      "author": "chuck wu",
      "time": "2014年06月17日 21:12",
      "content": "<p>李醫師好，</p>\n<p>當我知道這個中醫概論課程時， 課程已經結束了。能夠購買講義嗎？我目前在國際學習。想像電機博士對中醫的解釋，一定比純中醫人更精彩。</p>\n<p>期待。</p>",
      "level": 0,
      "highlight": false,
      "children": [
        {
          "id": "ce41f41ba62f97d09db8679e963811da",
          "author": "andy",
          "time": "2014年06月18日 13:00",
          "content": "<p>我們沒有發講義，投影片可以在部落格裡下載，不過，投影片只是大綱，很多細節沒有列上去。</p>",
          "level": 1,
          "highlight": true,
          "children": []
        }
      ]
    },
    {
      "id": "31ec662a849519758c04a085271a6c38",
      "author": "am900",
      "time": "2014年06月23日 20:25",
      "content": "<p>andy医师您好，我前段时间艾灸，灸过了，手臂灸出水泡，用倪师的配方黄连，白术，红豆打粉，外敷，水泡顺利消除，但是在原水泡位置又鼓起一个包，不疼不痒，像是皮肤增生组织一样，请问您遇到过这个情形吗，虽然是个小问题，但是真的很难看，如果您有什么好办法，或者有效的药物，麻烦赐教一下，万分感谢</p>",
      "level": 0,
      "highlight": false,
      "children": [
        {
          "id": "e3b0b4b4df9346e9ed76b0ef5f88fc12",
          "author": "andy",
          "time": "2014年06月25日 10:35",
          "content": "<p>這得要看是怎樣的「包」，如果只是水泡，刺破後上紫雲膏即可，如果真的是組織增生，問題可大可小，最好請好的中醫師看一下。</p>",
          "level": 1,
          "highlight": true,
          "children": [
            {
              "id": "b3699ace96bfc799aa8854760eabd748",
              "author": "am900",
              "time": "2014年06月25日 23:14",
              "content": "<p>不是水泡了，应该是增生物，已经请我信任的传统中医看过了，她说就是疤痕包，她也没办法，看了皮肤科，西医说用激光打掉，重新生成新的皮肤组织，您又遇到过吗</p>",
              "level": 2,
              "highlight": false,
              "children": [
                {
                  "id": "9737caa9deab1853bc09bf6e2b983396",
                  "author": "am900",
                  "time": "2014年06月25日 23:30",
                  "content": "<p>你说的紫云膏就是紫草膏吗，是一个东西吗</p>",
                  "level": 3,
                  "highlight": false,
                  "children": []
                },
                {
                  "id": "b4ef5199a0561cea39dd8d410cf99e13",
                  "author": "andy",
                  "time": "2014年06月26日 09:49",
                  "content": "<p>如果西醫說用激光燒掉，那應該是增生，中醫用「米粒灸」，切去增生不會痛的部分，然後用艾絨直接在增生部位灸，從很熱痛灸到不會痛，表層的增生會壞死，下面的組織卻不會被破壞，臨床效果很好，不過，病人不一定能忍受灸時的熱痛。</p>",
                  "level": 3,
                  "highlight": true,
                  "children": [
                    {
                      "id": "5afd22b41270b7c828fc921c25ad4e1e",
                      "author": "am900",
                      "time": "2014年06月26日 17:41",
                      "content": "<p>原来如此，我也尝试过米粒灸，但是没用用到那么狠，看来这方面西医中医都是用的不同方法达到相同目的，谢谢andy医生</p>",
                      "level": 4,
                      "highlight": false,
                      "children": []
                    }
                  ]
                }
              ]
            }
          ]
        }
      ]
    },
    {
      "id": "2977430b9d814b0eb1b8597aad8bee1b",
      "author": "CAT",
      "time": "2014年06月24日 10:32",
      "content": "<p>請教李醫師，朋友給我從台灣帶了幾隻當歸，但是沒切片，自己在家怎麼切？</p>",
      "level": 0,
      "highlight": false,
      "children": [
        {
          "id": "a9182a757d098e33a6a40b2ee0c9c4fb",
          "author": "andy",
          "time": "2014年06月25日 10:32",
          "content": "<p>請附近中藥店幫你切簡單多了，既快有切得薄。</p>",
          "level": 1,
          "highlight": true,
          "children": []
        }
      ]
    },
    {
      "id": "438d18fc6c730b7fa1bb6d3b3e92531c",
      "author": "Robert",
      "time": "2014年06月29日 23:08",
      "content": "<p>剛剛參與李醫師和Ann舉辦的「當中醫遇到重症」-Ann 分享治療過程的活動；結束時看著一大群人仍然圍繞著Ann 和李醫師問詢及關切。更加感慨到這世界人心是可以connect 聯繫在一起的。原來人自出生後都要面對許多病痛，衰老和病死。但是，還發現許多人會想如何能夠讓生活更有意義呢！！！謝謝Ann 的分享心得。更祝福她，希望她克服疾病，可以重新享受應</p>\n<p>毫無疑問的，中醫在西醫無法治療的一些疾病痛確實有相當的療效并能夠提昇生活的品質。中醫的辨症論治是比西醫高明。但是，現在像是在打一場世界杯的足球賽，只靠一兩位明星球員是難以攻克對方和克服病痛;也較難引起共鳴。如果要發揚中醫，應該有更多深入研究，在幾個重要疾病突破性的大量的臨床推廣。如果結合多方的力量，讓更多的人一起努力往前推動，中醫才可以在世界更加發揚光大。</p>",
      "level": 0,
      "highlight": false,
      "children": [
        {
          "id": "7406d1e8e751314141940b3000cf5128",
          "author": "andy",
          "time": "2014年06月30日 09:37",
          "content": "<p>謝謝你來參加這次活動。是的，中醫需要更多更多的人來參與及支持，才能把中醫提升到主流科學！</p>",
          "level": 1,
          "highlight": true,
          "children": []
        }
      ]
    },
    {
      "id": "1c6b05408f90bd82dd28aa6be4561423",
      "author": "Dennis",
      "time": "2014年07月23日 23:39",
      "content": "<p>李醫師，本來我有報名中醫課程，但是因為臨時有事沒法參加。不知道有沒有上課的錄影可以分享？還有就是我很想學中醫，可是中醫博大精深不知從何下手，不知道李醫師可不可以推薦一些入門的讀物？謝謝！</p>",
      "level": 0,
      "highlight": false,
      "children": [
        {
          "id": "f2907c9bd09ba40be3fec8db84803101",
          "author": "andy",
          "time": "2014年07月24日 11:48",
          "content": "<p>這次的錄影及收音效果不好，幾次影像處理後仍不清楚，我已經答應中工會今年下半年再開一次中醫課程，我們會設法加強錄影效果，到時候再分享上課的錄影。你可以先從廣西中藥大學劉力紅教授寫的「思考中醫」開始讀，對中醫整體有一些基本的認識。</p>",
          "level": 1,
          "highlight": true,
          "children": [
            {
              "id": "ae2dd0c78b9ffac518f5df935e05e4e5",
              "author": "Dennis",
              "time": "2014年09月26日 11:15",
              "content": "<p>不久前終於展轉拿到思考中醫的書，讀完之後真的讓我對中醫有了另外一層的認識，以前我對中醫認知就是從西醫的角度來思考，像是什麼樣的病就一定是用同樣的方來治(辨病論治)，完全沒有意識到其實辨證論治才是王道。</p>",
              "level": 2,
              "highlight": false,
              "children": []
            },
            {
              "id": "230663f711c27156f06639de0e33faf7",
              "author": "Dennis",
              "time": "2014年09月26日 12:08",
              "content": "<p>在思考中醫裡面，劉力紅教授昌常引經據典，一下素問，一下易，一下傷寒論，都是古書文言文，他也說了，要正確的理解經典裡面所寫的才能夠對症下藥，才能藥到病除，但是大部分的人都沒法正確的解讀，以致普遍的中醫都醫術平平。不知道有沒有一本書是蒐集了歷代名醫對經典的解讀，然後用白話文來註解?</p>",
              "level": 2,
              "highlight": false,
              "children": [
                {
                  "id": "b237495ec99be8ac590fd20ee46b8471",
                  "author": "andy",
                  "time": "2014年09月29日 09:08",
                  "content": "<p>你可以參考倪海廈老師的著作。</p>",
                  "level": 3,
                  "highlight": true,
                  "children": [
                    {
                      "id": "8314a074069209018856f2368924ee51",
                      "author": "见青",
                      "time": "2025年03月23日 01:46",
                      "content": "<p>李醫師您好，請問現在還有渠道可以購買倪師正版的教學DVD嗎？</p>",
                      "level": 4,
                      "highlight": false,
                      "children": []
                    },
                    {
                      "id": "5cc0bf1c9b32428932f2a9e675aceaef",
                      "author": "李宗恩",
                      "time": "2025年03月30日 09:19",
                      "content": "<p>早就已經絕版了。</p>",
                      "level": 4,
                      "highlight": true,
                      "children": []
                    }
                  ]
                },
                {
                  "id": "86266c2bd17bba47766f79e468558400",
                  "author": "Dennis",
                  "time": "2014年10月04日 13:24",
                  "content": "<p>我在網路上找到倪海廈老師的天紀人紀教學video，不知道在哪能買到全套，包括講義等？</p>",
                  "level": 3,
                  "highlight": false,
                  "children": [
                    {
                      "id": "3702f1c97649a2beee231a493c3b83e8",
                      "author": "andy",
                      "time": "2014年10月20日 15:26",
                      "content": "<p>倪老師家屬仍接受教學DVD訂購，購買者請傳真到台灣台北訂購傳真號碼：02-8786-2078。</p>",
                      "level": 4,
                      "highlight": true,
                      "children": []
                    }
                  ]
                }
              ]
            },
            {
              "id": "c4b3ccda26d190301419f72e1feb8ff7",
              "author": "大狮兄",
              "time": "2024年12月10日 19:49",
              "content": "<p>目前我正在看这本书，还未看完收获颇多，也是一枚中医小白。谢谢李老师，你就是中医界的灯塔。祝一切都好！</p>",
              "level": 2,
              "highlight": false,
              "children": []
            }
          ]
        }
      ]
    },
    {
      "id": "06c7e8a90dd8827058c991ba91a832ea",
      "author": "海洋之星",
      "time": "2014年12月10日 21:45",
      "content": "<p>想参加学习，但没有条件到美国去，请问可以在网上学习吗？</p>",
      "level": 0,
      "highlight": false,
      "children": [
        {
          "id": "ad2980ce8d2a8eac4f875d0b6a047b39",
          "author": "andy",
          "time": "2014年12月11日 08:05",
          "content": "<p>我們有上載錄音檔。</p>",
          "level": 1,
          "highlight": true,
          "children": []
        }
      ]
    },
    {
      "id": "c0725f48f9f32d55badb25eb610d7cdf",
      "author": "Ashley",
      "time": "2018年08月07日 02:45",
      "content": "<p>李醫師您好</p>\n<p>可以請您推薦美國 中醫學校 嗎？  我本人是護理老師 有紐約州護士執照   以前跟著 老中醫生 學過 中醫。近期 拜讀了您的文章 再度啟動自己 想要 讀中醫的念頭  希望能做到利人利己   謝謝您 麻煩了。</p>",
      "level": 0,
      "highlight": false,
      "children": [
        {
          "id": "98712cdca477e3756308a1243758b820",
          "author": "andy",
          "time": "2018年08月07日 12:56",
          "content": "<p>這得看你想在哪一州開業，如果是加州，那麼只能在加州針灸局認可的學校拿碩士學位（https://www.acupuncture.ca.gov/students/schools.shtml），如果你想留在紐約州，那麼你得先研究紐約州的針灸法規，才來決定如何修學位。至於哪一家學校比較好，這就很難說，基本上這些學校的課程都得符合州政府的規定，大同小異，而這些課程的內容可以讓你考照及看一些基本的健康問題，如果你真的想學好中醫，靠這些課程是不夠的，還是得有好的老師來親自帶領臨床，就好像西醫真的看診的功力是來自Resideny那幾年跟的主治醫師，而非四年的基本課程。</p>",
          "level": 1,
          "highlight": true,
          "children": [
            {
              "id": "468704efea795a878fcb030f45a8a27a",
              "author": "Ashley",
              "time": "2018年08月11日 01:32",
              "content": "<p>謝謝您</p>",
              "level": 2,
              "highlight": false,
              "children": []
            },
            {
              "id": "0a7132c0424f447ed26254faa5437983",
              "author": "xuesheng",
              "time": "2024年02月19日 02:00",
              "content": "<p>先生，抱歉耽误您一些时间，我是一名大路中医学生，倪先生的课程我完整的看了两遍了，我感觉胜过在学校学习很长时间。又在网络上了解到您的视频，请问您的直播有录播吗，或者您有网络课程吗，该怎么买到您的视频或者录音，麻烦您了</p>",
              "level": 2,
              "highlight": false,
              "children": [
                {
                  "id": "f6ddb9d78d813bdf9501fbc453674c78",
                  "author": "李宗恩",
                  "time": "2024年02月26日 10:54",
                  "content": "<p>我沒有賣我的教學內容，你可以研讀這個網頁上的資料。</p>",
                  "level": 3,
                  "highlight": true,
                  "children": []
                }
              ]
            }
          ]
        }
      ]
    },
    {
      "id": "674d1c6688db63627fa00c8b3df2e3fc",
      "author": "am900",
      "time": "2018年08月13日 19:14",
      "content": "<p>医师您好，请教您关于艾灸方法的问题，看到一个中医的医案，艾灸耳尖，听会，悬厘，三穴治好重症眼疾，请问这三个穴位位置对于普通拿艾柱直接灸是不是不太方便，您平常如果艾灸这三个穴位，是采用悬灸还是用米粒灸，效果是否差不多？谢谢</p>\n<p>案例如下：<br/>\n1966年3月，有李姓男孩，16岁。将生石灰灌入竹筒内玩耍，当冲入冷水时引起竹筒爆炸，石灰气体冲入右眼，满盖翳膜，瞳仁处尤为浓厚，眼球梢突，视力模糊不清。西医认为患眼难以复明，后来到处求治，专家用艾柱灸听会、悬厘、耳尖三穴各5壮，日灸一次。仅治6天，翳膜全消，复明如常又无瘢痕遗留，高兴离去。</p>",
      "level": 0,
      "highlight": false,
      "children": [
        {
          "id": "5a71f019b3fb9573c7bc9a71b0edf1d7",
          "author": "andy",
          "time": "2018年08月20日 14:35",
          "content": "<p>這些穴位基本上不會用米粒灸，會把病人燒傷，即使用一般方法灸，也的很小心，不然會燙傷病人。</p>",
          "level": 1,
          "highlight": true,
          "children": [
            {
              "id": "b69d317682aacb896aabc73a5df432cc",
              "author": "张",
              "time": "2018年08月21日 17:55",
              "content": "<p>谢谢andy医生，但是如果想试一试这个医案，是否可以小心采用悬灸？</p>",
              "level": 2,
              "highlight": false,
              "children": [
                {
                  "id": "cb5e3c1d42aed7828c89e06687e6c8a5",
                  "author": "andy",
                  "time": "2018年08月23日 11:10",
                  "content": "<p>嚴格來說，還是得辨證論治，並非每個情況都適合灸，譬如有些氣滯情況下，灸反而導致腫漲等等問題。</p>",
                  "level": 3,
                  "highlight": true,
                  "children": [
                    {
                      "id": "db9284fdf06f0e134c184883c6cbc21e",
                      "author": "am900",
                      "time": "2018年08月24日 02:26",
                      "content": "<p>谢谢老师的耐心回答，还有个小疑问，就是看过倪老师的教学视频，发现倪老师有个手的食指有明显的凸起，这个是他平时练习针灸指力长年累月导致的吗？andy老师可否发一个小视频，教教我们如果正确的锻炼针灸的基本功指力，如有冒昧请见谅，谢谢</p>",
                      "level": 4,
                      "highlight": false,
                      "children": []
                    },
                    {
                      "id": "9ce8105f42732f0b683dd7ad586c1aa0",
                      "author": "andy",
                      "time": "2018年08月24日 09:18",
                      "content": "<p>倪老師小時候手指被夾到而受傷，當時沒有特別治療，後來因為不礙事，也就沒有管它了。 學習針灸，重點在於針灸背後的思維及配穴，現在的針很細，進針運針沒有什麼難的，不像古代如刀箭一般。</p>",
                      "level": 4,
                      "highlight": true,
                      "children": []
                    }
                  ]
                }
              ]
            }
          ]
        }
      ]
    },
    {
      "id": "cd218a15a9f36cd3f6739eb807314b1d",
      "author": "am900",
      "time": "2018年08月21日 18:18",
      "content": "<p>谢谢andy医生，如果小心采用悬灸，试一试，是否可行？</p>",
      "level": 0,
      "highlight": false,
      "children": []
    },
    {
      "id": "a9d501a0768adfd38d8a0aa6493cc952",
      "author": "lmc",
      "time": "2018年12月03日 03:29",
      "content": "<p>现在工业发展，给人们带来了很多便利，但同时也造成了很多困扰，例如：重金属污染给我们身体内造成了极大的伤害和负担，我们中医是怎么去出重金属这方面的，中医说硫磺去金石的毒性，但想想，其实硫磺本身就是金石类的，不可能去除身体内的重金属，带着疑问，我了解了一些这方面的知识，如沸石，很多自来水厂现在就是用来去除水里面的重金属，还可以改善土壤的作用，   能不能用中医去人类服务，，，，？</p>",
      "level": 0,
      "highlight": false,
      "children": [
        {
          "id": "9d6f620061bed3ab2e96c2968e331e83",
          "author": "andy",
          "time": "2018年12月05日 09:25",
          "content": "<p>硫磺除了本身的化學性質外，在中醫上，我們認為通利三焦水道的要藥，因此可以幫助排除體內重金属，然而，嚴重的重金屬污染，很可能超過人體自我改變的極限，這樣的情況下，無論是中醫還是西醫，都是沒有辦法徹底解決的。</p>",
          "level": 1,
          "highlight": true,
          "children": []
        }
      ]
    },
    {
      "id": "04cbbc742f1f0552a3178a29e80a96e0",
      "author": "慎用经方",
      "time": "2019年08月06日 06:41",
      "content": "<p>我自学倪师的人纪后经常实践，给自己和周边的人熬过桂枝汤麻黄汤等，真的是一付就好了，也做药丸肾气丸护肝丸等，自己吃排毒的，从此远离西药。<br/>\n不过最近有困惑不敢试，有一亲人男性40，高170重108斤，便秘拉小球球比核桃小，他平时就一着凉就爱拉肚子水果凉菜不敢吃，心有时慌，我分析小肠动力不足心火下达有问题开炙甘草汤给他，结果喝了拉肚子一天5.6次，炙甘草15克，生地50克，麻子仁10克，麦门冬10克，人参6克，桂枝10克，大枣10枚，生姜3片。虽然便秘好了，但是他从此不敢喝我的药说太猛了，我哪错了，方子需要咋调整一下，还是辩证错了，求指导，感恩！</p>",
      "level": 0,
      "highlight": false,
      "children": [
        {
          "id": "cd02b13c9c74cfc9870ec83395ba28f3",
          "author": "慎用经方",
          "time": "2019年08月06日 16:56",
          "content": "<p>补充一下，还有阿胶6克冲到熬好药里。他原来心慌去西医全面检查结果显示没器质性病变，说迷走神经导致的，花三千块钱就这结果，所以不愿找西医。中医也调理过没啥大改变。之前，他遇明天出门办事就拉肚子，我做乌梅丸给他吃半个月。现在是遇事不拉肚子，吹空调吃水果还是拉肚子。偶尔便秘喝了个炙甘草汤又开始拉肚子都不知道咋办了</p>",
          "level": 1,
          "highlight": false,
          "children": []
        },
        {
          "id": "f6028038785a69a88fea70e3f5694580",
          "author": "andy",
          "time": "2019年08月07日 12:58",
          "content": "<p>自學沒有老師教，得要小心，許多病情不適合初學者隨便試藥。你知道炙甘草湯原方中為什麼有麥門冬和麻子仁？你生地為何開到50克？如果你無法回答這兩個問題，你得回去多研讀，並找個好中醫去跟診，而非自己抓人來看診試藥。</p>",
          "level": 1,
          "highlight": true,
          "children": []
        },
        {
          "id": "93aa3603ce59ddefd50903c6cb4f6766",
          "author": "李梁",
          "time": "2024年03月23日 09:06",
          "content": "<p>看你描述，我敢肯定紧靠单一的一味炙甘草汤解决不了根本问题！至于你说的便秘好了，你可以试试把药停了试试看？</p>",
          "level": 1,
          "highlight": false,
          "children": []
        }
      ]
    },
    {
      "id": "44eb0eaac2a6a2b17c58befd9468b5ea",
      "author": "慎用经方",
      "time": "2019年08月08日 04:18",
      "content": "<p>嗯嗯，您说的对，我只知道麦门冬润肺，麻子仁通便，生地补身体的液，我是原方照搬的，请指点一下，感恩！我也想找好医生跟诊可是遇见倪师的DVD太晚他已仙逝多年了，国内有他弟子在带学生吗？真想好好学习一下。</p>",
      "level": 0,
      "highlight": false,
      "children": [
        {
          "id": "0c7ee4608dcc211e6f3462a9ef624f4d",
          "author": "andy",
          "time": "2019年08月15日 10:32",
          "content": "<p>你的病人需要潤肺、通便嗎？如果病人有其它的問題，潤肺、通便會不會造成病人的不適呢？</p>",
          "level": 1,
          "highlight": true,
          "children": []
        },
        {
          "id": "76e1df58734018f42b6185d378490ded",
          "author": "行动五环",
          "time": "2022年05月11日 04:23",
          "content": "<p>我要吃 生地50g，肯定要拉肚子了。：）</p>",
          "level": 1,
          "highlight": false,
          "children": []
        }
      ]
    },
    {
      "id": "6dd17b29a3163f8023a80d2f0a6a517a",
      "author": "YC",
      "time": "2019年10月16日 13:19",
      "content": "<p>李醫師您好，請問有最新一期的開課詳細資訊嗎？感謝。</p>",
      "level": 0,
      "highlight": false,
      "children": [
        {
          "id": "1a9528eb31ee4a7c1ba2dc2444664059",
          "author": "andy",
          "time": "2019年10月22日 21:42",
          "content": "<p>你是指在舊金山灣區開課吧？那得等明年初了，年底前事情已經排滿了，到時候會在網頁及臉書上公佈。</p>",
          "level": 1,
          "highlight": true,
          "children": []
        }
      ]
    },
    {
      "id": "f6d90910de861501135e8b6a5ab358c0",
      "author": "LOUIS",
      "time": "2020年03月28日 21:57",
      "content": "<p>請問第三梯次（04/2019～05/2019）上課內容在那裡可以找到?</p>",
      "level": 0,
      "highlight": false,
      "children": []
    },
    {
      "id": "4964fb7c847fc0f7b7750fbe23b1c255",
      "author": "DY",
      "time": "2020年10月07日 07:35",
      "content": "<p>李老师您好，很高兴找到您。我也想和您一样成为一名经方家。这两年来我在自学倪师的课程，目前只通了一边，还需要复习。我感觉到您在这网页说的还是需要好老师指点和做residency的重要性（我自己不敢也不会看旁边家人的病）。我本人不在美国，我在英国伦敦。您有在英国的师哥、师弟、师姐或师妹么？要是没有，您可以推荐我该怎么实现这个梦，怎么找经方老师和弄residency？<br/>\n谢谢！</p>",
      "level": 0,
      "highlight": false,
      "children": [
        {
          "id": "9805d92dc944692674e28c15bdff4891",
          "author": "李宗恩",
          "time": "2020年10月08日 15:53",
          "content": "<p>很抱歉，我不清楚英國的情況。</p>",
          "level": 1,
          "highlight": true,
          "children": []
        },
        {
          "id": "1b508a4f16ba88ba2c2ad9b8e9f47972",
          "author": "Veronique",
          "time": "2022年01月26日 07:05",
          "content": "<p>Hi,DY<br/>\n我也是学习经方的同道中人， 也在英国。可以认识相互交流一下呀</p>",
          "level": 1,
          "highlight": false,
          "children": []
        }
      ]
    },
    {
      "id": "f262977172088e11aad94a087a25004a",
      "author": "鸾舆",
      "time": "2021年03月31日 03:23",
      "content": "<p>andy醫生你號，視頻可以上傳到一個網盤分享嗎？比如Google Driver或者youtube什麼的，很期待想學習。十分感謝。</p>",
      "level": 0,
      "highlight": false,
      "children": [
        {
          "id": "91748d5b8e1c4b8223b2340316f226b2",
          "author": "李宗恩",
          "time": "2021年04月01日 20:57",
          "content": "<p>視頻太大，剪輯耗時，目前不打算上傳。</p>",
          "level": 1,
          "highlight": true,
          "children": []
        }
      ]
    },
    {
      "id": "3be698635a82efe154c1cf25be65427c",
      "author": "rox",
      "time": "2021年04月06日 12:31",
      "content": "<p>来膜拜一下大神！</p>\n<p>：）</p>",
      "level": 0,
      "highlight": false,
      "children": []
    },
    {
      "id": "0574584c3c7e6dd1c4644c8c3b4b8468",
      "author": "雁过留痕",
      "time": "2021年04月07日 19:57",
      "content": "<p>李医师您好！请问下国内有倪师的学生带教看诊的不。</p>",
      "level": 0,
      "highlight": false,
      "children": [
        {
          "id": "7910ff5a24b91e2eff81b2828d55113d",
          "author": "李宗恩",
          "time": "2021年04月11日 17:47",
          "content": "<p>我還沒有聽說哪位厲害的學生在大陸帶領臨床看診教學。</p>",
          "level": 1,
          "highlight": true,
          "children": []
        }
      ]
    },
    {
      "id": "845115a3e9d04c3651357a289762cb38",
      "author": "阐幽",
      "time": "2021年04月17日 04:14",
      "content": "<p>你好李医师，请问目前有大陆的针灸中医馆推荐吗？3年前因我妹妹在练倒立时头部摔伤，而后肿痛，然后自然恢复许多了。现今又与门相撞（撞得比较厉害），导致原来还未完全好的肿包再次疼痛，这次疼的比较久而且对生活影响较大，所以我想带她找一位靠谱的中医师治疗。感谢你们的付出。</p>",
      "level": 0,
      "highlight": false,
      "children": [
        {
          "id": "b2f84673392377123a55e9b7ea92753b",
          "author": "李宗恩",
          "time": "2021年04月17日 08:34",
          "content": "<p><a href=\"http://hantang.health/wp/list/\" rel=\"nofollow ugc\">http://hantang.health/wp/list/</a></p>",
          "level": 1,
          "highlight": true,
          "children": []
        }
      ]
    },
    {
      "id": "c50f988c566199b82ae2d33c7ae11d95",
      "author": "吴道杰",
      "time": "2021年07月13日 04:51",
      "content": "<p>台湾人才辈出！</p>",
      "level": 0,
      "highlight": false,
      "children": []
    },
    {
      "id": "763a9bc744edb5fb08004057c4bbcbc0",
      "author": "Karen",
      "time": "2021年09月21日 20:06",
      "content": "<p>請問今年（2021）或明年會再辦中醫課程嗎？有辦法在線上上課嗎？我住在美國康州，謝謝您</p>",
      "level": 0,
      "highlight": false,
      "children": [
        {
          "id": "fdf08f90d73662235b45d92db406f018",
          "author": "李宗恩",
          "time": "2021年09月22日 18:17",
          "content": "<p>暫時還沒有安排。</p>",
          "level": 1,
          "highlight": true,
          "children": [
            {
              "id": "72c8a10f80aa50b298c66924af6a406f",
              "author": "Karen",
              "time": "2021年10月06日 11:33",
              "content": "<p>謝謝您的回覆</p>",
              "level": 2,
              "highlight": false,
              "children": []
            }
          ]
        }
      ]
    },
    {
      "id": "db7ee7517bc0230fe8c3f793fc7b633a",
      "author": "付羽然",
      "time": "2022年07月30日 17:17",
      "content": "<p>你好李医师，因为对倪师和您医术的崇拜，对中医产生了浓厚的兴趣，成为了一个中医爱好者，有志于学习和传承传统中医，也在为此努力。<br/>\n看了倪师的视频，和您的治疗日志，想将自己多年的鼻炎，过敏症，严重时哮喘的症状治愈，已向自己还有亲朋们证实中医的伟大，参考了您的鼻窦炎诊疗日志，和养儿育女21条中的鼻腔过敏，用了茯苓12g，桂枝9g，白术6g，炙甘草6g，辛夷4g，菖蒲4g，苍术4g，白芷4g，两剂，不管用，又改为茯苓16g，桂枝12g，白术8g，炙甘草8g，辛夷6g，菖蒲6g，苍术6g，白芷6g，葛根6g，两剂，好像还是不太管用，上午11点服药，中午13点都会有鼻塞和咳嗽现象，现在想将药方改为葛根汤+白术+炮附子，同时配合针刺合谷+迎香透内迎香您觉得怎么样？我个人手脚温热是不是不应该使用炮附子呢？本人男性，27岁，长期左手脉略沉，右手脉浮而弦数，尤其是关部，舌苔后部略白，舌尖较红。真心求教李医师。</p>",
      "level": 0,
      "highlight": false,
      "children": [
        {
          "id": "e0645533581df0b0bd7d0db85875b5eb",
          "author": "李宗恩",
          "time": "2022年08月10日 10:04",
          "content": "<p>這代表你的健康問題不僅僅是濕在鼻竅，還有背後的因素。不過，我無法如此在網路上針對個案一一討論。</p>",
          "level": 1,
          "highlight": true,
          "children": [
            {
              "id": "9a05e98cd0157278d0dcb2fa662a2178",
              "author": "付羽然",
              "time": "2022年08月18日 03:43",
              "content": "<p>感谢李医师回复，我将在深入学习后继续调理自我。</p>",
              "level": 2,
              "highlight": false,
              "children": []
            }
          ]
        }
      ]
    },
    {
      "id": "ff30bb92451da133e71956f6cb780a51",
      "author": "江文周",
      "time": "2022年10月05日 03:46",
      "content": "<p>李医师，晚上好！<br/>\n    请问《伤寒论》、《金匮要略》里边的处方凡是有半夏的，是不是都是指生半夏啊？生半夏是生水半夏还是生旱半夏啊？恳请指导。谢谢！</p>",
      "level": 0,
      "highlight": false,
      "children": [
        {
          "id": "2db9b69f1bd2d8e10b6b1b277b79e50d",
          "author": "李宗恩",
          "time": "2022年10月10日 15:06",
          "content": "<p>是生半夏。一般而言，旱半夏比水半夏藥性強一些，因而使用旱半夏。</p>",
          "level": 1,
          "highlight": true,
          "children": []
        }
      ]
    },
    {
      "id": "3df970de61d62e86ec5a67de1ea92655",
      "author": "一个需要帮助的人",
      "time": "2022年10月22日 04:08",
      "content": "<p>你好李医生，我身上的毛病缠绕了我20年了，13岁的时候突然发现自己走路上去不接下去呼吸困难，后来就一直到高中很容易发作哮喘，后来我多多运动后或者到广东热一些的地方工作注意不感冒咳嗽就不会发作，现在也是遇到冷空气有一点胸闷，我怕严重随时都带着喷剂控制，不过这些年很少发作，但是还是有一点，一直影响我正常工作怕工作期间发作，现在就是160斤，身高1.6米，怕热，坐着有时候都出汗，动的话大汗淋漓，哮喘一直还存在，鼻子总是感觉塞的，还有就是感觉鼻子比较塞的时候，感觉哮喘马上就要发作了，好像之前检查过肺功能很差，随便做一点事就觉得累和大汗淋漓，请老师帮帮我如何做治疗，希望老师帮帮我。</p>",
      "level": 0,
      "highlight": false,
      "children": [
        {
          "id": "3a2f6c6ec9cc3538da6f607883189f64",
          "author": "李宗恩",
          "time": "2022年10月24日 09:52",
          "content": "<p>我無法在網上針對個案一一討論，如果有醫療需要，你應該就近找中醫看診，如果真的需要遠程看診，請聯絡診所info@youngQi.com</p>",
          "level": 1,
          "highlight": true,
          "children": []
        }
      ]
    },
    {
      "id": "d11b86ae6ee63e41f0a8304e0592fdb6",
      "author": "学人子明",
      "time": "2022年11月15日 20:57",
      "content": "<p>李醫師。您好。非常感恩您繼承倪師夙願，爲推動中醫複興四處奔波辛勞。<br/>\n在看完倪師的課程後，又學習了您的一些視頻。學人有幾個問題希望向您請教下。<br/>\n1.瘢痕體質是否可以治愈。皮膚受傷後愈合時形成的瘢痕疙瘩有些會長大，還會有痛和癢等情況，西醫通過註射的方法進行治療。但有時會適得其反，讓疙瘩變得更大。能請教一下中醫的辯證治療思路嗎？<br/>\n2.大陸這邊有很多茶生意的女孩子。茶性寒，又容易睡不著。睡不著肝血又差，更睡不著。有沒有什麽藥是讓人喝茶後能夠入睡的。<br/>\n3.中醫對急性病。比如發腎結石卡在輸尿管，腸胃痙攣，吐不止，旋覆花五苓散都吐，這種情況怎麽止痛止吐。<br/>\n4.兵棗仁在處理後可以和酸棗仁一模一樣。可以用柴胡當歸替代嗎？比例多少適宜？<br/>\n懇請指導。感謝！</p>",
      "level": 0,
      "highlight": false,
      "children": [
        {
          "id": "4ffe1892cace3740fd58553ac7583bd9",
          "author": "李宗恩",
          "time": "2022年11月22日 10:29",
          "content": "<p>1. 多半是脾臟問題 2.你的問題有些奇怪，睡眠不好的病人各有其問題，自然依照其五臟六腑的問題來治療 3. 各種不同急診狀況不一樣，病人病情也不一樣，不能一概而論，沒有什麽簡單的答案 4. 不行</p>",
          "level": 1,
          "highlight": true,
          "children": [
            {
              "id": "f390993cc8343a289e86971b3e032352",
              "author": "学人子明",
              "time": "2022年11月22日 22:12",
              "content": "<p>感謝回複。我個人很敬佩您和倪師。您在我印象裏非常紳士，寬容。對病症的辯證大膽而嚴謹。用藥拿捏精準，點石成金。可惜有緣無份不能拜您爲師。<br/>\n抱歉，第二個問題是我沒有表述清楚。中國茶葉種類繁多，茶樹種類也不盡繁多，中醫好像也沒有特別的爲茶的各種品種記述陰陽歸經。按照現代茶葉化學的講法，茶葉裏面有咖啡堿、可可堿、茶葉堿。有興奮中樞神經的作用。所以用中醫的觀點來講咖啡因這些物質會影響睡眠嗎？如果有影響睡眠，是應該用朱砂這些鎮定的藥，還是調和髒腑陰陽，人就不會被咖啡因這些物質影響？</p>",
              "level": 2,
              "highlight": false,
              "children": [
                {
                  "id": "5e3511c423f18ce495688771c70416d8",
                  "author": "李宗恩",
                  "time": "2022年11月24日 11:51",
                  "content": "<p>你還停留在某味中藥材又什麼化學物質來對應哪些症狀或效果，如果真的對中醫有興趣，應該好好了解中醫生理病理學及辨證論治。</p>",
                  "level": 3,
                  "highlight": true,
                  "children": [
                    {
                      "id": "29feac108a7881c72cc067e6e9413852",
                      "author": "学人子明",
                      "time": "2022年11月26日 01:58",
                      "content": "<p>話是這樣講沒錯。要辯證論治。但茶和咖啡喝很多人會很精神啊。就像酒喝多會醉。我有朋友就是在雲南做茶葉品控。台灣自慢堂的邊正先生每年在他們那裏買很多茶。她就是整個春天每天喝幾十種茶。每種茶要喝十幾杯這樣。然後整個春天到夏天就是都沒法睡覺啊。您是大醫。所以這樣的問題只有請教您了啊。我能想到的方子就是小柴胡重用半夏加吳茱萸炮附白術澤瀉。倪師講的千杯不醉方。但是連著喝三四個月會有問題吧。</p>",
                      "level": 4,
                      "highlight": false,
                      "children": []
                    }
                  ]
                }
              ]
            }
          ]
        }
      ]
    },
    {
      "id": "3fddbd813566f0ff91a566b82b719166",
      "author": "為母呈診",
      "time": "2022年12月08日 18:46",
      "content": "<p>李醫師，您好！我母親66歲，胸口稍下方斷續的疼痛（有時三兩天痛一次，有時一天痛多次），是那種揪痛感，兩年餘。走路或勞累後加重，睡眠、飲食尚可，痛感白天重晚上輕，用手按壓時可緩解，在醫院住院一段時間未見好轉，胃腸鏡及心臟彩超均未見異常。另，母親年輕時喜涼食，近年還便秘，六七天大便一次，平時沒便感，便感來時又很急。有人推薦豬肚生薑湯加伏龍肝，請問醫師是否可行？怎麼除吾母之病痛？急盼。謝謝！</p>",
      "level": 0,
      "highlight": false,
      "children": [
        {
          "id": "232d17a4e67df7b26b052c40018bcc56",
          "author": "李宗恩",
          "time": "2022年12月17日 09:58",
          "content": "<p>我無法在網上針對個案一一討論，有醫療需要，請聯絡診所info@youngQi.com</p>",
          "level": 1,
          "highlight": true,
          "children": []
        }
      ]
    },
    {
      "id": "08b7a1f0702e246f65793db1ff73561e",
      "author": "晴天雨巷",
      "time": "2023年01月15日 20:31",
      "content": "<p>李博士您好，非常感恩您对中医传承与推广，非常钦佩倪师对正统中医的贡献，学生本人是大陆中西医结合专业研究生毕业，现想去加拿大，不知能否推荐有倪师徒弟，我想真正的拾起中医，为病人处苦，望能给予支持与帮助，阿弥陀佛！</p>",
      "level": 0,
      "highlight": false,
      "children": [
        {
          "id": "a18d6bcf111f04c32ef1ef7086080b76",
          "author": "李宗恩",
          "time": "2023年01月15日 20:34",
          "content": "<p>我不清楚。</p>",
          "level": 1,
          "highlight": true,
          "children": []
        }
      ]
    },
    {
      "id": "3f133082605cf87c4f155001b680adc4",
      "author": "晴天雨巷",
      "time": "2023年01月17日 01:51",
      "content": "<p>好的，谢谢您！</p>",
      "level": 0,
      "highlight": false,
      "children": []
    },
    {
      "id": "a115e631de5958e0e3244e05ec6e53db",
      "author": "Roony",
      "time": "2023年04月02日 23:00",
      "content": "<p>李博士，您好，近期中國大陸甲流高度流利，家裡人分別感染，但又有不同的癥狀：<br/>\n大女前半夜發燒結果後半夜自己出汗表解了，之後使用了桂枝湯，第二天痊癒.<br/>\n小女晚上發燒但是無汗，我隨症使用了麻黃湯，但是表實還是無法解，後半夜發了高燒40度，小女從來沒有過這種高燒，之後分別在少商商陽放血、大椎頸部刮痧，還是無法解決高熱的問題，之後小女出现眉頭緊皺的煩躁，高熱已經持續了二十小時，之後使用了大青龍湯，先喝了半碗，過了三個小時後還是無法解表，繼續再喝了半碗，結果喝后一小时身如雨下 、 大汗淋漓，高燒24小時后終於表解，正應了內經的那句話：體若燔炭，汗出而散。 第二天出現了咽幹口苦并伴有腹痛的癥狀，使用了小柴胡顆粒（大陸藥店能買到的為數不多的經方中成藥），按了天枢穴位后发现有宿便堵在大肠里面，牢记经方原则有表症不能攻里，使用开塞露润肠之后大便排出，並且多喝稀粥補充身體发汗流失的津液，第三天外出遊玩身休正常，僅有聲啞。 第四天上學后又開始發燒並且倦怠，我由於上班，就讓賤內帶到中醫診所，結果中醫生检查血常規，之後處方簽寫病名：上呼吸道感染！ 感歎現在大陸通过陰陽表裡虛實寒熱辯證的純中醫太少了，很多中醫已經西醫化了，靠設備看病，不倫不類。<br/>\n賤內之後也感染，表現的癥狀是惡寒身痛，當下使用了麻黃湯一劑三碗，在第一及第二碗都沒有解表，在第三碗後解表，第二天已經不身痛怕冷，但是咽幹，隨症使用了桂枝加葛根湯。 第三天出來了往來寒熱，隨症使用了小柴胡顆粒，第四天出現了嗓子疼痛，咽幹，黃痰，她的表述為感覺鼻子出的氣都是熱的，辯證為外少寒內多熱，使用了麻杏石甘湯，結果本應煮成三碗水被她煮成了一碗半水，喝了一半之後感覺身體從背後不斷升騰出冷氣，蓋三層被子都感覺冷，內熱現象已經退却，第二碗沒有再喝，第五天沒有內熱的現象，癥狀變為咽乾，咳喘，有痰，嗓啞， 随症使用了桂枝加厚朴杏仁葛根，症状慢慢得到緩解，現已痊癒。<br/>\n 在一次一次的學習實踐中，真切感受到倪師講過的：中醫看似粗糙其實精密，西醫看著精密實則粗糙。 現大陸有些人因為新冠失治，病由太陽少陽傳入太陰少陰厥陰，看到這些病人的狀態，深切感受到倪師在網路上對人們医疗意識覺醒的疾呼。 倪師的思想已經從術到了道的層面。<br/>\n同時也學習李博士的課程，比如用大自然的水的循环解釋人體的水的路徑及各種症，用流體力學來解釋中醫脈學，建立各种模型来解释古人的定义。 李博士在看诊之余还不断的传播中医文化，实在钦佩。<br/>\n我現在完成了倪師的天紀和人紀的第一輪學習，現在啟動第二輪，不斷精進提高。</p>",
      "level": 0,
      "highlight": false,
      "children": [
        {
          "id": "f776139a0aa0a8816026cb00ae38c56b",
          "author": "李宗恩",
          "time": "2023年04月13日 15:19",
          "content": "<p>謝謝你的分享。</p>",
          "level": 1,
          "highlight": true,
          "children": []
        }
      ]
    },
    {
      "id": "172244f56d56400fd3e9edfc11dfd80f",
      "author": "江文周",
      "time": "2023年05月18日 07:01",
      "content": "<p>李博士，治疗胆囊结石，好些时候可以基于四逆散+化石排石进行治疗，请问扩张胆管是用枳实好还是用枳壳更好啊？化石方面除了五倍子+海金沙外+鸡内金外，还可以加哪味药，可以加快化石速度啊？恳请分享经验给予指导。不胜感激。谢谢！</p>",
      "level": 0,
      "highlight": false,
      "children": [
        {
          "id": "292ca8d81b65efddd657dc9181830ee4",
          "author": "李宗恩",
          "time": "2023年05月18日 15:26",
          "content": "<p>每個個案不一樣，不是如此列出各種中藥材來對應。</p>",
          "level": 1,
          "highlight": true,
          "children": []
        }
      ]
    },
    {
      "id": "50a7b25fedfe3d3e1bc68a6e60668489",
      "author": "胡明月",
      "time": "2023年06月27日 07:18",
      "content": "<p>李医生您好，请问现在在哪里可以购买汉唐系列方剂呢</p>",
      "level": 0,
      "highlight": false,
      "children": [
        {
          "id": "ed4793e517a8b20a9738587bd9a43036",
          "author": "李宗恩",
          "time": "2023年06月27日 20:19",
          "content": "<p>這個問題已經回答過很多次了，所謂漢唐系列藥品，沒有得到中國政府的許可認證，在大陸是違法法規的。</p>",
          "level": 1,
          "highlight": true,
          "children": []
        }
      ]
    },
    {
      "id": "761428641dbb582b83a1fd7762f56799",
      "author": "庞先生",
      "time": "2023年09月19日 12:12",
      "content": "<p>李博士：<br/>\n您好！ 本人中医入门是看了针灸甲乙经，后因看不懂很多古汉语，在网站上找到许多老师的讲座和视频，看的最多的是倪海厦老师的系列讲座，看的最多的是针灸大成和黄帝内经的讲座。我到目前为止，学习了4个月，包括我本人在内看过几个病人，自己5年多的肩膀痛（现在理解应该是寒气进入经脉了，手阳明 转手太阳小肠经，按照黄帝内经，这个可以自愈，时间很久。），基本上痊愈，痛没有了，偶尔那个姿势不对或者肩膀碰到会有些痛，但马上就消失，我自己判断是痛的地方有於血，在自己的肩膀部位，膏肓穴附近。我给自己的治疗方案就是感觉不好了，就补泻手三阳经。目前状况不错。  另外一个病例是我一个表哥，53岁，有将近一年的失眠，浑身不断出牛皮癣，头部也有，伴有耳鸣，2个月前，我脉诊感觉是肾阴虚，后结合他八字情况（我学过六壬，卦比中医水平还好些），判断他是肝火旺引起的，当时还没看黄帝内经，就让他自己按摩复溜穴;一个月前，我又电话联系老表，他症状没有任何改变，就给他找了一个中成药，龙胆泻肝丸，另外嘱咐他多喝汤（小米汤）补津液，1周后他的睡眠改善，原来喝安眠药只能睡4-5小时，现在可以睡7-8小时，2周后，牛皮癣不再出了，他自己购买了中成药 杞菊地黄丸，我让他加大龙胆泻肝丸的药量，担心是不是药量不够造成的，结果药量加大后，出现浑身无力，停龙胆泻肝丸，杞菊地黄丸照吃，现在耳鸣症状还在，偶尔在b站上看到博士有关血虚的讲座，我现在判断老表是津液伤 造成的肝火旺（因为 老表眼睛大，圆，按内经说法 肝坚 缓，不易受外邪，情绪病影响不大，他平时爱篮球运动，出大汗，有很多年;所以脉搏跟年轻人差不多，很有力。），另外他抽烟，每天一包，肺上也上火;情绪上有些焦虑。毕竟吃了一年安眠药了。我想咨询一下博士，像这个病例，肾阴虚加津液伤，我下一步的治疗方案，准备针肾 太溪和复溜，补泻肝经的大敦 行间，胆经的窍阴 侠溪;补泻肺经的少商，手阳明的 商阳 二间。中药的部分，还请博士给个合适他的方子，这个我还没学伤寒，很多药，都不会用。我试图劝说他戒烟，但是他有点焦虑，抽烟后能缓解这种情绪，好像很难。</p>",
      "level": 0,
      "highlight": false,
      "children": [
        {
          "id": "e73aeeeee874bae9c721df7e85dbad1f",
          "author": "李宗恩",
          "time": "2023年09月19日 13:36",
          "content": "<p>我不在網上針對個案一一討論。</p>",
          "level": 1,
          "highlight": true,
          "children": []
        }
      ]
    },
    {
      "id": "27fb380592c298820f00cd82f0595b8c",
      "author": "陳小姐",
      "time": "2023年09月20日 05:46",
      "content": "<p>您好，李醫生。如果要去到美國到我診所當面面診，一般費用怎麼算？治療結腸癌晚期大約需要多少錢？因為不是富貴家庭，所以想了解一下。感謝李醫生</p>",
      "level": 0,
      "highlight": false,
      "children": [
        {
          "id": "9628a7841d210afeb8129e0ec3c6dee3",
          "author": "李宗恩",
          "time": "2023年09月20日 19:01",
          "content": "<p>看診事宜，一律聯絡診所info@youngQi.com。</p>",
          "level": 1,
          "highlight": true,
          "children": []
        }
      ]
    },
    {
      "id": "2cac103bd0450d7ac75261b8f9135d17",
      "author": "陳小姐",
      "time": "2023年09月20日 20:59",
      "content": "<p>李医生，您好。很抱歉，打扰你了。我咨询过远程和面诊的信息，但是按照我个人的情况，基本很难实现面诊，远程诊断排期太久了。李医生可否给我开一张单方，我个人自行按照单方煮药缓解症状？我个人被诊断为乙状结肠恶性肿瘤，转移到肝，目前一天上厕所有3次，有便血，伴有粘液。睡眠正常，胃口一般，体寒。感恩，感谢！</p>",
      "level": 0,
      "highlight": false,
      "children": [
        {
          "id": "a3548eae383a0361f65db8dbcbd198b6",
          "author": "李宗恩",
          "time": "2023年09月21日 09:14",
          "content": "<p>不能，無理取鬧。</p>",
          "level": 1,
          "highlight": true,
          "children": []
        }
      ]
    },
    {
      "id": "e03f01a9b650dd4d8200aebe1b5eac74",
      "author": "Rex",
      "time": "2023年12月11日 08:24",
      "content": "<p>李博士您好，国内现在大规模的推广中医，但是信息良莠不齐。<br/>\n有幸看到倪师的讲解，深深的被吸引。<br/>\n而且倪师大爱帮助母亲严重的静脉曲张痊愈，免于西医开刀。<br/>\n我目前从事半导体气体工程这块，因为打心底喜欢中医，想要转中医，但爱人不是很支持，您有什么好的建议吗？</p>",
      "level": 0,
      "highlight": false,
      "children": [
        {
          "id": "a9baf3654ac555c61d492038ad9dd701",
          "author": "李宗恩",
          "time": "2023年12月11日 08:57",
          "content": "<p>改變人生方向，確實得考慮現實問題，建議你先好好研讀倪老師的中醫教材，等你有更多認識後，再考慮如何一步一步的轉換人生跑道，而不是一時衝動辭去現在的工作。</p>",
          "level": 1,
          "highlight": true,
          "children": []
        }
      ]
    },
    {
      "id": "881ed870746889303cf2f118ba3573e1",
      "author": "Rex",
      "time": "2023年12月12日 06:45",
      "content": "<p>好的，谢谢您</p>",
      "level": 0,
      "highlight": false,
      "children": []
    },
    {
      "id": "f1cb7f2a5e2e91120b4598b86ab10339",
      "author": "吴洪涛",
      "time": "2024年03月14日 08:45",
      "content": "<p>中醫與科學 (04/21/2006李博士)</p>\n<p>        什麼是”科學”? 大部份的人會想到有系統的學說和理論,如果要舉例說明,不少人會用牛頓、愛因斯坦等來解釋何謂”科學” 。人們心中的”科學”, 多半環繞在物理學, 譬如牛頓的古典力學和愛因斯坦的相對論等以數學為工具的理論, 然後往外推展至化學、生物學等, 再往外延伸到應用科學, 譬如經濟學等 。而這所謂”科學”的中心, 可以說是物理學的精神, 那就是有系統的觀察, 提出假說以解釋現象, 再借此假說預測和改變未來的現象, 如果這個假說禁得起長時間的考驗而不出錯, 這假說就變成了定律, 新的假說就可以用此定律為基礎, 再來解釋其它現象, 如此不斷地往上架構, 而能解釋及改變各種現象。</p>\n<p>       定律通常是非常簡單的, 牛頓的力學三大定律, 再簡單不過, 三百年來卻讓科學家們解釋了非常多的現象, 也造就科學的快速進步。馬克斯威爾, 原來是唸歷史的, 轉念物理才一年就拿到物理博士, 他的博士論文只有一頁, 而在這頁上簡單的四個式子, 造就整個電磁學, 也是今天我們能有無線通訊的根本原因。愛因斯坦的E=MC2, 更是一個絕好的例子, 短短一個式子, 可以製造出原子彈, 在幾秒中內, 催毀上百萬人的大城市。</p>\n<p>       說到中醫,不少人會認為那只是中國的民間偏方, 不科學,不現代, 甚至是迷信的。我們暫且不用中醫的理論和任何熟悉的字眼來說明, 我們換一個方式, 假設我們觀察人體很久, 我們發現諸多現象之間似乎有某種特殊關連, 為了解釋這些現象和關連, 我們提出一個假說, 這個假說是人體各部份可分為個 ”states”: A、B、C、D、及 E, 而這五個states, 各有其特別的性質, 彼此也有某些特定的關係, 而我們可以再細分為A+、A-、B+、B-、C+、C-、D+、D-、E+、E-, “+” state 和”-“ state 又有一些不同點, 另外這些states都會受到外在因素的影響,譬如說溫度、壓力等等。假設我們建立了這一套假說, 發現它可以解釋人體內多種現象, 我們把套假說再往前推,看它是不是能預測和改變未來的現象, 譬如說我們能不能用它來預測癌症細胞的轉移, 或譬如說我們能不能用它來改變某種病症而達到我們預期的結果, 換句話說, 我們用上述的物理學精神, 來考驗我們的假說, 如果經年累月, 經過很多的考驗, 我們的假說還能夠成立而不出錯, 我們的假說就可以像物理學中的假說一樣, 成為一個真實的、有用的定律和理論, 而這個方法是再科學不過了。有人可能會問我們最初是如何想出A、B、C、D、及 E五個states和其中的關連, 這就像是問愛因斯坦為什麼能想出E=MC2那麼簡單卻偉大的式子, 可能是經過不斷的觀察與思考, 可能是經過無數次地提出假說與修正, 也可能是來自遠超過平常人的聰明才智。總之, 這個提出假說、不斷驗證、成為定律的步驟, 不僅是科學的, 更是完全符合物理學的精神。 </p>\n<p>       我們回到中醫, 我們把上述的五個states用木火土金水來代表, 告訴你木火土金水這五個states各有其特性, 同時木火土金水相生相剋, 而陽代表”+”, 陰代表”-“, 陽陰有其特殊關係, 而膽屬陽木,肝屬陰木, 小腸屬陽火, 心屬陰火, 胃屬陽土, 脾屬陰土, 大腸屬陽金, 肺屬陰金, 膀胱屬陽水, 腎屬陰水。並且再告訴你這個木火土金水的假說, 經過上千年無數的驗證都不出錯, 同時也能基於此假說預測和治好各種病症, 那你是否覺得這個木火土金水的假說是一個非常科學的定律, 還是因為中醫沒有用A、B、C、D、E五個states來代表, 你就覺得不科學? 你可能會拿多年的西醫訓練來相比, 你會認為人體複雜多了, 不可能用中醫如此簡單的定律來說明, 這時你應該想想美國太空總署是如何接收到在太陽系邊緣的人造衛星所送回來的資訊, 如此複雜的工程, 說穿了, 就是馬克斯威爾所提出四個簡單的式子。當然, 木火土金水只是中醫定律之一, 中醫還有很多其它通過千年驗證的定律, 而是這些定律, 也都符合物理學的精神, 所以, 中醫實際上是非常科學的。 </p>\n<p>       反觀西醫, 西醫是很不一樣的, 西醫可說是建立在微生物學和化學, 了解細胞, 病毒, 化學藥物對各種細胞和病毒的影響等等, 在微觀的世界裡, 是科學的, 有很多假說, 很多驗證, 很多定律。然而, 在臨床上出現了很大的問題, 那些在微觀世界裡非常有用的定律, 到了宏觀的人體, 出現了問題, 整個人體的複雜度, 不是這些微觀定律原來用以解釋及驗證的對象, 於是, 西醫得借助於歸納統計來處理人體的疾病, 譬用說西藥廠研究出一種化學藥物, 認為可以治療高血壓, 這藥廠經過6到7年的動物及人體試驗, 發現70%的病例可以改善高血壓的現象, 雖然有些副作用, 在西藥廠和其律師團隊強大的影響力下, 經過多次溝通、說明、妥協結果, 美國FDA通過了這項高血壓藥物, 一旦美國FDA通過了, 其它國家主管藥物單位也陸續通過, 於是經由西藥廠大力推銷, 各醫院及醫生把此藥開給上百萬上千萬的高血壓病人。</p>\n<p>       上述的過程科學嗎? 首先, 西藥廠有一個假說, 認為某一種化學物質可以治療高血壓, 可是這個假說有通過科學驗證成為一個定律嗎? 沒有的,這化學物質只讓70%的病例改善高血壓現象,剩下的30%呢? “改善高血壓現象”是不是”除去病源”? 還是只是”壓制現象”? 那些副作用呢? 很明顯的, 原來的假說, 只針對人體某一小部份而不是針對整個人體, 不然怎麼會有副作用呢? 6到7年的動物及人體試驗能排除對人體長期的傷害嗎? 這些問題顯示出西醫並不符合物理學的精神, 而較偏向歸納統計學, 70%有效, 30%無效, 15%會產生A副作用, 8%會產生B副作用等等, 如果你仔細閱讀西藥廠給的藥物說明, 你會發現很多藥物的說明都寫者”有可能導致癌症, 而極少數的病例有可能導致死亡”,請問你在吃西藥時, 會想到那個” 極少數的病例”可能就是你嗎?</p>\n<p>       現在, 你再比較中醫和西醫, 是中醫的簡而有力的定律經過千年驗證無誤比較科學? 還是西醫見樹不見林的歸納統計比較科學? 請記住愛因斯坦的相對論仍走在科學的最前端, 可以解釋黑洞及其它許多重要的天文物理現象, 而相對論用數學式子寫下來再簡單不過了, 而一般人不了解相對論, 那不是愛因斯坦的問題, 更不能改變相對論的正確性。中醫的精深與科學, 也是一樣的道理。</p>\n<p>作者李宗恩博士是Stanford電機工程博士及UC Berkeley的MBA雙學位.</p>\n<p>　</p>\n<p>美國史丹佛大學博士的來函(04/22/2006)</p>\n<p>   當我第一眼看到這封傳真時,心中真是感慨萬千,我知道我得到了很大的鼓勵與支持,它讓我更有信心的向前走,我將之刊登於我的網頁中,讓大家對於科技與科學有更進一步的了解,我一直告訴讀者中醫才是真正科學的知識,西醫只是科技的成果,這位取得美國第一流大學博士學位的史丹佛大學電子工程學李宗恩博士的來函,他以一位科學家的立場來看中醫學,讀者想想他看到什麼.</p>\n<p>  李博士是台灣教育部所認定的資優生,因為成績優異,所以被一路保送到大學,在大學時就已經修完物理學博士的課程,大學尚未畢業就穫得美國哈佛大學物理學院的全額獎學金,因為工作的關係,他放棄這千載難逢的機會,轉而進入史丹佛大學電機工程系,如此優異的學者,取得博士學位自然是輕而易舉,同時間他也取得柏克萊大學的MBA學位,而今他投入中醫學的領域,因為他發現到中醫學與他最深愛的物理學其理相通,中醫學本來就是物理醫學,他因為有著深厚的物理學基礎,所以他的解讀中醫學的角度相當令人震驚,中醫界有這位物理天才的認同與加入研究,絕對是如虎添翼,我相信他寫這篇文章的目的非常明確,他只是希望大家不要再被西方科技醫學所蒙蔽,他釐清了科學與科技的不同概念,有幸能有他的參與跟我們一起共襄盛舉.</p>\n<p>  大陸的讀者可能不了解台灣的教育狀況,此君能被一直保送大學,不須要參加聯考,他就是被當局認定是最聰明的學生,才會有如此特殊代遇,簡單說就是被台灣教育部認定是台灣最聰明的人,我不知道大陸有沒有這種制度.</p>\n<p>  他的來函我將之貼於此,文章的抬頭是中醫與科學. 支持我的讀者們,如果你們遇到一些有理都說不清的無知中國人時,麻煩你將這一篇簡短的論文,列印出來給他們看,如果這些人看完之後,結果還是笨蛋一個,還是認為中醫不科學的話,你 乾脆就放棄他吧,一定沒救了.</p>\n<p>  登錄這篇論文後,有些居心匪測一心想打擊正統中醫之人士,居然還去函詢問李教授,是否我擅自借用其名來助我網頁的真實性,這種想徹底毀滅我中華文化的陰險小人,請注意聽,你們以小人之心來度君子之腹,這種行為我都銘記在心,我保證你們的行為不但會禍延你們的子孫,你們更將是毀滅中華文化的歷史罪人,必定會受到千千萬萬我炎黃子孫唾棄萬年的.</p>\n<p>美國漢唐中醫 倪海廈 謹記於04/22/2006</p>",
      "level": 0,
      "highlight": false,
      "children": []
    },
    {
      "id": "0f5fb0e05435a00b7c17de0bb80af14b",
      "author": "张想学中医",
      "time": "2024年08月08日 18:19",
      "content": "<p>想问下大家  为什么没有倪老师的 视频呀  在哪里可以找到  谢谢了</p>",
      "level": 0,
      "highlight": false,
      "children": []
    },
    {
      "id": "49e9c567a2f6769279ede269ba597309",
      "author": "罗兵",
      "time": "2024年08月21日 19:23",
      "content": "<p>李老师好，请问可以拜您为师跟您学习中医吗？我是大陆湖北籍人氏，今年30岁，目前在学习倪海厦老师的课程</p>",
      "level": 0,
      "highlight": false,
      "children": [
        {
          "id": "28ed12c38ba02378a89a8d049430cb25",
          "author": "李宗恩",
          "time": "2024年08月26日 15:26",
          "content": "<p>有緣分的話，自然會有機會。</p>",
          "level": 1,
          "highlight": true,
          "children": []
        }
      ]
    },
    {
      "id": "1716b1fbd58a25171785acbe187fc17c",
      "author": "江文周",
      "time": "2024年08月28日 06:46",
      "content": "<p>李医师，请帮忙解惑一下，谢谢！<br/>\n      肝——体阴用阳，从生理学病理学角度怎么来理解<br/>\n        ——罢极之本，从生理学病理学角度怎么来理解（在您的直播视频讲座中听到一点，但没理解过来，劳请展开解读一下）</p>",
      "level": 0,
      "highlight": false,
      "children": [
        {
          "id": "915f01ff06b4888eaaa084e7a73434fe",
          "author": "李宗恩",
          "time": "2024年08月29日 14:31",
          "content": "<p>以前幾次教學及演講，都講得很清楚，你應該自己去研讀。</p>",
          "level": 1,
          "highlight": true,
          "children": []
        }
      ]
    },
    {
      "id": "b02ade712a5f0a7565920cd1f7270f72",
      "author": "江文周",
      "time": "2024年09月07日 03:35",
      "content": "<p>李医师，倪师说的“水的循环”，这个“水”具体包含哪些方面，恳请帮忙解惑，谢谢！</p>",
      "level": 0,
      "highlight": false,
      "children": [
        {
          "id": "141b4531b9042709941764eb9f22911d",
          "author": "李宗恩",
          "time": "2024年09月19日 10:23",
          "content": "<p>水，泛指血管外的液體，而倪老師講的「水的循環」，只是其中的一部分。</p>",
          "level": 1,
          "highlight": true,
          "children": []
        }
      ]
    },
    {
      "id": "b41f12312792e72defda82e2fcd59986",
      "author": "中医小白",
      "time": "2024年09月26日 21:19",
      "content": "<p>李医师好！我在使用麻黄时有个疑问：麻黄不去节对药效影响大吗？您现在使用的麻黄去节吗？</p>",
      "level": 0,
      "highlight": false,
      "children": [
        {
          "id": "7b33afdfa171bdbcdef298c4b291c71a",
          "author": "一壶酒",
          "time": "2024年09月27日 08:05",
          "content": "<p>去看李宗师前段时间的帖子《长期喝咖啡导致肝癌胰脏癌……》下面的留言和回复。</p>",
          "level": 1,
          "highlight": false,
          "children": []
        },
        {
          "id": "57cde612dfc8264be37bcbf459fe5868",
          "author": "李宗恩",
          "time": "2024年09月30日 22:13",
          "content": "<p>麻黃節止汗，好的藥商會幫忙把麻黃去節。</p>",
          "level": 1,
          "highlight": true,
          "children": []
        }
      ]
    },
    {
      "id": "90b0b204e3a4475150906f10145f5067",
      "author": "江文周",
      "time": "2024年10月06日 23:37",
      "content": "<p>李医师，请帮忙解惑：倪师讲《神农本草经》时讲到的王不留行这味药，从倪师提供的实物照片看，跟现在市场上流通的王不留行，是黑色种子入药，完全不同，请问《伤寒杂病论》里边讲的王不留行散用到的王不留行是现在市场上流通的黑色种子这味药吗？谢谢！</p>",
      "level": 0,
      "highlight": false,
      "children": [
        {
          "id": "852dd23cfdfa10dcc8736c0f031b1867",
          "author": "李宗恩",
          "time": "2024年10月07日 10:59",
          "content": "<p>你看的是盜版的吧？倪老師正版教學中，應該沒有提供藥材照片。</p>",
          "level": 1,
          "highlight": true,
          "children": []
        }
      ]
    },
    {
      "id": "2f44bf3de2f312fef798b1d61d10f728",
      "author": "刘斌",
      "time": "2024年12月22日 12:32",
      "content": "<p>李老师您好，我是从业十年的程序员，从中国大陆放开新冠以来，在家全职研究中医药已有两年。在学习期间，为了方便后期研究时可以根据关键词快速搜索已看过视频或书籍的内容，我习惯将看过的教学视频用软件转成文字并校正后录入到本人以往工作和学习时搭建的私人笔记软件系统中。最近一段时间在系统的重新学习和整理您的教学音视频的时候，已经将您从2012年到2024年大概45个教学音视频的文字稿整理到了本人的笔记系统中，目前此系统只限本人在内网使用，下一步想将这45个音视频的文字稿抽出来单独做一个Web网站或手机APP放到公网，免费给学习您视频的人使用，以方便大家复习和搜索您讲过的知识，因为一旦公开，就涉及到知识产权的问题，所以想问一下您是否同意。演示版的网站和账号密码已经发到诊所的邮箱。</p>\n<p>附：目前已整理的教学音视频目录（部分视频的日期可能有误）<br/>\n20120804-阳气诊所讲座-中医轻松谈.mp4<br/>\n20121004-病例分享.mp4<br/>\n20141025-中医概论 第一节：概论.mp4<br/>\n20141110-中医概论 第二节：黄帝内经.mp4<br/>\n20141125-中医概论 第三节：伤寒论.mp4<br/>\n20141205-中医概论 第四节：诊脉.mp4<br/>\n20141219-中医概论 第五节：望闻问切四诊.mp4<br/>\n20150116-中医概论 第六节：临床案例.mp4<br/>\n20150130-中医概论 第七节：针灸.mp4<br/>\n20150213-中医概论 第八节课：二十味中药、讨论中医推展.mp4<br/>\n20151017-重庆第五届国际经方班.mp4<br/>\n20160428-中国医药大学演讲：中医治疗重症.mp4<br/>\n20160925-2016 第一届 台北汉唐经方论坛.mp4<br/>\n20170910-2017 第二届 台北汉唐经方论坛.mp4<br/>\n20171216-中国工程师学会演讲：从中医的观点看三高的预防与治疗.mp4<br/>\n20190707-2019 第三届 台北汉唐经方论坛.mp4<br/>\n20200210-微信讲座：新冠肺炎的中医经方治疗.mp3<br/>\n20200421-中工会网路座谈：经方中医在COVID-19医疗上的效果.mp4<br/>\n20200701-网上讲座：中药浅谈，如果只能选20味中药上火星，您会选择哪些以提高存活率？.mp4<br/>\n20200717-网上讲座：从临床病例浅谈中医医理.mp4<br/>\n20200726-网上讲座：从经方治疗新冠谈临床诊疗规范化.mp4<br/>\n20200817-网上讲座：经方和温病.mp4<br/>\n20201213-第十届国际经方班：新冠瘟疫病情发展与治疗.mp4<br/>\n20201230-第四届加拿大国际传统医学大会：新冠瘟疫病情发展与治疗.mp4<br/>\n20210131-从拦截新冠病程谈预防.mp4<br/>\n20210314-网上对话 – 中医治疗忧郁症的几个案例分析.mp4<br/>\n20210411-从中医生理学探讨多种疾病的病因及治疗.mp4<br/>\n20210703-千年中医的思想观和方法论.aac<br/>\n20210718-Zoom 中医轻松谈.mp4<br/>\n20220622-Clubhouse Omicron与清冠之乱，临床实战怎么办b站版.mp4<br/>\n20220717-李宗恩博士线上直播讲座.mp4<br/>\n20220821-直播讲座 – 从如何学好中医谈起并回答大家的问题.mp4<br/>\n20220925-中医浅谈系列之一：脉诊及回答问题.mp4<br/>\n20221030-中医浅谈系列之二：病例讨论及回答问题.mp4<br/>\n20221127-第十二届国际经方班：从桂枝汤看伤寒杂病临床应用.mp4<br/>\n20221204-中医浅谈系列之三：病例讨论及回答问题.mp4<br/>\n20221231-中医浅谈系列之四：新冠治疗与预防.mp4<br/>\n20230115-中医浅谈系列之五：新冠及后遗症治疗药方讨论.mp4<br/>\n20230305-中医浅谈系列之六：病例讨论及回答问题.mp4<br/>\n20230528-中医浅谈系列之七：心家病例讨论及回答问题.mp4<br/>\n20231022-13届经方班：急重症救治病例讨论，主要讲心家问题的治疗.mp4<br/>\n20231210-中医浅谈系列之八：支原体肺炎讲解与中医学习之路浅谈.mp4<br/>\n20240221-台湾中广新闻频道访谈新书养儿育女必备中医知识.mp4<br/>\n20240401-飞碟联播网访谈：养儿育女必备中医知识.mp4<br/>\n20241208-第十四届国际经方班：中医抗癌与防癌.mp4</p>",
      "level": 0,
      "highlight": false,
      "children": [
        {
          "id": "26923e8af79e078f2198064b512a67d6",
          "author": "平平淡淡",
          "time": "2024年12月22日 22:29",
          "content": "<p>哇，辛苦了</p>",
          "level": 1,
          "highlight": false,
          "children": []
        },
        {
          "id": "e8932cf02990f285c9f74714c4284277",
          "author": "一壶酒",
          "time": "2024年12月23日 12:59",
          "content": "<p>有心人，真不错。</p>",
          "level": 1,
          "highlight": false,
          "children": []
        },
        {
          "id": "c6d3f909622e471a928655d21018d905",
          "author": "未蒙师面，已承施恩",
          "time": "2024年12月23日 06:25",
          "content": "<p>网上能找到的李宗恩老师的视频比较零散，非常期待您的整合。</p>",
          "level": 1,
          "highlight": false,
          "children": []
        },
        {
          "id": "92ad408f0c82671cf9aede9d4b02d768",
          "author": "李宗恩",
          "time": "2025年01月10日 13:31",
          "content": "<p>謝謝你的好意，然而，我不知道該怎麼回答你。為了推廣中醫，在公益的前提下，我不介意大家轉載我的文章及演講教學。然而，有些人轉發只是為了賺錢，濫用我的知識產權。基於我不能真的分辨每個人的意圖，我無法正式授權，只能說在公益的前提下，我不介意大家轉發，但我保留法律權益，未來有爭議的時候，可以保護我的知識產權。</p>",
          "level": 1,
          "highlight": true,
          "children": [
            {
              "id": "5fe00934c19beb40a6d3d69bacbf70bf",
              "author": "太阳是我的女神",
              "time": "2025年01月31日 06:03",
              "content": "<p>李医生好。今天听完中医概论第一节，非常感谢。<br/>\n试了五脏排毒法。明日继续。<br/>\n另，有一事请教，情况如下：我父亲58年出生，近年入冬时总爱进补参汤十天半月。我认为参动元气，就像元帅调动军队，他无事喝了，白白耗费，不好。这还不算市场混乱导致的农药超标的风险。考虑到他不长喝、又考虑心理作用，我虽与他讲了看法，但没严肃阻止。刚过去的24年冬他换了鹿茸。同时入冬家中也会吃几次山羊肉。绵羊、牛肉卷也用来下几次火锅。<br/>\n我的疑问：他这么进补，不谈心理作用，有益吗？已吃牛羊肉，鹿茸会多余吗？会不会相当于多吃了几回羊肉？还是格外有益？<br/>\n主要现在的鹿都是养殖的，饲料喂大，说它们含百草精华我不信。T．T</p>",
              "level": 2,
              "highlight": false,
              "children": [
                {
                  "id": "b83e8c6ada25892d20f744c5e40e0458",
                  "author": "李宗恩",
                  "time": "2025年02月03日 14:45",
                  "content": "<p>我不在網上針對個案一一討論。</p>",
                  "level": 3,
                  "highlight": true,
                  "children": [
                    {
                      "id": "442165ee8c6659d6c28014f941fca466",
                      "author": "太阳是我的女神",
                      "time": "2025年02月06日 16:28",
                      "content": "<p>对不起。那我找找机会去诊所请教。</p>",
                      "level": 4,
                      "highlight": false,
                      "children": []
                    }
                  ]
                }
              ]
            }
          ]
        },
        {
          "id": "7d51313bbdd1c2ba75cdb0ca8bd263a7",
          "author": "骏",
          "time": "2025年01月10日 19:53",
          "content": "<p>收集的好全，留个邮箱分享一下，355545548@qq.com</p>",
          "level": 1,
          "highlight": false,
          "children": []
        },
        {
          "id": "2a9344618fea46da0d4aa95654512491",
          "author": "潇航",
          "time": "2025年02月03日 22:45",
          "content": "<p>这位网友给您一个折中的建议你可以把整理出来的李博士视频内容与文字发布在李博士网页上。需要学习的人可以自行来李博士网页观看。这样就避免侵权问题与方便其他想认真学习的人同时也过滤一部分不好好学习的人。</p>",
          "level": 1,
          "highlight": false,
          "children": []
        }
      ]
    }
  ],
  "fixed": true,
  "filename": "data\\fixed\\ca17a1b65a14bf4a86cf65189292080d.json",
  "timestamp": 1744603412.2538185
}