{
  "article_url": "https://andylee.pro/wp/?p=5218",
  "title": "國家地理雜誌：中醫藥如何改變現代醫學",
  "content": "<p>這個月的國家地理雜誌（National Geographic）有一篇專文討論中醫藥如何改變現代醫學（How ancient remedies are changing modern medicine – Long overlooked by Western science, traditional Chinese treatments are yielding cutting-edge cures），有興趣的讀者們可以花點時間看一看：</p>\n<p><a href=\"https://www.nationalgeographic.com/magazine/2019/01/ancient-chines-remedies-changing-modern-medicine/\">https://www.nationalgeographic.com/magazine/2019/01/ancient-chines-remedies-changing-modern-medicine/</a></p>\n<p>雖然文章的討論偏向中藥方劑的萃取物，作者對中醫的了解也很有限，然而，越來越多的主流醫學機構及媒體開始看重中醫，代表了許多西方人士開始積極去了解及探討中醫。這篇文章一開始，提到熊膽汁可以大幅延長豬心臟在體外跳動的時間，並以熊膽汁來討論中醫藥的爭議性。其實，即使熊膽汁、犀牛角等等有其用處，經典中醫並不需要依賴這些保護動物的藥材，有很多既便宜又有效的中藥材，重點是中醫師能否深入了解中醫的生理及病理學、精準的辨證論治、有整體策略地一步一步治療，這才是中醫真正的主軸，我想西方人士、甚至華人本身，還需要好一段時間才能明瞭這一點，當而主流醫學了解到中醫是個系統學問，而非只是中藥材的化學成分萃取，那才是中醫真正復興的時候。</p>\n<p> </p>\n<p> </p>",
  "article_time": "2019年01月11日 11:34",
  "comments": [
    {
      "id": "e17c78bf5cd6adfcbdf0d4f6872600bb",
      "author": "山林雾霭",
      "time": "2019年01月12日 19:05",
      "content": "<p>谢谢李医师的分享！初读文章，当看到熊胆和犀牛角这些极具争议性的话题和中医相关联的时候，心里不是滋味，太多人对经典中医不了解，对TCM也存在很多误解。西方主流对中医的研究也大都集中于对中药中所谓有效成分的提取，原因也许是 – 这是获得金钱利益的最快最有效的途径。有谁会愿意花钱做一些投资周期长、还可能赔本的研究呢？</p>",
      "level": 0,
      "highlight": false,
      "children": [
        {
          "id": "bd395f5e613ac40e6190d153f1c83d60",
          "author": "andy",
          "time": "2019年01月21日 09:29",
          "content": "<p>是的，每一次主流媒體提到中醫藥的好處時，就會有許多所謂的專家出來謾罵中醫，世衛把中醫相關事項加入IDC-11（International Disease Codes)時，一位醫學院的教授竟然說我們將看到許多動物即將因此絕種！不過，這也得怪許多華人及中醫藥廠商，自己也一天到晚推銷吃什麼特定的藥材，或者什麼特別的藥方，就可以不得癌症、長生不老！</p>",
          "level": 1,
          "highlight": true,
          "children": []
        }
      ]
    },
    {
      "id": "0f355267832f5f266e77718f26441e72",
      "author": "Jonsonku",
      "time": "2019年01月14日 04:03",
      "content": "<p>西医之道可否传世。百年前的盘尼西林进博物馆，现在阿莫西林横行天下，然后再百年呢？汉代古经方乃至三皇–伏羲  轩辕  神农–才是传世之医道。</p>",
      "level": 0,
      "highlight": false,
      "children": []
    }
  ],
  "page": 31,
  "order": 2,
  "filename": "data\\page30\\page30_order9_2c19c02d02c74bf7373e9ba6218a600d.json"
}