{
  "article_url": "https://andylee.pro/wp/?p=5013",
  "title": "如何選擇優良的中醫師",
  "content": "<figure class=\"wp-block-image is-resized\"><img alt=\"\" class=\"wp-image-5426\" decoding=\"async\" fetchpriority=\"high\" height=\"396\" sizes=\"(max-width: 580px) 100vw, 580px\" src=\"https://andylee.pro/wp/wp-content/uploads/2019/04/Screen-Shot-2019-04-16-at-12.50.14-PM-1024x700.png\" srcset=\"https://andylee.pro/wp/wp-content/uploads/2019/04/Screen-Shot-2019-04-16-at-12.50.14-PM-1024x700.png 1024w, https://andylee.pro/wp/wp-content/uploads/2019/04/Screen-Shot-2019-04-16-at-12.50.14-PM-300x205.png 300w, https://andylee.pro/wp/wp-content/uploads/2019/04/Screen-Shot-2019-04-16-at-12.50.14-PM-768x525.png 768w, https://andylee.pro/wp/wp-content/uploads/2019/04/Screen-Shot-2019-04-16-at-12.50.14-PM.png 1181w\" width=\"580\"/></figure>\n<p>如何選擇中醫師，這個問題一直是很多人的疑問和煩惱。中醫師説你服藥後有那些不好的反應是正常的、代表在進步，你如何確定這位中醫師說的是真實的，還是在唬你、想辦法保留你這位「客戶」？名氣大的中醫師也沒把你看好，到底是自己的病情嚴重，還是這位中醫師的名氣只是來自虛有其表的大量宣傳而已？。這是一個典型的「資訊不平等（asymmetrical information）」問題，甲乙雙方進行交易，當甲方知道的遠比乙方多的時候，乙方處於絕對劣勢，如何確保這是一個公平的交易？這不是個簡單的問題，畢竟2001年的諾貝爾經濟學獎就是頒給了研究這個題材「Analyses of Markets with Asymmetric Information」的George Akerlof、Michael Spence和Joseph Stiglitz三位教授，諾貝爾獎等級的問題，一般人當然很頭大。我在這裡提出幾點供讀者參考及思索。</p>\n<p>（1）名氣大、口碑好的中醫師，不一定真的厲害。很多讀者都知道，「名醫」不等於「明醫」，這點不太需要說明。但是，為什麼口碑好的中醫師也不一定真的厲害？中醫這個領域，非常偏向單打獨鬥，也缺乏標準流程，因此在網上沒有太多的參考資料來做為比較的基礎。一般病人因緣際會看了某一位中醫師，如果療效還不錯、醫師態度友善、收費還算合理，大部分的人就會一直看下去，很少會再去尋找及比較，而有親朋好友詢問中醫師時，也會向他們推薦自己去看診的這位中醫師，中醫師的口碑也就慢慢打響了。然而，「效果不錯」是需要比較的，譬如有人面癱，西醫治療無效，找中醫師幫忙，花了四五個月時間，終於恢復了八成，病人非常感謝這位中醫師，到處替他宣傳，可是這位病人不知道，真正功力高的中醫師可能兩三個星期就可以讓他完全恢復正常。有人長年腰痛，每兩週就去找中醫師下針，可以讓他舒服兩週，直到下次下針，病人覺得針灸很神奇，把這位中醫師捧在手上，中醫師也沾沾自喜，可是這位病人不知道，真正功力高的中醫師可能早就把他治癒了，不需要每兩週下針一次。又譬如許多中醫師只看一般的小病痛，效果不錯，卻有意無意的讓病人認為這就是中醫看病的範圍，當病人群中有人遇到了比較嚴重的疾病，很自然的覺得這樣的問題得找西醫看診，直接跳過這位中醫師的治療，這樣的情況下，病人群用來評斷這些中醫師的基礎馬上向下降了好幾層，那麼「效果不錯」的口碑也就不難建立。換句話說，打聽一位中醫師的療效時，不要只是停留在抽象的「不錯」、「很關心病人」等等，而是要去了解這位中醫師平時治療病症的種類、嚴重及複雜程度、治療的時間等等，同時和其他許多口碑不錯的中醫師做比較。不然的話，中醫師給每一位病人都開小柴胡湯，你也可能會覺得「效果不錯」，到處替他宣傳。</p>\n<p>（2）對病情及治療方法的解釋，不只是這個虛、那個補。很多中醫師看診後告訴病人，血虛、肝鬱、痰飲等等，治療的方法相對就是補血、疏肝、去痰飲等等，病人似懂非懂，也就這樣糊裡糊塗的看下去了。譬如有人還沒七老八十就得半夜起來小便三四次，許多中醫師就用「腎虧」兩個字來解釋，直接就開金匱腎氣丸給病人。問中醫師腎虧是什麼意思，越回答越迷惑。問中醫師為什麼要服用金匱腎氣丸，中醫師回答「因為金匱腎氣丸治腎虧」，這樣的回答，叫做「circular logic」，有回答等於沒有回答。其實，中醫有很清楚的生理學及病理學，不僅五臟六腑互相牽連，生病也是一個動態的過程，「腎虧」兩個字充其量也只是個「現象」，好像西醫說你白血球數目只有2000/microliter太低了，並沒有說明你為什麼有這樣的現象，更何況連「腎虧」到底是什麼也說不清楚，只知道那是中醫教科書上的一個病症名稱。比較好的病理解釋是怎麼個樣子？像這位半夜起來小便三四次病人，經過詳細看診後，我們可能認為是膀胱溫度不足，氣化不良，導致一直有想小便的下墜感；而膀胱溫度不足的原因是小腸寒冷，小腸受熱於心陽，轉而加熱膀胱、子宮、精宮、大腸等等的器官，小腸寒冷，膀胱自然不可能溫度足夠；小腸為什麼寒冷？是因為病人心陽不足，中下焦又寒濕重阻隔心陽下傳，導致心陽移熱小腸不足，同時造成心陽反逆，也順帶把胃火帶上來，所以病人明明舌苔白厚，裡寒明顯，卻喜歡喝冰水，又容易上火；那心陽不足又是為什麼？這位特定的病人可能是因為肝血不足，好比心臟這個引擎沒有好的肝血汽油一樣，也就沒有辦法提供足夠的輸出功率，肝血不足，導致中醫所謂肝不藏魂，睡眠品質不佳，又加上膀胱氣化不足的下墜感，那麼半夜起來小便三四次也就不奇怪了；肝血為什麼不足？…. 像這樣我們一步一步的往回推，再把每個點連接起來，整體的、動態的去深入探討病人的健康問題。同樣的，治療也不是一個藥方就全盤解決，而是像作戰一樣，了解全盤局勢後，選擇一個最適合的點下手，再一步一步的擴大治療範圍，同時考量治標與治本的平衡等等。另外，治療上出現瓶頸，也得一步一步的去思考、和病人解釋，譬如上面這個半夜多尿的病人，治療過程中，我們發現即使肝血足了、心陽強了、中下焦的寒濕也去了大半，為什麼小腸還是寒？為什麼還是會心陽反逆？原來是我們忽略了病人的肺有問題，肺過於燥熱，中醫生理學認為，肺法天，得清涼才能把如太陽熱力的心陽往下壓，心再怎麼健康，如果肺無法束降心陽，那也是白搞一番。換句話說，中醫理論是非常詳盡的，非常有邏輯性的，真的功力高的中醫師對病人的解釋，不會只停留在這個虛、那個補的玄而又玄。</p>\n<p>（3）不擅長開水藥的中醫師，內科功力無法真的大幅精進。無論是台灣的科學中藥粉劑，或者大陸的中成藥，非常方便，少說也有幾百種方劑和幾百味單味藥材的科學中藥粉劑及中成藥，然而，這樣的方便卻造成了許多的缺陷。中醫書籍裡面的方劑，就像武術的套路，是為了學習方便，容易解釋，但是真的和人對打時，那些只會套招的人，馬上被打趴在地上，其中的理由，不需要解釋讀者也很清楚。而就算是中醫師在學習方劑時，也用心試著去了解每一味藥的用意及各個藥材比例的目的，臨床治療不經常使用水藥就沒有辦法深入體會每一味藥在不同病人身上的差異、各種單味藥搭配的變化、現在藥材和古代的不同等等很多的細節，沒有了微調，只剩下了粗調，臨床上很快的就變成了方劑和病症之間一對一的對應，譬如為了溫中去水，就把所謂溫中用的理中湯粉劑和所謂去水用的五苓散粉劑混在一起，病人又說腰痛，再加上杜仲單味藥的粉劑，就這樣混起來給病人服用。然而，理中湯所謂的溫中功能究竟是什麼？五苓散所謂的去水又是去什麼水？不同病人的「溫中」都是同樣的藥材比例？想要卻無法去除方劑中某一味藥？腰痛就加入所謂能減緩腰痛的杜仲？這樣開方的方式，不需要多久，中醫師的對每味單味藥材的敏感度就會大幅下降，對病人治療的細節掌握度也無法深入，只剩下方劑和病症對應好一點或者差一點的不同。另外，這樣的中藥產品和用生藥材煮成的水藥，在療效有不少的差異，中醫師判斷用某一個藥方可以幫助病人時，本來可能是正確的，但臨床治療上卻看不到效果，這個時候也會讓中醫師很疑惑，不斷地改藥方，無法信任自己看診的準確度，久而久之變成了亂槍打鳥。目前這個問題已經很嚴重了，去年我受邀到中國醫藥大學中醫系五十週年大會上給主題演講時，許多位資深的中醫教授私底下都告訴我，台灣的中醫系學生，鑑於台灣健保給付的原因，在學校實習時只學開科學中藥粉劑，根本就無法一味一味單味藥來開方，造成臨床療效越來越差，真的能應付複雜病情的沒有幾位，不直接拿西醫的病名來對應中藥的方劑，就已經算是不錯的了。當然，這不是說中醫師不應該使用這些科學中藥粉劑或中成藥，這些產品有他們的實用性及方便性，中醫師在不同情況下選擇使用水藥或中藥產品，適度的使用，仍然是很好的權宜之計。反過來說，常常開水藥的中醫師也不一定功力比較好，很多中醫師開水藥，一開就是洋洋灑灑三四十味藥，有的甚至開到五六十味藥，什麼補血補氣的藥都混在一起，比亂槍打鳥還亂。這裡的重點是說，完全仰賴科學中藥粉劑或中成藥的中醫師，功力精進的速度及深度，是無法和擅長開水藥的中醫師相比的。</p>\n<p>（4）不要相信祖傳秘方、中醫世家、御醫後代、自創奇特方法等等華麗不實的宣傳。這些宣傳言語及手段，絕大多數都是用來掩人耳目的花招，即使有些是真的，也不代表臨床治療效果比較好。就拿祖傳秘方來說，沒有什麼神奇的祖傳秘方，或許有些真的是祖傳的藥方，但是，當年寫下這個藥方的家族老前輩，看診的功力遠遠不如那些名留千古的大醫家，不然也不會史上無名，擺著真的有效的正統中醫不使用，去使用來路不明、方意混亂的秘方，就算有些人試了有效果，也無法和真的功力高的中醫師看診相比，更不會一個藥方適合所有的病人。更何況很多所謂的祖傳秘方，到頭來只不過是從某本中醫古書中抄下來的一個方劑，當年這些醫書得來不易，藥房的小伙計趁著沒人的時候，偷偷翻了翻書，趕緊抄了一段，或者趁著包藥的時候，把醫師開的藥方抄了下來，就被當作寶貝來流傳給後人。這樣的情況，在韓國漢醫界也很常看到，有一次承蒙一位在韓國很有名的漢醫看得起我，他很小心慎重地跟我解釋他們家傳的針灸理論，到頭來根本就是中醫針灸理論中的井荥输經合五腧穴，換個名字被當作是家族秘密而傳了下來。其它各種宣傳的方式，我們不一一討論，重點是，那些華麗的宣傳，都是在利用病人對奇效、速效的渴望，聽聽就好，選擇中醫師，還是得看中醫師治療急症、重症、複雜病情的長期療效來決定，而非藥方或方法有多麼花俏的故事。</p>\n<p>（5）無論臨床看診功力如何，一定得誠信和守法。一位誠信的中醫師，不一定能治好病人的疾病，但是，當他束手無策時，會趕緊告訴病人，讓病人在病情更加惡化前，趕緊找功力更好的中醫師治療，不要耽誤了病情。然而，真實情況下，病人無法像和同事或同學相處一般，長時間和中醫師互動，也就無法真的判斷一個中醫師誠信與否，很多詐欺犯也會被受害人當成好人，醫師和病人不平等地位會讓假象更容易隱藏。那怎麼辦？中醫師的誠信與否，多多少少可以從守法的程度來觀察。譬如在美國，中藥被歸類為食品，所以沒有任何一個健康保險會給付中藥的費用，給付的項目只包含診斷及針灸相關部份。然而，許多在美國職業的中醫針灸師，為了吸引病人，特意在針灸費用申報時多報一點，甚至病人明明只來看診一次，卻申報為兩三次，再用針灸的保險給付來免費給病人中藥，這個現象很普及，很多華人也很樂意和中醫師配合，管他保險申報是否正確，只要不是病人自己出的錢，又有免費中藥，何樂而不為？其實，病人這樣的想法是很愚蠢的，即使我們不討論在法律上這樣的行為是保險詐欺了，中醫師的不誠信已經暴露出來了，今天中醫師和病人的利益站在同一邊，可以聯合起來佔保險公司的便宜，明天如果中醫師和病人的利益有衝突，那中醫師會站在哪一邊？當這位中醫師束手無策時，他一定會告訴病人嗎？同時，不管如何申報保險，保險給付還是有個上限，當給付是固定時，想要增加淨收入，那就得減少花費，如果中醫師「免費」送病人中藥，那麼病人怎麼確定他的優先順序是使用最適合病情、最有效的藥，還是成本最低的藥？病人貪小便宜的心態會嚴重傷害到病人自己，修車也不會為了貪小便宜而換裝個可能讓人車禍的零件，那麼病人自己的健康不是更重要嗎？而據我了解，台灣因為健保對中醫看診的給付非常有限，類似的情況也是非常普及。</p>\n<p>上面的幾點，雖然不能以偏概全，我們也可以討論其它更多的項目，但是，這幾點是一個很好的基本原則，讓讀者們打開判斷的頭腦，思索選擇優良中醫師時該注意的細節。</p>\n<p> </p>",
  "article_time": "2018年09月12日 23:21",
  "comments": [
    {
      "id": "eefb7d9c8468db1fd578d87a9cfcbc58",
      "author": "Ferry瑞芳",
      "time": "2018年09月13日 03:30",
      "content": "<p>这篇文章已经把中医一直在走下坡路的现状写得很明白了，感谢李医师的分享</p>",
      "level": 0,
      "highlight": false,
      "children": [
        {
          "id": "4bec2d90982155eaefc4e83d1b4d956c",
          "author": "andy",
          "time": "2018年09月17日 13:59",
          "content": "<p>謝謝你的支持及鼓勵！</p>",
          "level": 1,
          "highlight": true,
          "children": []
        }
      ]
    },
    {
      "id": "8bb8a8ea2a66bbdd1bd0db628269da57",
      "author": "jonsongu",
      "time": "2018年09月13日 03:40",
      "content": "<p>李医师的启蒙的顶级大作。诶，当然在华人世界适用。</p>",
      "level": 0,
      "highlight": false,
      "children": [
        {
          "id": "b5f33dd0ca2e1083cca7ada34a31ad75",
          "author": "andy",
          "time": "2018年09月17日 13:59",
          "content": "<p>謝謝你的支持及鼓勵！</p>",
          "level": 1,
          "highlight": true,
          "children": []
        }
      ]
    },
    {
      "id": "0701b9b927b5d0a5b0a53cb334920e03",
      "author": "lmc",
      "time": "2018年09月13日 04:33",
      "content": "<p>李医生，我想知道怎么才能成为像你一样能够随机应变开方子的人，   学习方法很重要，不想走弯路，请您指点一二，  听倪师学把神农本草经学会了，看方子就浑然天成，不知您有没有这样的经历，  如果不了解中医脏腑的内部运转结构，我想也不可以做到浑然天成的哪种效果吧。    迫切的想了解。</p>",
      "level": 0,
      "highlight": false,
      "children": [
        {
          "id": "6e3642981adacbb72299443466f8a849",
          "author": "andy",
          "time": "2018年09月17日 11:01",
          "content": "<p>如果對中醫的生理學和病理學很熟悉，會知道病人的身體哪裡偏離了正常的運作，要從哪個方向把病人拉回到正常狀態，而如果對各個中藥材很熟悉，會知道每個中藥材會對人體產生什麼方向的變化，幾個中藥材放在一起又會造成怎麼樣的改變，當知道病人需要怎麼樣的推力，也知道哪些中藥材合起來會產生這樣的推力，那麼藥方就自然浮現了。當然，講的容易，真的做起來還得考慮許多事情，譬如明明知道病人得服用某個方向的藥方，但是脾胃太虛，根本吸收不了，那麼是不是得考慮加減藥方等等。</p>",
          "level": 1,
          "highlight": true,
          "children": [
            {
              "id": "0fad935356a233643f49c9e52d80e4d4",
              "author": "lmc",
              "time": "2018年09月18日 12:21",
              "content": "<p>谢谢  李医生！！！</p>",
              "level": 2,
              "highlight": false,
              "children": []
            }
          ]
        }
      ]
    },
    {
      "id": "cfa0b16bb1b7f5b5112d3d332a32f5a2",
      "author": "山林霧靄",
      "time": "2018年09月15日 16:37",
      "content": "<p>寫的真好! 擇醫如用將，“知其才智，以軍付之，用將之道也；知其方技，以生付之，用醫之道也。” 一些病人以價格高低決定去哪裡看病，真是本末倒置，最後浪費了時間，錯過了時機。</p>",
      "level": 0,
      "highlight": false,
      "children": [
        {
          "id": "3ca1fa73ed9b26179e6f84141ed6e5ca",
          "author": "andy",
          "time": "2018年09月17日 14:03",
          "content": "<p>中醫治病像打仗，而平常維護健康時，像是治理國家，讓國家內部不動亂、外部不受敵人威脅。</p>",
          "level": 1,
          "highlight": true,
          "children": []
        }
      ]
    },
    {
      "id": "bc018997f9d44e4dee5096f490d267e5",
      "author": "lmc",
      "time": "2018年09月15日 17:58",
      "content": "<p>看完李医生 文章，我思考了几天，  本草–了解每一个将领，士兵       经方—兵法        病人—敌人 （心魔，身体进入邪气）   综合天地之天时，地理，    排兵布阵，  加上针灸（导弹  弓箭   做为用兵前的道路清除）       试想应该是有相比性的</p>",
      "level": 0,
      "highlight": false,
      "children": [
        {
          "id": "17f9535ec53d2f3e1027e3c535a3de9a",
          "author": "andy",
          "time": "2018年09月17日 14:08",
          "content": "<p>我喜歡用兩種方式來解釋中醫，一個是如何在作戰時用兵遣將，另一個是如何在多維向量空間裡改變局部平衡位置。</p>",
          "level": 1,
          "highlight": true,
          "children": [
            {
              "id": "47efa54b98c88db2fd16c8fe28d6e787",
              "author": "lmc",
              "time": "2018年09月18日 03:31",
              "content": "<p>李医生，多維向量空間我可以理解为   爱因斯坦物理的    时间   温度   速度    压力<br/>\n用来分析   病因病机    找出身体内部的黑洞          可以吗？</p>",
              "level": 2,
              "highlight": false,
              "children": [
                {
                  "id": "a4282d18b19f598615fca491ee7b207c",
                  "author": "andy",
                  "time": "2018年09月19日 20:27",
                  "content": "<p>我倒是沒想的那麼玄。每個因素如乾濕、寒熱等等，都是多維向量空間裡的一個維度，每一味中藥都是一個向量，可以改變人體所在的位置，利用各種中藥的組合，可以把偏離的位置推回到原點。不過，觀念簡單，實質上卻不容易，除了這個多維向量空間本來就只是一個模糊的概念，其中的每一個維度，並不是orthogonal，每一味中藥也非只對某一個維度有影響，同時，有很多阻礙在這個空間了，你想向右走，偏偏阻礙擋在那裡，你得先往右上走，再往右下走，甚至很多時候的繞許多回頭路，才可以回到原點。</p>",
                  "level": 3,
                  "highlight": true,
                  "children": [
                    {
                      "id": "64abc2581469dd8a3c81560f9ff6bb7b",
                      "author": "lmc",
                      "time": "2018年09月19日 23:32",
                      "content": "<p>我大概明白了您的意思，就是要把内部的病变移动，可以通过不同的方向试着推动，看它受哪个方向推动的力度最大，从而使它最大化的改变它，起到四两拨千斤的作用，当然这种手段需要一定的技巧和实践经验的累计，才能得心应手。</p>",
                      "level": 4,
                      "highlight": false,
                      "children": []
                    }
                  ]
                }
              ]
            }
          ]
        }
      ]
    },
    {
      "id": "84ccb93190dee64908cb2bf7707786b7",
      "author": "adang",
      "time": "2018年09月16日 18:38",
      "content": "<p>之前在大陆的网络上看了很多中医的讲座视频，也购买了相关的书籍。自学了3年，完全不入门，根本不知道，中医如何才能学懂。但是一直没有放弃，因为我坚信中国的传统中医的能力。直到几年前偶然的机会，找到了倪师的视频，便开始没日没夜的听。我也是物理专业毕业的，所以听起来如获至宝。大概前前后后听完了二分之一。也一直没有动手开过药，（给自己开过桂枝汤）。除了原理懂得一些之外，没有任何的实践。直到最近，把您在台湾中工会的音频，前前后后听了两遍。对针灸，对人体对结构，又有了一个更精细的认知。把《思考中医》，精读了一遍，回头又略读了一遍。把对应的易经中的卦相也顺带着看了一下。经过这次再学习之后，获益匪浅。所以作出下面实质的计划。1、倪师的视频，再捋一遍。2、背诵《伤寒论》。3、动手给身边的人开方。（从自己和家人开始）。非常感谢，感觉自己很幸运能遇到倪师，能遇到李博士。</p>",
      "level": 0,
      "highlight": false,
      "children": [
        {
          "id": "72397f29ea1d6e5cc0240c7e15b9b559",
          "author": "ieitZYB",
          "time": "2018年09月16日 23:56",
          "content": "<p>于是，不完全DVD学员想了想，倪师的东西没有公开出版，读者怎么办？所以根据记忆又找了下，有说明在：http://www.hantang.com/chinese/ch_Articles/fortune.htm<br/>\n天紀-人紀-地紀</p>\n<p>  我將用我一生的心血 , 完成這三部著作 , 第一部是天紀已經於1994年完成 , 已經傳世 ,  當時只收約20位學生 , 拍攝記錄下來的錄影帶只做了一百個拷貝 , 有防止盜錄功能在內 , 目前為了怕影片無法持久 , 所以又拷貝了三套DVD來傳世 , 一部在我手邊 , 另二部在我亦學生亦好友手上 ….</p>",
          "level": 1,
          "highlight": false,
          "children": []
        },
        {
          "id": "7e5378af8c94bbe0f26ee5268c83d085",
          "author": "andy",
          "time": "2018年09月17日 14:08",
          "content": "<p>謝謝你的支持及鼓勵！</p>",
          "level": 1,
          "highlight": true,
          "children": []
        }
      ]
    },
    {
      "id": "9417cbfa2cda6265f456a1af22f38157",
      "author": "adang",
      "time": "2018年09月17日 17:38",
      "content": "<p>李博士：您下次系统讲解录视频《人纪》是什么时候，如何报名参加？希望能有机会当面向您学习。</p>",
      "level": 0,
      "highlight": false,
      "children": [
        {
          "id": "2bfb28e5c0e292533153177d302f37bc",
          "author": "andy",
          "time": "2018年09月17日 19:47",
          "content": "<p>還不確定，確定後會在網上公布。</p>",
          "level": 1,
          "highlight": true,
          "children": []
        }
      ]
    },
    {
      "id": "7d992642dec9da43d1a2617e1b7a7864",
      "author": "Gordon chen",
      "time": "2018年09月22日 20:56",
      "content": "<p>您说:譬如明明知道病人得服用某個方向的藥方，但是脾胃太虛，根本吸收不了，那麼是不是得考慮加減藥方等等。————请问遇到这种脾胃太虚的，是不是要先治脾胃？治疗思路是怎样的？有专业人仕说脾胃不吸收，可以考虑用汤药泡脚，吸收效果也不错。</p>",
      "level": 0,
      "highlight": false,
      "children": [
        {
          "id": "86ffb4e87421e6d969ef49ac35c146f5",
          "author": "andy",
          "time": "2018年09月25日 13:48",
          "content": "<p>脾胃太虛的時候，無法使用什麼重藥，得先增強脾胃，這也是金元四大家補土派的主要思維之一。如果病人不受藥時，確實可以考慮其它方法來旁敲側擊來改善一些，等病人比較能受藥時，再回到主線來治療處理。</p>",
          "level": 1,
          "highlight": true,
          "children": []
        }
      ]
    },
    {
      "id": "6ca590df4f7f2369456b023033e387d2",
      "author": "jonson Gu",
      "time": "2018年09月25日 06:50",
      "content": "<p>李医师，迟来的祝贺，中秋快乐，请您笑纳。说个医案，大概在去年底，有位朋友的老乡被西医诊断为类风湿关节炎（和倪师讲的一模一样），这位朋友和我一样也是自学经方的，也有个小圈子互相交流学习心得。当时支持朋友用桂枝汤加乌头蜜去治疗，但持续了大半年一直没效果，直到9月初，朋友怀着沮丧的心情告诉我他的失败。当时怀着挑战的心理接下这个医案。那天用了三个小时整一个下午时间去了解，不是面对面，相隔千里，用微信打字和图片去互动。原文如下：<br/>\n《26岁生小孩，半年后就感到手指痛硬，痛之后就一直吃药，过了4年半后停了3个月西药，吃了半年卫生素就生了儿子，生了儿子1个月后就全身痛，直到现在，快20年了，脚有肿，有点发红，无感觉烫，西药停了我全身就动不了，好难受。每天醋酸泼尼松片1一2粒，甲氨蝶呤每周4粒，大活络胶囊4粒，柳氮磺吡啶结肠溶胶囊4粒，来氟米特1粒，艾瑞昔布片2粒》<br/>\n聊到这里，我的心很酸，被病魔折腾了近20年。太痛苦了。她说，近期说话都无力。<br/>\n当时思路是这样，太虚弱了，不妨用十全大补汤去补下，同时建议她艾灸和拔罐。在还没喝汤药前，拔罐出现水泡和血泡，艾灸也是如此，合谷穴，太溪穴，肝俞—膀胱经的五脏俞穴，在乡下，医疗条件很有限，月经从9月7日到今天才停，当时知道这是艾灸和拔罐的后果，不去管它。十全大补汤加止痛的草药下去，如石沉大海，全身骨节疼痛，还是靠西药去维持。<br/>\n9月23日，她喝了第二个汤剂，也是原先在您这里留言的治疗肝阴实症的基础方，思路是清肝 疏肝 补肝 温肝，攻补五五开，今天是第三天，骨节疼痛已经缓解很多，建议她西药全部停止。这副汤剂开了10剂，要求她每喝完三剂就回馈信息。<br/>\n最初的目标是摆脱西药的依赖，算是治疗成功，现在看来有希望。但是下一步呢？西药最伤肝，木不能疏土，土必然有问题，但在10问中，有大便犹如羊粪，喝水多就小便多，怕风有太阳症，手脚冬天就冰冷。应该是阳明与太阳的合并症。<br/>\n刚刚有微信我，原文是《今天已有好大进步了，因为20年来第一天无吃西药，竞然有效果，真的好感谢你和国能》。国能是我的朋友，经方学子。<br/>\n但是我在忧虑，是否在第二个汤剂后，继续温肝补肝，还是用阳明与太阳的合并症的汤剂，还是三方合一去做，大柴胡汤似乎是个选项。但是脚裸和手有肿胀和变形，又该如何处理，诶，遇上障碍了。可否请李医师赐教。非常感谢，打扰您了。中秋愉快，合家欢乐。</p>",
      "level": 0,
      "highlight": false,
      "children": [
        {
          "id": "0681a3073c0137c1881c7a7d18049f15",
          "author": "andy",
          "time": "2018年09月25日 14:01",
          "content": "<p>很高興聽到你有很好的病例，確實很多時候無法在原本方向看到療效時，就得繞個路，換個角度來試一試。至於，你這個病例接下來該如何再突破，雖然我可以猜出為什麼原先桂枝湯加烏頭蜜沒有看到效果、清肝補肝反而有幫助，我得先對病例有更多的了解，才好提供意見。</p>",
          "level": 1,
          "highlight": true,
          "children": []
        }
      ]
    },
    {
      "id": "95340a5aab5e0b78a19fff7e35bb823a",
      "author": "Jonson Gu",
      "time": "2018年09月29日 13:49",
      "content": "<p>谢谢李医师。刚为患者做了10问，最大的进步是连续四天不依赖西药。浑身的骨节酸痛，除了脚裸有肿痛（不发热）外，改善很多。这位患者身高150厘米，体重72斤，年龄42岁。属于瘦弱型，说话中气不足，推断后，认为除了肺还好，心阳不足是肯定的，目标以肾，肝和脾为主，以八味肾气丸（改换成汤剂）做基础方做加减，再配合壮心阳的汤剂（分为二个处方）。看了她的手的图片，食指和无名指，在手指和手掌之间骨节高高隆起（在手背上),—食指西医诊断骨质增生，无名指诊断是关节炎–多年前医学诊断，然后西药不停地吃。这个症状，还在思考中，应该集中在手指的血液循环（心阳不足），和肾脏方面，但目前不确定。腰不，那个图片在脸书上给您看看。</p>",
      "level": 0,
      "highlight": false,
      "children": [
        {
          "id": "b0e773a41a8f38f4d71abf8528abc165",
          "author": "andy",
          "time": "2018年10月01日 22:52",
          "content": "<p>我看了以後，再看看該如何回答你。</p>",
          "level": 1,
          "highlight": true,
          "children": []
        }
      ]
    },
    {
      "id": "85eb459eeafdd6c5913858693aafc44d",
      "author": "李家賓",
      "time": "2018年10月01日 21:33",
      "content": "<p>李醫師您好:</p>\n<p>很幸運在網路上搜尋到您的部落格，深深被您所傳達的中醫理念吸引，希望有機會能跟您學習中醫。</p>\n<p>我是您台大的學弟，目前在台灣的電子產業工作，計畫想到美國學習中醫考照，未來想在美國執業，想跟李醫師請教相關的問題，如果您方便的話，是否可以私下回信呢? </p>\n<p>無論如何，非常謝謝您的時間與分享。</p>\n<p>祝 順心平安</p>",
      "level": 0,
      "highlight": false,
      "children": [
        {
          "id": "362a0cc193b1caf1944cd2e75484cae4",
          "author": "andy",
          "time": "2018年10月01日 22:55",
          "content": "<p>很高興你對中醫有興趣，你可以email到info@youngQi.com。到美國學習中醫考照、在美國執業，是一條漫長且辛苦的道路，同時目前美國政府大幅收縮移民政策，你得多加研究及思考。</p>",
          "level": 1,
          "highlight": true,
          "children": []
        }
      ]
    },
    {
      "id": "8bc87d67763cb74541abb8f978218d89",
      "author": "命由天定",
      "time": "2018年10月25日 19:47",
      "content": "<p>李博士：您好！想请教一下您，在大陆哪个地方有倪师讲的仙丰制药出的汉唐100方购买呀 除了仙丰制药，在大陆国内哪里能买到汉唐100方呢？您如果知道的话希望能告知一下详细信息， 不胜感激！！！</p>",
      "level": 0,
      "highlight": false,
      "children": [
        {
          "id": "3c525f33f4dde292d59924276b2832cf",
          "author": "andy",
          "time": "2018年10月26日 13:26",
          "content": "<p>目前還沒有正式管道，台灣的科學中藥粉劑目前在大陸仍不合法，我這次去河南有參與討論，期待大陸可以買到漢唐藥丸或同等的中成藥。</p>",
          "level": 1,
          "highlight": true,
          "children": []
        },
        {
          "id": "c0799399895de3bb97e821fed252d527",
          "author": "8020",
          "time": "2018年11月25日 08:02",
          "content": "<p>在淘寶搜尋”台灣代購仙豐”，有部份店家可代購漢唐的產品。</p>",
          "level": 1,
          "highlight": false,
          "children": [
            {
              "id": "e7cccf3a3aafa8fff88f6a0870da7a9e",
              "author": "andy",
              "time": "2018年11月28日 12:39",
              "content": "<p>目前台灣科學中藥粉劑在大陸仍不合法，已經有人因為販賣台灣科學中藥粉劑而被起訴。</p>",
              "level": 2,
              "highlight": true,
              "children": []
            }
          ]
        }
      ]
    },
    {
      "id": "5b874f98f79bb11f441f2750ba1a839f",
      "author": "致远",
      "time": "2019年10月02日 07:23",
      "content": "<p>请教李医师，五苓散里面的桂枝是桂尖打粉，还是肉桂啊？看到某中医大夫说，有钱人吃肉桂，没钱用桂枝，有道理吗？</p>",
      "level": 0,
      "highlight": false,
      "children": [
        {
          "id": "4e11cf9af87133cb84d433b243ea2630",
          "author": "andy",
          "time": "2019年10月03日 11:20",
          "content": "<p>一般五苓散用的是桂枝。肉桂強心力量大，桂枝可以行表，強心力量卻小於肉桂，用藥上得看使用的目的為何，並非肉桂比較貴就用肉桂。</p>",
          "level": 1,
          "highlight": true,
          "children": [
            {
              "id": "0d3baa9e3c97bd02f81a431b7545a11f",
              "author": "致遠",
              "time": "2019年10月05日 04:39",
              "content": "<p>謝謝您的回復，對藥性把握的太好了。</p>",
              "level": 2,
              "highlight": false,
              "children": []
            }
          ]
        }
      ]
    },
    {
      "id": "9b42a173e75092f5bb0dad9a816ea802",
      "author": "致远",
      "time": "2019年10月02日 07:29",
      "content": "<p>科学中药粉剂用的桂枝还是肉桂？吃五苓散排水，哪种体质的人不能吃？</p>",
      "level": 0,
      "highlight": false,
      "children": [
        {
          "id": "0bc434aae11166ab60ea2e6dd6d1086f",
          "author": "andy",
          "time": "2019年10月03日 11:26",
          "content": "<p>五苓散用的是桂枝。「體質」是很籠統的說法，不能以偏概全。五苓散雖然四平八穩，還是有人不適合，譬如寒痰於心包，簡單的桂枝強心就有可能讓病人心臟很不舒服，這時得先去心包痰飲，換句話說，不是五苓散有什麼問題，而是病人有什麼問題得先去解決。</p>",
          "level": 1,
          "highlight": true,
          "children": [
            {
              "id": "7e829616bcedfac4b66bd1cc3065804b",
              "author": "致遠",
              "time": "2019年10月05日 04:44",
              "content": "<p>嗯嗯謝謝您，受教。</p>",
              "level": 2,
              "highlight": false,
              "children": []
            }
          ]
        }
      ]
    },
    {
      "id": "734d997a492bd1535abbb169114f6f22",
      "author": "virginia",
      "time": "2019年10月06日 06:36",
      "content": "<p>我很欣賞您在回覆中所答:中醫治病像打仗，而平常維護健康時，像是治理國家，讓國家內部不動亂、外部不受敵人威脅.<br/>\n但大多數的患者都是平常時不維護,一旦病症出來便要求或問醫生幾天或是要多久才可以把他們的病治好?就算真得遇到名醫又如何?這次看好了下次又製造新的病出來,我因為有親身經歷,所以我覺得當個真正的名醫好難也好辛苦,但也很感謝有您們這麼優良的醫師真正為發揚及傳遞正統中醫持續不斷地努力!</p>",
      "level": 0,
      "highlight": false,
      "children": [
        {
          "id": "b15882e0e12d65230480d186d2989c26",
          "author": "andy",
          "time": "2019年10月08日 18:33",
          "content": "<p>謝謝你的支持於鼓勵！</p>",
          "level": 1,
          "highlight": true,
          "children": []
        }
      ]
    },
    {
      "id": "90216433663bd74cec014932b48ed613",
      "author": "Jason",
      "time": "2019年10月09日 21:15",
      "content": "<p>我就是這樣的人，會感覺咚咚咚心臟大力的跳動，明明桂枝治心悸，而我的藥方有桂枝卻反而很不舒服，李醫師我10/24有跟你約診，一切就靠你了!</p>",
      "level": 0,
      "highlight": false,
      "children": [
        {
          "id": "b0a1900e3c507e39e2762175d5292a99",
          "author": "andy",
          "time": "2019年10月22日 21:37",
          "content": "<p>感謝分享，診所見！</p>",
          "level": 1,
          "highlight": true,
          "children": []
        }
      ]
    },
    {
      "id": "eeaabac44d4b8d4cdc7fdedbae3be285",
      "author": "李梁",
      "time": "2023年10月06日 10:44",
      "content": "<p>看了您这篇的文章，我想说李老师总是能打开一扇扇门，一步步挖掘到最深处，不被表象所迷惑，我感觉这也是中医最难的一点！哪怕当初就是我自跟自己开方治病，自学中医起初，也难逃乱枪打鸟，对症治症，觉得自己缓解了点，就怡然自得，其实根本没解决问题，说的难听点，就是治标不治本</p>",
      "level": 0,
      "highlight": false,
      "children": [
        {
          "id": "9d0d2e2afaee3138bc7121ace3f0c2a2",
          "author": "李宗恩",
          "time": "2023年10月16日 12:52",
          "content": "<p>中醫是易學難精。</p>",
          "level": 1,
          "highlight": true,
          "children": []
        }
      ]
    },
    {
      "id": "e1da9c2e513bfb5844b93072ef02bfa7",
      "author": "听明",
      "time": "2023年10月20日 23:26",
      "content": "<p>就是形和神，不能只看到结果，真理无一例外，无例外你必然要抓到内在实质，不会被形上的结果束缚被骗。<br/>\n我想写出，耳针，灵龟八法，灸膏肓，易经筋的通治方法，以倪师为主，耳针最简单，想求问耳针的细节，就是我当时下了针，痛，有感觉，第二天就没感觉了，后面效果也不明显https://tieba.baidu.com/p/8606274457?share=9105&amp;fr=sharewise&amp;see_lz=0&amp;share_from=post&amp;sfc=copy&amp;client_type=2&amp;client_version=12.49.1.0&amp;st=1697869498&amp;is_video=false&amp;unique=830CFD94E4CE232430736EF2A75172B7。<br/>\n我恨自己悟得太晚，才知道要无欲则刚，要在念未起时狠狠修正，初要很明。才静心去学习</p>",
      "level": 0,
      "highlight": false,
      "children": []
    }
  ],
  "page": 31,
  "order": 9
}