{
  "article_url": "https://andylee.pro/wp/?p=5188",
  "title": "人民醫院主任醫師學習中醫的感言",
  "content": "<p>前幾天，在河南開封通許人民醫院教導中醫的楊貞醫師傳來了兩位科室主任醫師的學習感言，在這裡和大家分享。我十月在人民醫院的時候，見過這兩位主任醫師，他們都非常認真學習中醫。呼吸消化內科的婁主任告訴我，無論白天看診多麼疲憊，她每天晚上一定認真研讀倪海廈老師的中醫教材，她竟然能在三個月內把倪海廈老師五套人紀教材全部看完一次，白天再跟著楊貞醫師臨床看診，自然也就能快速進步。目前人民醫院學習中醫的第一期三十位及第二期一百位醫師護士們，在整天看診、照顧病人、值班、加班等等辛苦忙碌的責任下，還得騰出空檔、犧牲休息時間來學習中醫，實在難能可貴，而人民醫院奈院長也為了加強他們學習的進度，不計成本的重新調度醫護人員值班時間，讓醫師護士們在本來該值班的時段裡，一起在醫院內學習中醫，身為一家頗具規模西醫院的院長，能有如此的遠見及付出，讓人敬佩。</p>\n<p><strong>呼吸消化內科主任醫師：</strong></p>\n<p>在一個繁忙的下午，電話鈴聲突然響起，看著這熟悉的電話號碼，心理不由的緊張起來，唉，這個老病號，現在這麼冷的天氣，她的氣管炎病又發作了吧，又要叫120車了，這一次能不能拉過來呢。趕緊接過電話。熟悉的聲音傳來，婁主任，我是你的老病人，給你報告個好消息，這麼冷的天，我的氣管炎還有心絞痛都沒有犯，謝謝，謝謝你了…….聽著這熟悉的聲音，心裡的一塊磚落了地，也使我想起了她每次來時的情景。</p>\n<p>這是一個病史比較複雜的病人，女性，60歲，患有“慢性支氣管炎”病歷數十年，每逢受涼或到冬季氣管炎都要發作，在家服藥不能緩解，都要住院治療，今年尤其嚴重；患“糖尿病”7年，間斷口服“消渴丸，二甲雙胍”治療，血糖控制情況不理想；有“高血壓”病1年，間斷服降壓藥物，血壓控制不理想;患“腦梗塞“病史1年，經治療後未遺明明顯後遺症，患”急性心肌梗死“病史半年餘，平素口服拜阿司匹林，氯吡咯雷，阿托伐他汀，消心痛片。今年截至8月份，已經住院6次，基本1月多住院1次，半年前患心肌梗塞合併心衰，在監護室住7天，住院1月出院。8月份因受涼氣管炎，冠心病心絞痛心衰再次住院，這次非常幸運，住院第8天，有幸等來了楊老師來我院授課，請楊老師會診，給以中藥治療，一天比一天好，住院10天出院，並在家服中藥1餘，至今，氣管炎，心絞痛，心衰等都沒有再發作。在最近這麼冷的天氣中，仍然生活能夠自理，能做一般的家務活，心裡太高興了，所以打電話表示謝意。</p>\n<p>是的，聽著病人的喜悅的心情，我的心裡也非常高興，像這種案例還有很多，今後會和大家一起分享。</p>\n<p>通過這段時間開展運用中醫的治療，許多難治，麻煩，病情反覆的病人，都有不同程度的緩解或治愈，真正體會了祖國醫學的偉大，老祖宗留給我們的東西真是太好了，在今後的時光裡，要堅決把我們自己的醫學傳承下去，這是我們這代人的責任和義務，不管我們肩上的重擔有多大，都要克服一切困難，努力的傳承下去，把這項工作堅定的走下去。</p>\n<p>呼吸消化內科病區婁愛枝忠誠的祝愿每位患者早日康復，生活愉快，家庭幸福！</p>\n<p><strong>傳染科主任醫師：</strong></p>\n<p>2018年在我院開展中西醫結合治療技術，拜美籍華人楊貞為師，傳承中醫大師倪海廈中醫技術，在這短短的時間裡，使一些疾病達到治愈或完全緩解的地步，創造了一個個奇蹟，如腎結石並積水的病人，嚴重的1月餘治愈，輕的1週治愈，解除了病人手術的痛苦；慢性支氣管炎肺氣腫，常年服藥或住院治療，遷延不愈，經過1個月的治療，症狀緩解，不用住院治療了；冠心病心絞痛通過服藥症狀緩解，免除了放支架後長期服藥的痛苦；腦梗塞的病人，急性期早期治療，可以把症狀緩解，不留後遺症;糖尿病合併肢體潰爛，1週治愈，服藥1月，血糖控制在6.0左右；帶狀皰疹患者，早期皮膚不潰爛的2天治愈，合併皮膚潰爛天天疼痛的，1週基本治愈；骨折病人，用藥後，可以使骨頭縮短癒合的時間，以及一些亞健康的人，通過治療，可以完全康復，腫瘤病人以提前預防等等，在這短短幾個月的時間裡，見證了一個個奇蹟。</p>\n<p>（兩位主任醫師的感言原本是用簡體中文寫的，據我了解，使用簡體中文的讀者們，絕大多數都可以閱讀繁體中文，而許多使用繁體中文的讀者們卻對簡體中文有些生疏，因而在此轉成繁體中文。）</p>",
  "article_time": "2018年12月16日 13:08",
  "comments": [
    {
      "id": "4e3e94e5f6b494e42085219c6a4df8d8",
      "author": "lmc",
      "time": "2018年12月17日 12:40",
      "content": "<p>李医生，有心了，其实在您的部落格里面，我也是学习了很多。再次感谢您！</p>",
      "level": 0,
      "highlight": false,
      "children": []
    },
    {
      "id": "222b0357996ef5f7071677c7a77848c5",
      "author": "Ferry瑞芳",
      "time": "2018年12月19日 22:49",
      "content": "<p>Hello Andy , how are you ?<br/>\nI search your bolg and try to find some info.on “Trigeminal neuralgia”treatment case,but I found nothing.<br/>\nHope that one day ,you can publish an atricle about the disease which including the cause &amp; treatment (food,medicin,acupuncture &amp; psychology.etc…),I know you are always very busy,please publish one while you are available.Highly appreciate !<br/>\nFrankly speaking,I’m suffering the pain from trigeminal neuralgia now,the pain is really horrible.</p>",
      "level": 0,
      "highlight": false,
      "children": [
        {
          "id": "70630c24df456c4fdbb8ca8ba2fb7ab4",
          "author": "斌",
          "time": "2018年12月21日 05:28",
          "content": "<p>‘在中醫裡，這種痛有定處，且持續時間很長的頭痛，一般多為瘀血造成的。瘀血是一種病理產物，也是很多疾病的致病因素。氣虛、氣滯、出血、寒冷、長期的精神抑鬱、外傷、手術，都有可能造成氣血不和，形成瘀血。’—懶兔子公眾號<br/>\n僅供參考靜候李醫師答覆</p>",
          "level": 1,
          "highlight": false,
          "children": []
        },
        {
          "id": "e1e3f23f816e26b0d927bb631c03e5ec",
          "author": "andy",
          "time": "2018年12月21日 09:46",
          "content": "<p>三叉神經痛是西醫的名詞，通常是血瘀、氣滯等的現象，然而，為什麼發生在頭部臉上？背後有什麼問題？這就得找專業中醫師看診。一般而言，針灸通常會下太陽透率谷、地倉透頰車，再搭配辨證論治下治本的穴位。用藥上，通常免不了提水上頭的葛根，活血化淤及行氣的藥，至於需不需發陽的麻黃等等，得看情況而定，得找中醫師看診，不要自己隨便試藥。我在廣播及教學演講裡，討論過三叉神經痛許多次。</p>",
          "level": 1,
          "highlight": true,
          "children": [
            {
              "id": "f54f526a3dd573f388b369d6e8e51d77",
              "author": "Ferry瑞芳",
              "time": "2018年12月21日 18:22",
              "content": "<p>嗯，好的，感谢！</p>",
              "level": 2,
              "highlight": false,
              "children": []
            }
          ]
        }
      ]
    },
    {
      "id": "e549e502683c49921771aa346c7d5c7c",
      "author": "王彦强",
      "time": "2018年12月21日 16:01",
      "content": "<p>李医师，今天是冬至，一阳始生，您为中医传播做出了巨大贡献，在此初阳复生之时祝您身体健康，事业更红。</p>",
      "level": 0,
      "highlight": false,
      "children": [
        {
          "id": "e81100d929984510a6aa8a1c2a4868ef",
          "author": "andy",
          "time": "2018年12月21日 20:09",
          "content": "<p>謝謝你的祝福！</p>",
          "level": 1,
          "highlight": true,
          "children": []
        }
      ]
    },
    {
      "id": "b4e4695c9dce20241d91075158ffd221",
      "author": "gordon",
      "time": "2020年01月19日 21:26",
      "content": "<p>李醫師，請問手/腳骨折，一般西醫都是打石膏，但是包了石膏後，會導致局部的氣血不通，患處會形成水腫。<br/>\n請問有什麼方法可以緩解水腫和加速骨折處盡快愈合？ 謝謝！</p>",
      "level": 0,
      "highlight": false,
      "children": [
        {
          "id": "e5799d78dd998b07d879214a3644ade3",
          "author": "andy",
          "time": "2020年01月21日 19:45",
          "content": "<p>利水藥可以消水腫，補血、補骨、補腎的藥可以加速骨頭成長。不過，得注意一點，如果骨頭快速恢復，可是接骨的連接位置是偏差的，那可能會導致問題。</p>",
          "level": 1,
          "highlight": true,
          "children": []
        }
      ]
    }
  ],
  "page": 31,
  "order": 2,
  "filename": "data\\page31\\page31_order1_222b0357996ef5f7071677c7a77848c5.json"
}