{
  "article_url": "https://andylee.pro/wp/?p=7285",
  "title": "國家中醫藥管理局：清肺排毒湯治療總有效率可達90%以上",
  "content": "<figure class=\"wp-block-image\"><img alt=\"\" class=\"wp-image-7313\" decoding=\"async\" fetchpriority=\"high\" height=\"786\" sizes=\"(max-width: 596px) 100vw, 596px\" src=\"https://andylee.pro/wp/wp-content/uploads/2020/02/Screen-Shot-2020-02-07-at-10.12.31-PM.png\" srcset=\"https://andylee.pro/wp/wp-content/uploads/2020/02/Screen-Shot-2020-02-07-at-10.12.31-PM.png 596w, https://andylee.pro/wp/wp-content/uploads/2020/02/Screen-Shot-2020-02-07-at-10.12.31-PM-227x300.png 227w\" width=\"596\"/></figure>\n<p>中國國家中醫藥管理局2月6日重大公佈，以東漢張仲景所著「傷寒雜病論」中多個方劑組合的「清肺排毒湯」，在4個試點救治確診病例214例，3天的治療下，60%以上患者症狀和影像學表現改善明顯，30%患者症狀平穩且無加重，總有效率可達90%以上。</p>\n<p>「清肺排毒湯」的基本組合，可以說是大青龍湯、射干麻黃湯、五苓散等等為主的藥方，是很典型的經方開藥方式，我在1月21日文章「<a href=\"https://andylee.pro/wp/?p=7169\">從非典到新冠肺炎</a>」（<a href=\"https://andylee.pro/wp/?p=7169\">https://andylee.pro/wp/?p=7169</a>）裡討論過多年來嚴重流感肺炎的進程，列出大青龍湯及射干麻黃湯的加減，同時，這也是我們在通許人民醫院成功治癒新冠肺炎的治療方向。唯國家中醫藥管理局發佈的「清肺排毒湯」為通方，期望能同時適用於輕型、普通型、重型的患者，劑量偏輕，大青龍湯變成了麻杏甘石湯，也沒有列出葶藶子、大戟等加減，對於病情偏重，或肺積水、胸腔積液的病人，可能力度不夠。不過，這是我看過各級政府發佈中醫治療新冠肺炎的指導中，最到位的一個，也直接推崇「傷寒雜病論」的經方思維。更欣慰的是，這是中國中醫最高管理單位發出的指示，這間接肯定了我們多年來推廣經方中醫的努力。</p>\n<p><a href=\"http://bgs.satcm.gov.cn/gongzuodongtai/2020-02-06/12866.html\">http://bgs.satcm.gov.cn/gongzuodongtai/2020-02-06/12866.html</a></p>\n<p>中医药有效方剂筛选研究取得阶段性进展 – 试点省份临床观察显示：清肺排毒汤治疗总有效率可达90%以上</p>\n<p>国家中医药局坚决贯彻落实习近平总书记重要指示精神，把人民群众生命安全和身体健康放在第一位，加速推进中医药防治新型冠状病毒感染的肺炎科研攻关工作。日前，由该局组织实施的应急科研专项已取得阶段性进展，据4省试点临床观察显示，清肺排毒汤治疗新型冠状病毒感染的肺炎患者总有效率可达90%以上。</p>\n<p>据悉，1月27日，国家中医药局以临床急用实用效用为导向，紧急启动“防治新型冠状病毒感染的肺炎中医药有效方剂筛选研究”专项，在山西、河北、黑龙江、陕西四省试点开展清肺排毒汤救治新型冠状病毒感染的肺炎患者临床疗效观察，重点观察确诊患者乏力、发烧、咳嗽、咽痛、纳差等症状及影像学表现变化情况，旨在迅速找到针对本次疫病有良好疗效乃至特效的核心方药。</p>\n<p>据统计，截至2月5日0时，4个试点省份运用清肺排毒汤救治确诊病例214例，3天为一个疗程，总有效率达90%以上，其中60%以上患者症状和影像学表现改善明显，30%患者症状平稳且无加重。</p>\n<p>据专家介绍，清肺排毒汤由汉代张仲景所著《伤寒杂病论》中的多个治疗由寒邪引起的外感热病的经典方剂优化组合而成，组方合理，性味平和，可用于治疗新型冠状病毒感染的肺炎轻型、普通型、重型患者，在危重症患者救治中也可结合患者实际情况合理使用。该方也可用于普通感冒和流感患者。但该方为疾病治疗方剂，不建议作为预防方使用。</p>\n<p>清肺排毒汤</p>\n<p>麻黄9g 炙甘草6g 杏仁9g 生石膏15～30g（先煎）</p>\n<p>桂枝9g 泽泻9g 猪苓9g 白术9g</p>\n<p>茯苓15g 柴胡16g 黄芩6g 姜半夏9g</p>\n<p>生姜9g 紫菀9g 冬花9g 射干9g</p>\n<p>细辛6g 山药12g 枳实6g 陈皮6g</p>\n<p>藿香9g</p>\n<p>务必使用传统中药饮片，水煎服，一天一付，早晚两次(饭后40分钟)，温服。</p>\n<p>如有条件，每付药服用后服大米汤半碗，舌干津液亏虚者可多服至一碗。</p>\n<p>3付一个疗程。(注意：如果患者不发烧则生石膏的用量要小，发烧或壮热加大生石膏的用量。)</p>\n<p>(注：國家中醫藥管理局發佈上面公告後，國家衛生健康委員會辦公廳隨即發了下面的公文給各省、自治區、直轄市衛生健康委員會及中醫藥管理局）</p>\n<figure class=\"wp-block-image\"><img alt=\"\" class=\"wp-image-7305\" decoding=\"async\" height=\"774\" sizes=\"(max-width: 542px) 100vw, 542px\" src=\"https://andylee.pro/wp/wp-content/uploads/2020/02/Screen-Shot-2020-02-07-at-9.58.49-PM.png\" srcset=\"https://andylee.pro/wp/wp-content/uploads/2020/02/Screen-Shot-2020-02-07-at-9.58.49-PM.png 542w, https://andylee.pro/wp/wp-content/uploads/2020/02/Screen-Shot-2020-02-07-at-9.58.49-PM-210x300.png 210w\" width=\"542\"/></figure>\n<figure class=\"wp-block-image is-resized\"><img alt=\"\" class=\"wp-image-7306\" decoding=\"async\" height=\"744\" sizes=\"(max-width: 543px) 100vw, 543px\" src=\"https://andylee.pro/wp/wp-content/uploads/2020/02/Screen-Shot-2020-02-07-at-9.59.25-PM.png\" srcset=\"https://andylee.pro/wp/wp-content/uploads/2020/02/Screen-Shot-2020-02-07-at-9.59.25-PM.png 543w, https://andylee.pro/wp/wp-content/uploads/2020/02/Screen-Shot-2020-02-07-at-9.59.25-PM-219x300.png 219w\" width=\"543\"/></figure>\n<figure class=\"wp-block-image is-resized\"><img alt=\"\" class=\"wp-image-7307\" decoding=\"async\" height=\"709\" loading=\"lazy\" sizes=\"auto, (max-width: 537px) 100vw, 537px\" src=\"https://andylee.pro/wp/wp-content/uploads/2020/02/Screen-Shot-2020-02-07-at-9.59.51-PM.png\" srcset=\"https://andylee.pro/wp/wp-content/uploads/2020/02/Screen-Shot-2020-02-07-at-9.59.51-PM.png 537w, https://andylee.pro/wp/wp-content/uploads/2020/02/Screen-Shot-2020-02-07-at-9.59.51-PM-227x300.png 227w\" width=\"537\"/></figure>",
  "article_time": "2020年02月06日 20:18",
  "comments": [
    {
      "id": "3c246b9ecbb9857f9ccc10f789b15800",
      "author": "罗瑞芳",
      "time": "2020年02月06日 22:10",
      "content": "<p>Good news!</p>",
      "level": 0,
      "highlight": false,
      "children": []
    },
    {
      "id": "7b913628c345f0188cb667caa0a4c111",
      "author": "佳节",
      "time": "2020年02月07日 12:00",
      "content": "<p>李师傅您好，我特想问您一个问题，望您能指点一二。在“重点观察确诊患者乏力、发烧、咳嗽、咽痛、纳差等症状及影像学表现变化情况“中，这个纳差，我能否理解为里寒，虽表有热，此为假热，而纳差，实则里寒，湿热痰结于胸隔，而上热下寒之证作，里寒盛，阳将亡之势，故有死症难治之证？<br/>\n三焦者上通于肺，下输于膀胱，是否于此而斟酌病情，用此方剂，实则病入三焦？</p>",
      "level": 0,
      "highlight": false,
      "children": [
        {
          "id": "aac6febb8bd4ded470b4ce4f7ba9d7da",
          "author": "andy",
          "time": "2020年02月07日 13:52",
          "content": "<p>這裡的纳差，多半是中焦、肺的下方寒濕積聚，好比脾胃泡在冷水裡，但離亡陽還很遠，非死症難治。</p>",
          "level": 1,
          "highlight": true,
          "children": []
        }
      ]
    },
    {
      "id": "4978cf3beaad3090ad0572e9487e5ad8",
      "author": "木叶",
      "time": "2020年02月07日 01:17",
      "content": "<p>我觉得媒体可以说是 成事不足败事有余，前几天报道双黄连造成抢购 然后又出来辟谣，中医的治病成果却不怎么报道。实现中华民族伟大复兴我认为媒体是一定要整治的。医疗体制改革我在一个视频中看到终南山院士的访谈，他说的是很对的，现在的医院是市场化的，这也是很大问题。</p>",
      "level": 0,
      "highlight": false,
      "children": [
        {
          "id": "164f98b06226a1cafb51d99060c1bae0",
          "author": "andy",
          "time": "2020年02月07日 13:54",
          "content": "<p>醫療問題已經複雜了，非醫療問題把事情弄得更亂，這對病人、對大眾都不是好事。</p>",
          "level": 1,
          "highlight": true,
          "children": [
            {
              "id": "7e62127048041e252b783318cb2c8d2e",
              "author": "佳节",
              "time": "2020年02月07日 15:46",
              "content": "<p>哦，谢谢您指点，还想问最后一个问题，如果寒湿在中焦，我可以认为是，结胸证的大陷胸丸痰湿热结，阴阳分离的发展规矩吗？还是认为小青龙的里寒湿盛，只在上焦呢，而肠胃不好？都是水液系统，我有点不明白，这个肺痈的水，射干麻黄的水，怎么来的，是表水未透之水，还是什么不理解？</p>",
              "level": 2,
              "highlight": false,
              "children": [
                {
                  "id": "d8497ad41369a7f8fa2ef5f6a7d55833",
                  "author": "andy",
                  "time": "2020年02月08日 21:53",
                  "content": "<p>我建議你先別想太多，把倪海廈老師的人紀中醫教材好好唸完一次，這樣你對中醫生理病理學會了解的更深入一些。</p>",
                  "level": 3,
                  "highlight": true,
                  "children": [
                    {
                      "id": "f6188cb7533c2b7fecf2cdaddf1ba5b5",
                      "author": "佳节",
                      "time": "2020年02月09日 04:07",
                      "content": "<p>好的，明白了，十分感谢您，我一定好好学习的。</p>",
                      "level": 4,
                      "highlight": false,
                      "children": []
                    }
                  ]
                }
              ]
            }
          ]
        }
      ]
    },
    {
      "id": "f10296b653fd2a3635ee471141f78587",
      "author": "甘利华",
      "time": "2020年02月07日 11:58",
      "content": "<p>李教授，<br/>\n    您好！<br/>\n  终于辗转找到您，万幸！我没有您的其它联系方式，所以只能先在这里给您留言，见谅！<br/>\n我一岁半的女儿，怀孕产检时查出骶尾部畸胎瘤，我们没舍得放弃，出生后没几天便送去医院接受了手术。术后恢复还算不错。但在六个月添加辅食后，开始各种小毛小病不断，比如大便不好，爱出汗，出痱子，还因痱子残余党闹过一次麻烦的，在2019年9月，发现她膀胱处老是硬硬的，后去检查说是有残余尿排不尽。再后来西医又下结论说是神经元膀胱，没法治好，只能靠导尿保护膀胱和肾脏（发现问题时已经有中度肾积水）    于是这几个月来，我们和孩子就持续这样导尿，每日做电疗，主要是还看不到治愈的希望，最近一次感染闹了近一个多月了，我已是心力憔悴……今夜孩子睡前导尿哭闹，我咬着牙我跟他爸爸说我一定要找到好中医！缘份造化， 还真就联系到了您！</p>\n<p>请您万忙中，一定抽空给看看，需要什么信息，请您随时联系我，我的电话86-13931118491（这个号也是我的微信）另外有15373957890这个号。如果您一定需要面诊，我们便带着孩子去美国找您。拜托您，求求您了！万望您收到消息回复！！！感恩感恩</p>",
      "level": 0,
      "highlight": false,
      "children": [
        {
          "id": "8fc604bbaca952b61140a219d2f56cf5",
          "author": "andy",
          "time": "2020年02月07日 13:58",
          "content": "<p>這樣的病情，遠程看診很不容易深入，雖然你帶女兒來美國看診，我也不能保證什麼，但是至少我比較能深入病情並快速試藥。有需要的話，請和診所連絡，info@youngQi.com。</p>",
          "level": 1,
          "highlight": true,
          "children": []
        }
      ]
    },
    {
      "id": "74444764c828c6c1c741d8683ab131b1",
      "author": "罗瑞芳",
      "time": "2020年02月07日 23:05",
      "content": "<p>终于在央视新闻上看到钟南山院士认可中医药效了，这几天央视都有报！！！</p>",
      "level": 0,
      "highlight": false,
      "children": []
    },
    {
      "id": "651595cc78e7dcada1d6a6caf991c648",
      "author": "shawn",
      "time": "2020年02月08日 23:20",
      "content": "<p>欣慰的是看到了国家层面中医药以及决策机制的进步。（相比SARS）<br/>\n这次事件和影响很难说有没有国际政治势力的角逐和参与（从死亡率、重症率和造成恐慌度、封关、停飞等来看），唯愿赶紧度过此关，因为对底层人民的经济还是有比较大的影响。<br/>\n至于大众传媒民众认知部分，估计还有段路要走。</p>\n<p>下面这篇文章的数据分析我觉得还是有点意思，供参考：<br/>\n<a href=\"https://ishare.ifeng.com/c/s/7tifk8weoSG\" rel=\"nofollow ugc\">https://ishare.ifeng.com/c/s/7tifk8weoSG</a></p>",
      "level": 0,
      "highlight": false,
      "children": [
        {
          "id": "32575fc458b3021f049b9a9a5bd6eee9",
          "author": "andy",
          "time": "2020年02月10日 09:47",
          "content": "<p>謝謝分享。</p>",
          "level": 1,
          "highlight": true,
          "children": []
        }
      ]
    },
    {
      "id": "b258e9cbd4fbfc3daac9d26db04cf273",
      "author": "hide77625",
      "time": "2020年02月10日 18:12",
      "content": "<p>严格来说，“总有效率可达90%以上”这种统计毫无意义，很有可能会起到坏作用，因为这个统计不是以病人为中心进行的，它是以医生和医生所开的处方为中心进行统计的。以病人为中心，你医生开出的处方对病人来说要么有效，要么无效，90%有效算什么玩意？让病人去赌自己不属于另外的10%？</p>",
      "level": 0,
      "highlight": false,
      "children": [
        {
          "id": "2ffccb4e64b4bfc317b231d2246245c0",
          "author": "andy",
          "time": "2020年02月12日 11:09",
          "content": "<p>官方這樣的說法確實有瑕疵，測試過程也沒有雙盲目測試比較。不過，在這個特殊危急的情況下，西醫測試西藥也是依照同樣「快速而不準確」的方法，趕緊知道方向是不是對的、有沒有一些基本的把握等等，至於「有效率」的數詞，也是借用一般西醫療效的說法。換句話說，這個官方測試是告訴大家這個治療方向應該有很大的幫助。</p>",
          "level": 1,
          "highlight": true,
          "children": []
        }
      ]
    },
    {
      "id": "42464817e710b03bcf266bea9d43e10a",
      "author": "患者感激您",
      "time": "2020年02月10日 20:34",
      "content": "<p>微信语音一次发言60秒以内。</p>",
      "level": 0,
      "highlight": false,
      "children": [
        {
          "id": "bd462ceca0d4f6c5b7cf83d96bfd2e81",
          "author": "andy",
          "time": "2020年02月12日 11:13",
          "content": "<p>謝謝告知。</p>",
          "level": 1,
          "highlight": true,
          "children": []
        }
      ]
    }
  ],
  "page": 22,
  "order": 6,
  "filename": "data\\page22\\page22_order5_7e62127048041e252b783318cb2c8d2e.json"
}