{
  "article_url": "https://andylee.pro/wp/?p=7214",
  "title": "再談通許人民醫院治療新冠肺炎",
  "content": "<figure class=\"wp-block-image is-resized\"><img alt=\"\" class=\"wp-image-7239\" decoding=\"async\" fetchpriority=\"high\" height=\"600\" sizes=\"(max-width: 450px) 100vw, 450px\" src=\"https://andylee.pro/wp/wp-content/uploads/2020/01/mmexport1580251870259.jpg\" srcset=\"https://andylee.pro/wp/wp-content/uploads/2020/01/mmexport1580251870259.jpg 600w, https://andylee.pro/wp/wp-content/uploads/2020/01/mmexport1580251870259-225x300.jpg 225w\" width=\"450\"/></figure>\n<figure class=\"wp-block-image is-resized\"><img alt=\"\" class=\"wp-image-7240\" decoding=\"async\" height=\"767\" src=\"https://andylee.pro/wp/wp-content/uploads/2020/01/mmexport1580251873797-768x1024.jpg\" width=\"449\"/></figure>\n<p>昨天在網上公布了通許人民醫院用經方中醫治好兩個新冠肺炎確診病例後，得到了很大的迴響，許多人想多了解一些細節，更有許多人很好奇，為什麼一群西醫「敢」以中醫的方式來救治疑似新冠肺炎急診病人，而且還「能」把確診病例治好？</p>\n<p>通許人民醫院開始學習中醫的來龍去脈，我在之前的文章「<a href=\"https://andylee.pro/wp/?p=5117\">西醫轉中醫 蛻變的開始</a>」（<a href=\"https://andylee.pro/wp/?p=5117\">https://andylee.pro/wp/?p=5117</a>）解釋過，文章介紹了倪海廈老師的學生楊貞醫師和通許人民醫院奈孝凱院長，以及其中的緣分，沒有看過的讀者可以先去了解一下，在此不重複說明，我這裡想介紹另外兩位重要的人物：娄愛枝副院長及湯英主任。</p>\n<p>這兩位女醫師，都是資深的西醫，娄副院長是呼吸消化內科的專家，湯主任是感染科的專家。一年半前，楊貞醫師到通許人民醫院，在奈院長的安排下，以中醫方法幫忙治療住院病人，兩位主任級醫師因此開始接觸中醫，也開始研讀倪海廈老師的中醫教學內容。兩位都非常認真學習，平時在醫院看診、值班、行政工作就已經讓他們每週工作時數遠遠超過一般的上班族，下了班，還挑燈夜戰，努力學習經方中醫。娄副院長告訴我，無論白天看診多麼疲憊，她每天晚上一定認真研讀倪海廈老師的中醫教材，她在三個月內把倪海廈老師五套人紀教材全部看完一次，白天再利用空檔休息時間，跟著楊貞醫師臨床看診。這樣的學習態度，加上原本一二十年臨床醫療的經驗，自然進步非常快。而這一年多來，他們兩位也不斷增加中醫臨床看診的比例，許多原來尋求西醫治療的病人，都被他們改成以中醫方法治療，中醫臨床經驗不斷累積，對中醫的信心也就日益加強。</p>\n<p>這一次，通許人民醫院一次接收了十多名疑似新冠肺炎的病人，娄副院長擔任這次流感治療組組長，湯主任親自帶領醫護人員連續十天24小時在隔離病區工作，進行第一線的搶救工作。楊貞醫師和我都不在通許人民醫院，只能遠距離給意見，雖然楊醫師盡心盡力的指導他們，臨床治療的應付及決定，還是得靠娄副院長和湯主任隨機應變，真的是考驗他們中醫臨床功力的關鍵時刻。結果說明一切，這十多名疑似新冠肺炎的病人，都已經穩定恢復，化驗檢查均在正常範圍，其中兩位被正式確診為新冠肺炎，也已經康復。目前通許人民醫院正在接收更多的疑似新冠肺炎病患，為他們提供有效的治療。</p>\n<p>通許人民醫院奈院長正在要求所有參與治療的醫師，把各種中西醫訊息整理給我，讓我們對新冠肺炎有更多的了解，也探討如何把這次緊急治療的經驗推廣到中國各地。目前，娄副院長整理出來的基本參考流程如下：</p>\n<p>（1）如果肺部CT無異常陰影，單純低熱、咳嗽、流清鼻涕，給予葛根湯（根據病人臨床症狀調整用藥）</p>\n<p>（2）如果肺部CT無異常陰影，高燒，體溫38℃以上，無論有沒有咳嗽、咳痰等，給予射干麻黄湯加大青龍湯（根據病人臨床症狀調整用藥）</p>\n<p>（3）如果肺部CT有異常陰影，肺部有感染情况，給予澤漆湯加茯苓四逆湯，或射干麻黄湯加千金葦莖湯（根據病人臨床症狀調整用藥）</p>\n<p>（4）這次兩個已經正式確診的病例，發燒、咳嗽、肺部CT有片狀陰影，服用大青龍湯、射干麻黄湯、千金葦莖湯加減兩劑後，改服用澤漆湯加茯苓四逆湯加減。病人體溫恢復到36.5℃，肺部CT及化驗檢查均在正常範圍。</p>\n<p>當然，上面的基本流程，只是參考，真的臨床治療，還是得非常小心地辨證論治，不能依樣畫葫蘆，而且很多確診病例的問題不僅僅在肺家，而是已經延伸到其它臟腑，得視輕重緩急來決定先從哪個方向救治。</p>\n<p>通許人民醫院這次救治的經驗，也讓我們看到了另一種方式的中西醫結合：「西醫檢測、中醫治療」。娄副院長、湯主任及其他參與的西醫們，堅持以中醫方法來救治疑似新冠肺炎的急診病人，不過，他們也借重多年的西醫經驗，利用CT及各種檢測來確認病情發展。有多年治療肺炎經驗的中醫師，並不需要靠肺部CT及各種檢測來診斷，病人的聲音、咳嗽深淺及方式、綜合症狀等等，是可以判斷肺家的病情。然而，這需要足夠的臨床經驗，也不容易快速推展。在西醫學習中醫的過程裡，借用這些檢測，譬如用肺部CT來確定肺部下方是否痰飲很重、胸腔是否積液等等，不失為一個很好的折衷辦法，一方面可以增加醫師診斷的信心，另一方面也可以讓學習中的醫師拿來和各種症狀做對比，讓他們更了解中醫書籍中描述的細節，增加他們學習中醫的速度。</p>\n<p>沒幾位中醫師，在沒有西醫醫療下，真的治好眾多的嚴重流感肺炎病例。網路上卻有一大堆紙上談兵的文章，討論中醫如何治療新冠肺炎，充其量也只是根據簡單的症狀條例，連結到一些古書中的藥方。兩位學習中醫僅僅一年半的西醫，竟然可以獨當一面，以中醫的方法治好大家非常害怕的新冠肺炎。這再次強調一點，醫學是實戰的學問，學習的方向正確，拿得出療效卓越的重症急症病例，如同這兩位學習中醫的西醫，遠遠比其他許多人有資格發言！「治好病的醫生說話」！</p>",
  "article_time": "2020年01月28日 17:12",
  "comments": [
    {
      "id": "b3d113a79dc6c1da255a5d25698e31ee",
      "author": "JonsonKu",
      "time": "2020年01月28日 17:45",
      "content": "<p>李醫師，古經方以實戰戰勝西醫和現代中醫，雖然中西結合有點不倫不類，但還是提供了一個線索，如果傳統中醫診斷功力不足，那麼借助儀器也未嘗不可。從這個實戰案例來看，從初期的葛根湯證，到中期的入裡化熱，再到寒熱交雜，前後用了6-7個方，能用到茯苓四逆湯的話，是重症，–或許被感染死亡的人，就在最後階段沒用到茯苓四逆湯。網路上有說X光照肺部一片白茫茫的，那是接近重症了，有停水在肺部，幸好沒進化到十棗湯證。加油李醫師！加油通許人民醫院所有的醫護人員！</p>",
      "level": 0,
      "highlight": false,
      "children": []
    },
    {
      "id": "adda266659d1545b985739733174ae44",
      "author": "经方迷",
      "time": "2020年01月28日 18:04",
      "content": "<p>太棒了，可惜的是目前中国官方还没有推广经方中医治疗的举措，电视还在期待所谓的疫苗出现，完全无视中医，毕竟主流的官方媒体还没有一个身份权威的中医人出头，像非典时期广州中医院的邓老站出来为中医说话，引起官方高度重视，而现武汉这位钟南山院士给大众的感觉还是中医的养生保健之类，对待肺炎还是隔离戴口罩之类的常规举措，中医在大陆的发展前景实在难以乐观</p>",
      "level": 0,
      "highlight": false,
      "children": [
        {
          "id": "7292746c495f9ee46210fa727e1aa70c",
          "author": "ET",
          "time": "2020年01月28日 23:42",
          "content": "<p>确实，我一直说当年SARS在广东爆发是有中医参与救治的，这次完全没有听到，一味歌颂去送死的年轻医护人员。他们知道，反正撑几个月就过去了，别给中医去出风头。中医在中国的前途堪虑。</p>",
          "level": 1,
          "highlight": false,
          "children": [
            {
              "id": "84ede09fd11134515ca420ac81b95527",
              "author": "andy",
              "time": "2020年01月30日 11:52",
              "content": "<p>河南省已經硬性規定，確診病例的治療，一定有中醫師參與。雖然，有這樣臨床功力的中醫師不多，至少代表事情在改變。</p>",
              "level": 2,
              "highlight": true,
              "children": [
                {
                  "id": "446b6325e61ce422b265532b68055777",
                  "author": "开机",
                  "time": "2020年01月31日 07:07",
                  "content": "<p>李博士能够助阵回来国内！该多好！眼下越来越多的病患，疫情爆发严峻！如果中医不出来，会有更多的悲剧！<br/>\n如果中国政府邀请李博士呢！是否会考虑回来！中国需要像你的经方家！</p>",
                  "level": 3,
                  "highlight": false,
                  "children": [
                    {
                      "id": "798d6c08581a7977e996470e81056295",
                      "author": "andy",
                      "time": "2020年01月31日 11:16",
                      "content": "<p>如果中國或其它國家需要我來幫助控制疫情，當然是義不容辭，這是醫師的職責及人生價值。</p>",
                      "level": 4,
                      "highlight": true,
                      "children": []
                    },
                    {
                      "id": "d7f25d6e98de2371b9e4f90291f814b4",
                      "author": "Dennis Wu",
                      "time": "2020年01月31日 23:06",
                      "content": "<p>如果能够得到李博士的助阵，将会是中国的大幸！</p>",
                      "level": 4,
                      "highlight": false,
                      "children": []
                    }
                  ]
                }
              ]
            }
          ]
        }
      ]
    },
    {
      "id": "0d8f4da7a892d6725e3e6efe928e7c62",
      "author": "Dennis Wu",
      "time": "2020年01月28日 18:13",
      "content": "<p>为娄愛枝副院長及湯英主任两位医师深明大义、抛开偏见、患者为先的行为点赞！</p>",
      "level": 0,
      "highlight": false,
      "children": []
    },
    {
      "id": "196b04406ffb8319de6b9035e7331cf8",
      "author": "罗瑞芳",
      "time": "2020年01月28日 19:15",
      "content": "<p>对，治好病的医生才有资格评论</p>",
      "level": 0,
      "highlight": false,
      "children": []
    },
    {
      "id": "e8b075e96485bcef82eac13624d34b2a",
      "author": "Wade Z",
      "time": "2020年01月29日 10:02",
      "content": "<p>今天看到这个消息有点震撼，这几天看了一大堆纸上谈兵的中医策略，我都快发肺炎了。向一线的通許人民醫院工作者致敬！感谢李医生！</p>",
      "level": 0,
      "highlight": false,
      "children": [
        {
          "id": "a7764d0660bace494959953a25303354",
          "author": "andy",
          "time": "2020年01月30日 11:56",
          "content": "<p>謝謝你的支持及鼓勵。</p>",
          "level": 1,
          "highlight": true,
          "children": []
        }
      ]
    },
    {
      "id": "2e6f3eed608b981bb6358ead30a689eb",
      "author": "Linqi",
      "time": "2020年01月30日 21:58",
      "content": "<p>寒湿十不可转侧（湖北台），应有桂枝附子汤症。</p>",
      "level": 0,
      "highlight": false,
      "children": [
        {
          "id": "16e6da668c180bb7376ba26cccb7e6cd",
          "author": "gordon",
          "time": "2020年01月30日 23:17",
          "content": "<p>可惜官方公布开封的肺炎治愈数量还没有刷新，还是0。否则就去发微博和朋友圈宣传一下。</p>",
          "level": 1,
          "highlight": false,
          "children": []
        },
        {
          "id": "de511bc264e64cfee4b8fa2bf7d4c686",
          "author": "andy",
          "time": "2020年01月31日 11:13",
          "content": "<p>得看實際病人症狀來開方，這些基本方劑只是參考用的，有些病人可能會相差非常多，至少得做許多加減。</p>",
          "level": 1,
          "highlight": true,
          "children": []
        }
      ]
    },
    {
      "id": "8326a5e4f1a3b5dfa2769595ff5051df",
      "author": "中医学生",
      "time": "2020年01月31日 03:30",
      "content": "<p>厉害，点赞<br/>\n教科书说伤寒杂病论治不了传染病，温病作为补充，使中医发展上了一个层次，这次通许人民医院的操作打脸了多少误人子弟的“教授”</p>",
      "level": 0,
      "highlight": false,
      "children": []
    },
    {
      "id": "41fec43c511a542d3be28f2eaa47a3fa",
      "author": "开机",
      "time": "2020年01月31日 07:13",
      "content": "<p>希望大家能够呼吁李宗恩博士回到国内，帮忙处理国内严峻的疫情，现时爆发未缓和！也看不到能够抑制的折点！等疫苗！唉真的无语问苍天</p>",
      "level": 0,
      "highlight": false,
      "children": [
        {
          "id": "c5e97a8d699b9847bf5d4fc29c069408",
          "author": "路過的鄉民",
          "time": "2020年02月15日 10:36",
          "content": "<p>不好吧<br/>\n還沒去就這麼多小粉紅在噴了<br/>\n<a href=\"https://www.youtube.com/watch?v=4FshkUtnUSo\" rel=\"nofollow ugc\">https://www.youtube.com/watch?v=4FshkUtnUSo</a></p>",
          "level": 1,
          "highlight": false,
          "children": [
            {
              "id": "e0ff285c82d0dda98e2be5eee1696314",
              "author": "andy",
              "time": "2020年02月15日 20:51",
              "content": "<p>醫生救人和政治立場無關。</p>",
              "level": 2,
              "highlight": true,
              "children": []
            }
          ]
        }
      ]
    },
    {
      "id": "0a8198a981b22ce270a73d0f947e1b1c",
      "author": "xje",
      "time": "2020年01月31日 18:59",
      "content": "<p>网上看到民间中医自发组织前往湖北 现在武汉和黄冈都比较严峻 李教授是否有回国内联系河南通许人民医院医生共同救治防疫新冠肺炎的想法？现在要政府出面邀请估计比较难  河南通许人民医院邀请还有可能  现在掌控大权的还是西医官员为主 现在忙疫情都忙不过来  中医很少有功力深厚的主心骨独挡一面</p>",
      "level": 0,
      "highlight": false,
      "children": [
        {
          "id": "2c92d8eaf8ec1384680ee910dece7454",
          "author": "andy",
          "time": "2020年01月31日 20:01",
          "content": "<p>通許人民醫院的那群西醫，本來就是我的中醫學生，我們一直有連絡討論。</p>",
          "level": 1,
          "highlight": true,
          "children": [
            {
              "id": "6e9b8297ab3f2de9c6f5caec31b1dcee",
              "author": "仁亮",
              "time": "2020年02月01日 05:40",
              "content": "<p>请问这个成功案例有没有上报？为什么在官方通报的治愈数据里没有？我很关注这个案例，希望能早日见到正式确认，谢谢。</p>",
              "level": 2,
              "highlight": false,
              "children": [
                {
                  "id": "95e6439adfeaf9199daebd62f8ad4ef8",
                  "author": "andy",
                  "time": "2020年02月01日 08:43",
                  "content": "<p>應該快能看到官方正式報導，河南省對通許的病例非常重視，也就特別謹慎小心，有各方面的考量，得做許多工作。</p>",
                  "level": 3,
                  "highlight": true,
                  "children": []
                }
              ]
            }
          ]
        },
        {
          "id": "36f6af34c4c68b436c8ff8b615a28e62",
          "author": "甘利华",
          "time": "2020年02月07日 11:25",
          "content": "<p>李博士，<br/>\n    您好！<br/>\n  终于辗转找到您，万幸！我没有您的其它联系方式，所以只能先在这里给您留言！<br/>\n我家里一岁半的女儿，产检时查出骶尾部畸胎瘤，没舍得放弃，出生后没几天便送去接受了手术。术后恢复还算不错。不过在六个月添加辅食后，又各种小毛小病不断，比如大便不好，爱出汗，出痱子，还因痱子残余党闹过一次麻烦的，在2019年9月，发现她膀胱处老是硬硬的，后去检查说是有残余尿排不尽。再后来西医又下结论说是神经元膀胱，没法治好，只能靠导尿保护膀胱和肾脏（发现问题时已经有中度肾积水）    于是这几个月来，我们和孩子就持续这样导尿，每日做电疗，主要是还看不到治愈的希望，最近一次感染闹了近一个多月了，我已是心里憔悴……今夜孩子睡前导尿哭闹，我咬着牙我跟他爸爸说我一定要找到好中医！缘份凑巧，今天还真就联系到了您！</p>\n<p>请您万忙中，一定抽空给看看，需要什么信息，请您随时联系我，我的电话86-13931118491，也是我的微信。如果您需要面诊，我可以带着孩子去美国给您看。拜托您，求求您了！万望您收到消息回复！！！感恩感恩</p>",
          "level": 1,
          "highlight": false,
          "children": [
            {
              "id": "dd0ba263e7cb48fd4dbb0c96f8bbd8b0",
              "author": "andy",
              "time": "2020年02月07日 13:58",
              "content": "<p>這樣的病情，遠程看診很不容易深入，雖然你帶女兒來美國看診，我也不能保證什麼，但是至少我比較能深入病情並快速試藥。有需要的話，請和診所連絡，info@youngQi.com。</p>",
              "level": 2,
              "highlight": true,
              "children": []
            }
          ]
        }
      ]
    },
    {
      "id": "c345a74c9c698e895bc80c1fac9b48af",
      "author": "JOJO",
      "time": "2020年02月01日 03:12",
      "content": "<p>虽然李医师不在大陆，但是一直关注着国内的事件，也一直在默默地帮忙！感谢李医师无私的奉献！我们不能片面的呼吁李医师回国，其后本来就需要中国政府的支持才能可行，国内的中西医关系问题不是靠一个人的能力就能扭转乾坤的。这次中央能让中医师插手，说明中医文化正在渐渐地影响着国家的领导人，这是个好消息，这些都离不开众多中医师的努力！离不开李医师在背后默默地付出和支持！！我们坚信，中医未来的路会越来越好！！</p>",
      "level": 0,
      "highlight": false,
      "children": [
        {
          "id": "3957be7ec5f640b387c378adf753fc9e",
          "author": "andy",
          "time": "2020年02月01日 08:40",
          "content": "<p>目前經過通許人民醫院來幫忙，是比較實際可行的做法。</p>",
          "level": 1,
          "highlight": true,
          "children": []
        }
      ]
    },
    {
      "id": "4cc197c1320bdbad576cd1529daf7060",
      "author": "爱中医",
      "time": "2020年02月01日 05:21",
      "content": "<p>很高兴正规军开始作战</p>\n<p>民兵作战实例供参考：大青龙汤加减治疗武汉疑似3例<br/>\n<a href=\"https://www.hanxiangtang.com/xcx/discuz.php?mod=view&amp;tid=4016\" rel=\"nofollow ugc\">https://www.hanxiangtang.com/xcx/discuz.php?mod=view&amp;tid=4016</a></p>",
      "level": 0,
      "highlight": false,
      "children": [
        {
          "id": "8651fd9dfb90cb4b991bdb7038641a24",
          "author": "andy",
          "time": "2020年02月01日 08:40",
          "content": "<p>謝謝分享。</p>",
          "level": 1,
          "highlight": true,
          "children": []
        }
      ]
    },
    {
      "id": "41f94671354a151e26055168f007ea7c",
      "author": "Oboe",
      "time": "2020年02月01日 14:40",
      "content": "<p>終於看到了希望。連日的壓抑被這個好消息緩解。<br/>\n辛苦通許醫院，楊醫師和李醫師了！</p>\n<p>如何增強說服力，從而擴大影響，引起重視？<br/>\n1、現在治愈武漢肺炎兩例。如果數量更多，說服力會更強；<br/>\n2、治愈病例的嚴重程度如何？如果是危重，甚至是西醫無能為力的，那麼顯然更有力量。<br/>\n3、治愈後的效果如何？如果數據顯示沒有“毒副作用”，更好；<br/>\n4、其他更翔實的數據？</p>\n<p>現在武漢醫療資源極度緊缺，很多病人都得不到救治。<br/>\n所以如果能開闢幾個中醫試點，按圖索驥，擴大規模，積累數據，那麼希望就更大了。</p>",
      "level": 0,
      "highlight": false,
      "children": [
        {
          "id": "eb600e4441d2177a69ef631936a607ac",
          "author": "andy",
          "time": "2020年02月03日 20:24",
          "content": "<p>通許在整理資料，大部分的醫護人員還在救治其他病人，短期間病人只會更多，寫病例的時間非常有限。在中國大陸推展中醫，有很多非醫學的因素，我們做我們可以做的部份，其它方面需要國家及各級政府的支持，不然很難推展開來。</p>",
          "level": 1,
          "highlight": true,
          "children": []
        }
      ]
    },
    {
      "id": "53af7456462114a0a2aefd87bdca1dae",
      "author": "明遠",
      "time": "2020年02月01日 18:41",
      "content": "<p>要考慮一個可能。習上台以來，藉由肅貪整倒不少高官，還有很多高官要讓習倒台，這次的疫情是個好機會，他們一定會去想辦法讓疫情不那麼快得到控制，就跟西藥廠商的人性是一樣的，</p>",
      "level": 0,
      "highlight": false,
      "children": [
        {
          "id": "acb1698783fd8caa3e23090a0f24b6a6",
          "author": "andy",
          "time": "2020年02月03日 20:25",
          "content": "<p>政治的力量，遠遠大過醫學的力量，不要說中國，連美國也是一樣。</p>",
          "level": 1,
          "highlight": true,
          "children": []
        }
      ]
    },
    {
      "id": "d2b764b7cbf6ac9cd8285d4b550e356d",
      "author": "卜家旺",
      "time": "2020年02月02日 13:46",
      "content": "<p>免疫力最重要，西醫藥沒有增強免疫力的辦法<br/>\n，反而用退燒藥降低免疫力，加強檢測隔離都是治標而且過猶不及，古代瘟疫都是用中草藥和食療解決問題，現在西醫藥搞壟斷，把問題當商機，病毒疫苗也會造成抵抗力弱的染病，<br/>\n中草藥發酵做抗體疫苗可以治療更可以預防。</p>",
      "level": 0,
      "highlight": false,
      "children": [
        {
          "id": "3a277436f4032fcc3b0135c4a94bf054",
          "author": "andy",
          "time": "2020年02月03日 20:33",
          "content": "<p>「中草藥發酵做抗體疫苗」？哪裡來的說法？</p>",
          "level": 1,
          "highlight": true,
          "children": []
        }
      ]
    },
    {
      "id": "d97c32486b2f38844cbf141a60ab79a5",
      "author": "shawn",
      "time": "2020年02月02日 19:25",
      "content": "<p>来源 | 四川中医药、上游新闻</p>\n<p>1月29日，重庆首例新型冠状病毒感染的肺炎确诊患者治愈出院；</p>\n<p>2月1日，渝东南首例确诊病例治愈出院。</p>\n<p>这两个病例的治疗过程，都采用了中西医结合的方法。</p>\n<p>值得一提的是，渝东南首例确诊病例在1月23日确诊后，前期治疗一直不见起色，并有病情加重趋势。1月26日，市级专家组赶到秀山现场会诊，优化调整了治疗方案。</p>\n<p>市级专家组成员、重庆市中医院中医专业中西医结合主任医师任毅和市级专家组成员、北碚区中医院中医专业主任中医师周德奇共同商议，对患者新增了中医药治疗。</p>\n<p>1月27日起，患者病情出现持续好转。</p>\n<p>在抗击新型冠状病毒感染的肺炎“战役”中，中医发挥了怎样的作用？2月1日，任毅和周德奇接受了上游新闻·重庆晨报记者独家专访。</p>\n<p>01<br/>\n中医诊断：<br/>\n这个病的特性是燥邪<br/>\n病位主要发生在肺部</p>\n<p>1. 上游新闻：刚接手患者治疗时，他的状况如何？</p>\n<p>周德奇：我们第一次为患者检查时，发现他的双肺有弥漫性病变，呼吸困难，无法下地走路。</p>\n<p>2. 上游新闻：针对新型冠状病毒感染的肺炎，中医如何进行诊治？</p>\n<p>任毅：接手患者后，我们立即采用传统中医的诊查方法对患者进行望闻问切，辨证论治。</p>\n<p>我们穿着防护装备，在隔离病房内通过观察患者的舌苔，发现非常干燥，甚至没有一点津液。结合患者表现出来的干咳等症状，确定属于中医“燥”的一个特性。同时，这个病的传染性很强，从中医学来说属于“疫”。结合起来成为“燥疫”，它的特性就是燥邪，病位主要发生在肺部。</p>\n<p>02<br/>\n中医参与作用：<br/>\n一是祛邪二是扶正</p>\n<p>3. 上游新闻：中医治疗对于新型冠状病毒感染的肺炎主要能起到什么效果？</p>\n<p>任毅：中医参与治疗主要能起到两个作用，一是祛邪，二是扶正。</p>\n<p>病毒感染本来就有一种自限性。通俗来讲，就是到了一定的程度，只要你抵抗力够的话，人体就会自动修复，就会自我好转。但如果一些老年人，基础疾病比较多，抵抗力比较低下的人，可能会病情加重。</p>\n<p>通过中医治疗可提高患者的正气，从而达到扶正的效果。</p>\n<p>4. 上游新闻：在中医学治疗过程中，主要可以采取哪些方法？</p>\n<p>周德奇：我们主要采用了中医药治疗方式。通过辨证论治，确定病邪病因为“燥疫”。“燥疫”侵犯人体，导致肺叶受损，所以要通过养阴润燥来把这个“燥”抑制住。</p>\n<p>我们开出了治疗药方：以麻杏石甘汤（麻杏石甘汤是汉代名医张仲景《伤寒杂病论》中的经典方剂之一，距今已接近2000年）为主方，同时还加入了北沙参、麦冬、生晒参等补气养阴中药，以扶正气。</p>\n<p>5. 上游新闻：患者服用后效果如何？</p>\n<p>周德奇：从临床来看，中医药参与后治疗的效果很好。</p>\n<p>1月26日接手患者时，他的双肺已经弥漫性病变。通过每天服用一剂中药，病情持续好转。</p>\n<p>1月29日，再次为患者检查时，病情已经明显好转。他可以下地走动，病毒核酸检查为阴性。</p>\n<p>专家组的其他成员都很认同我们的理论，认为中医在治疗过程中发挥了很大作用。</p>\n<p>6. 上游新闻：中医治疗为何会起到如此显著的效果？</p>\n<p>周德奇：从古至今，中医在治疗瘟疫上都有很好的效果，也有很多案例。</p>\n<p>上世纪50年代，小儿流脑、乙脑流行，常见高热、神昏、谵语、舌謇、手足厥冷，中医成功地运用白虎汤和白虎加苍术汤进行了卓有成效的治疗。</p>\n<p>还有2003年的SARS，作为当年诊治的定点医院，广州中医药大学第一附属医院以中医药为主中西医结合治疗SARS患者73例，所有病例全部治愈出院，创造了患者零死亡、零转院、零后遗症。本院医护人员也无一人感染。</p>\n<p>1月29日，重庆首例新型冠状病毒感染的肺炎患者治愈出院，也是采取了中西医结合治疗。</p>",
      "level": 0,
      "highlight": false,
      "children": [
        {
          "id": "b24d4d00fdbca48d73a8822ad2c9f862",
          "author": "andy",
          "time": "2020年02月03日 20:34",
          "content": "<p>感謝分享。其實，中醫治療，西醫檢測就行，把西藥加進來，反而容易誤事。</p>",
          "level": 1,
          "highlight": true,
          "children": []
        }
      ]
    },
    {
      "id": "7fd782e366184f81f62d59b5d9bd510c",
      "author": "shawn",
      "time": "2020年02月02日 19:27",
      "content": "<p>暂时看轻证麻杏石甘汤、大青龙汤，重症可能比较麻烦。老人引发基础病也比较麻烦</p>",
      "level": 0,
      "highlight": false,
      "children": []
    },
    {
      "id": "2d6127571faf7fce9b5d9b4b35007d5e",
      "author": "爱中医",
      "time": "2020年02月03日 21:53",
      "content": "<p>中医大军将至<br/>\n<a href=\"https://m.weibo.cn/detail/4467886775305388\" rel=\"nofollow ugc\">https://m.weibo.cn/detail/4467886775305388</a></p>",
      "level": 0,
      "highlight": false,
      "children": [
        {
          "id": "6ec6825c328e4a6928e279fbdd897fc2",
          "author": "andy",
          "time": "2020年02月03日 22:14",
          "content": "<p>你不覺得很奇怪嗎？政府正式文件上，直接推薦一家中藥飲片廠商，聯絡方式都幫你寫清楚了。</p>",
          "level": 1,
          "highlight": true,
          "children": []
        }
      ]
    },
    {
      "id": "b15eebf6592264377945f3e7b8dafa2c",
      "author": "爱中医",
      "time": "2020年02月04日 05:16",
      "content": "<p>来自前线广东省中医医疗队队长黄东晖的视频讲话：<br/>\n<a href=\"https://m.weibo.cn/detail/4468280943212180\" rel=\"nofollow ugc\">https://m.weibo.cn/detail/4468280943212180</a></p>",
      "level": 0,
      "highlight": false,
      "children": []
    },
    {
      "id": "2522fd3c06bbcc49f722e847f45f272a",
      "author": "子超RayZ",
      "time": "2020年02月10日 03:26",
      "content": "<p>太激动了！现在微信朋友圈太多中医医治武汉肺炎的假文章里了，这个真的是太振奋人心了！<br/>\n现在这个病毒潜伏期最长可以到24天，已经让整个中国人心惶惶了<br/>\n可惜的是所有官方媒体还没有把通许的例子宣传出来，可能还是需要更多治愈的案例，真的很期待后面中医的翻身战！</p>",
      "level": 0,
      "highlight": false,
      "children": []
    }
  ],
  "page": 22,
  "order": 10,
  "filename": "data\\page22\\page22_order9_e8b075e96485bcef82eac13624d34b2a.json"
}