{
  "article_url": "https://andylee.pro/wp/?p=4493",
  "title": "FM 96.1：韓劇炒熱的針灸真的那麼神奇麼？",
  "content": "<!--[if lt IE 9]><script>document.createElement('audio');</script><![endif]-->\n<audio class=\"wp-audio-shortcode\" controls=\"controls\" id=\"audio-4493-1\" preload=\"none\" style=\"width: 100%;\"><source src=\"https://andylee.pro/wp/wp-content/uploads/2017/10/drtalk-20170919-509-533pm-21m55s_converted.mp3?_=1\" type=\"audio/mpeg\"/><a href=\"https://andylee.pro/wp/wp-content/uploads/2017/10/drtalk-20170919-509-533pm-21m55s_converted.mp3\">https://andylee.pro/wp/wp-content/uploads/2017/10/drtalk-20170919-509-533pm-21m55s_converted.mp3</a></audio>\n<p>最近熱播的韓劇「名不虛傳」，講述了古代朝鮮名醫穿越時空來到現代，以其神奇的針灸術治病救人的故事，感謝韓國同胞又把中國傳統中醫發揚了一把。那到底針灸有故事裡形容得那麼神奇嗎？</p>\n<p>中國針灸歷史源遠流長，早在東周戰國時期 (公元前475～前225年)，《黃帝內經》的《靈樞經》就頗為系統地論述了經絡、腧穴、針刺工具、刺法、適應症、治則以及禁忌等內容， 為針灸學、經絡學的發展奠定了理論基礎。 到了明朝楊繼洲的《針灸大成》（1601年出版）匯集了明以前的針灸著作，重新考訂了穴位名和位置，並歸納總結了歷代針灸的操作手法、各種病案的配穴處方和醫案等。該書被翻譯成多種語言，在國際上廣為傳播並產生了深遠的影響，對針灸感興趣的朋友可以翻閱一下。</p>\n<p>需要提出的是：並不是所有的人都適合針灸。 在病人氣血大虛、重病、剛行房之後、喝酒之後、剛運動完出大汗後，都不宜下針。因為下針的目的是要調動病人的氣血去需要的地方，但如果氣血本來就不夠用，針灸的效果會很差。來診所求診的癌末病人，李醫師若是覺得其氣血已經非常虛弱，就會避免對其下針。而有些醫師會下一整排針來緩解癌末病人的周身疼痛，雖然人會覺得舒服些，但可能造成病人走得更快，因為氣瀉得太兇。</p>\n<p>下針通常對急性的痛症見效很快，常常一次針灸治療病人就能恢復，而病程越長，療程通常越長，所以有病要早治療。臨床上治療急性腰扭傷的針法屢試不爽：</p>\n<ul>\n<li>委中穴（足太陽膀胱經合穴，位於膝蓋後面的膕橫紋中點）</li>\n<li>陰谷穴（足少陰腎經合穴，位於蓋後面的膕窩內側）</li>\n<li>阿是穴，小腿肚上的對應壓痛點，而非受傷處 （該穴位定位：委中穴對應肩胛骨下緣，承山穴對應尾椎，從肩胛骨到尾椎的腰背受傷處可以從委中到承山按比例地找到小腿上的對應點），沿著骨邊針刺，非常有效。</li>\n<li>腰眼 （位於腰部第四腰椎棘突左右3—4寸的凹陷處）</li>\n</ul>\n<p>當下很多人推崇下針的手法，手法固然重要，但在辨證論治正確的前提下，選對配穴組合的意義更大。一兩年前，一位病人頸椎多節嚴重受傷，十分鐘就要活動一下改變姿勢，求助權威骨科醫生無果，因為西醫手術有可能造成終身癱瘓的風險，隨後求助於李醫師。剛開始李醫師選用了稍微保守的頸部穴位，兩次效果不好後，改變了針法。採用新的穴位組合後第一個星期病人的疼痛只剩下50%，第二個星期疼痛就不明顯了，第五個星期病人就能打高爾夫了。</p>\n<ul>\n<li>後溪（因為後溪主督脈，頸椎位於督脈上）</li>\n<li>陽陵泉透陰陵泉 （陽陵泉為筋會穴）</li>\n<li>懸鍾透三陰交 （懸鍾也稱絕谷，髓會穴；三陰交是脾、肝、腎三條陰經相交匯的穴位，補氣補血）</li>\n</ul>\n<p>這六根針通常是李醫師治療重症如面癱、中風的針法，對於這位頸部受傷的病人這套針法也是驚人的有效。臨床上傳統針灸的療效遠要比韓劇裡描述得要神奇的多。</p>\n<p><strong>（語音檔案由FM96.1電台提供，文章摘錄自語音檔案內容，部分文字略有異同，敬請見諒。）</strong></p>",
  "article_time": "2017年09月19日 23:09",
  "comments": [
    {
      "id": "26fb447f472896333fbaeeb9ca678bdc",
      "author": "魯豆腐",
      "time": "2017年10月03日 18:35",
      "content": "<p>第一段的後面寫到感謝韓國同胞發揚了中國傳統中醫，很多人都知道韓國人搶傳統中國歷史傳統和留下貢獻的偉人是不遣餘力，那又為何要稱他們為韓國同胞呢？不論在各種場合，韓國一直在篡奪我們中國老祖宗流下來的寶貴遺產，大家要警覺醒悟加速把這些古有文化發揚推行再傳承，以免後世子孫都不重視還真被誤導那是別人的東西。</p>",
      "level": 0,
      "highlight": false,
      "children": [
        {
          "id": "5151a1c0c229c613b65f6ff3f4b77d90",
          "author": "andy",
          "time": "2017年10月03日 19:59",
          "content": "<p>那是主持人開場的客氣話。不過，話說回來，經典智慧有人重視及傳承，總比沒人重視好很多，如果中華經典智慧真的被韓國人給篡奪了，那其實是我們華人自己的錯，不去珍惜自己文化的精華，淪落「禮失而求諸野」的情況，目前看到日本很多便利商店都可以買到葛根湯、小青龍湯等等經典方劑，中國大陸卻流行板藍根沖劑，很汗顏的說，這個趨勢似乎已經開始了。</p>",
          "level": 1,
          "highlight": true,
          "children": []
        }
      ]
    },
    {
      "id": "aa59e2cc07e1c537cb9123793b6054ea",
      "author": "Jonson Gu",
      "time": "2017年10月04日 17:29",
      "content": "<p>近代的工业文明–包括医学–都是西方领先，任何学科的产业化–流水化作业，西方不断地推广，是因为其是领先的，可以赚很多。我们发过来看，量身定做-不是更合适个体吗？譬如说西服是定做的好，流水线的肯定不合身。那么治病呢？肯定也是定做哦，但是西方的是一针下去都合适–感冒就是。西方最古老的文献是圣经，但从头到尾都没系统说如何治病，而内经–从头到尾就是说人体生理及如何治疗。为何台湾与中国大陆都被西方牵着鼻子走呢？这需要深思。反观，不管什么病，到台湾也好，大陆也好，都能治好—那是多么地强大。为何传统中医会没落呢，也值得思考。最近我在医治自己–倪师在教学的时候说到，酒客–脾胃都是冷的，那么肝也是冷的，会吐酸。我试了吴茱萸汤，3剂下去，脾胃马上暖和，但是期门穴下方痛了快2个月了，决定吴茱萸汤+小柴胡 二方合一，小柴胡12克，吴茱萸9克，其他在6克–3克间，第一碗喝下去感觉就好了，准备2剂–彻底治疗好。真的感谢倪师留给炎黄子孙宝贵的财富。</p>",
      "level": 0,
      "highlight": false,
      "children": []
    },
    {
      "id": "f56047002b56b032116312b20f194601",
      "author": "傳承",
      "time": "2021年04月23日 08:37",
      "content": "<p>李博士你好，最近腰扭傷了，應該是盤突出突出了，疼到受不了，腰五骶一突出了，大陸廣東很多針灸都是電針，效果不大，而且分科很細，醫生也說很難好的了，雖然不太願意聽到，但是也沒辦法，想請教一下李博士，這個能不能通過吃中藥治好。</p>",
      "level": 0,
      "highlight": false,
      "children": [
        {
          "id": "31ed41da1d2113fadc156aa4957d4160",
          "author": "李宗恩",
          "time": "2021年04月27日 11:28",
          "content": "<p>針灸和中藥並施，可以治愈。</p>",
          "level": 1,
          "highlight": true,
          "children": [
            {
              "id": "62ce9ea97aadcdc8fb594ae9994c0bb8",
              "author": "傳承",
              "time": "2021年04月28日 22:41",
              "content": "<p>非常感激李博士百忙中抽出時間回答鄙人的問題，感謝李博士</p>",
              "level": 2,
              "highlight": false,
              "children": []
            }
          ]
        }
      ]
    }
  ],
  "page": 36,
  "order": 2
}