{
  "article_url": "https://andylee.pro/wp/?p=4467",
  "title": "2017 第二屆 臺北漢唐經方論壇",
  "content": "<p><img alt=\"\" class=\"alignnone size-full wp-image-4469\" decoding=\"async\" fetchpriority=\"high\" height=\"799\" sizes=\"(max-width: 698px) 100vw, 698px\" src=\"https://andylee.pro/wp/wp-content/uploads/2017/09/Screen-Shot-2017-09-05-at-2.26.51-PM.png\" srcset=\"https://andylee.pro/wp/wp-content/uploads/2017/09/Screen-Shot-2017-09-05-at-2.26.51-PM.png 698w, https://andylee.pro/wp/wp-content/uploads/2017/09/Screen-Shot-2017-09-05-at-2.26.51-PM-262x300.png 262w\" width=\"698\"/></p>\n<p><img alt=\"\" class=\"alignnone size-full wp-image-4470\" decoding=\"async\" height=\"295\" sizes=\"(max-width: 698px) 100vw, 698px\" src=\"https://andylee.pro/wp/wp-content/uploads/2017/09/Screen-Shot-2017-09-05-at-2.27.10-PM.png\" srcset=\"https://andylee.pro/wp/wp-content/uploads/2017/09/Screen-Shot-2017-09-05-at-2.27.10-PM.png 698w, https://andylee.pro/wp/wp-content/uploads/2017/09/Screen-Shot-2017-09-05-at-2.27.10-PM-300x127.png 300w\" width=\"698\"/></p>\n<p><strong>2017 第二屆 臺北漢唐經方論壇</strong></p>\n<p><strong>時間：</strong>九月十日  12:50pm~6:00pm</p>\n<p><strong>地點：</strong>松江101國際會議中心 / 台北市中山區松江路101號四樓 (捷運松江南京站4號出口出站1分鐘)</p>\n<p><strong>主辦單位：</strong>漢唐經方推廣協會</p>\n<p><strong>協辦單位：</strong>臺北漢唐中醫診所</p>\n<p><strong>演講醫師：</strong>李宗恩、孔慧妍、陳又新、劉堯欽、陳宇輝、陳雅香、施合一、王建富、何依純、蕭亦愷、李孟蓉、蔣佑晨、葉軍廷</p>\n<p>網頁：<a href=\"https://htjf.kktix.cc/events/2017910\">https://htjf.kktix.cc/events/2017910</a></p>\n<p>臉書：<a href=\"https://www.facebook.com/NiHT100/\">https://www.facebook.com/NiHT100/</a></p>\n<p> </p>",
  "article_time": "2017年09月05日 14:35",
  "comments": [
    {
      "id": "8f97c3524b764855e813cf3e486f727c",
      "author": "987",
      "time": "2017年09月05日 18:12",
      "content": "<p>施合一医师和孔慧妍医师都遇过。哈哈。李医师，不知您是否有意向到中国大陆发展？</p>",
      "level": 0,
      "highlight": false,
      "children": []
    }
  ],
  "page": 36,
  "order": 5
}