{
  "article_url": "https://andylee.pro/wp/?p=4447",
  "title": "FM 96.1：工程師為什麼肝總不好？有什麼現象嗎？",
  "content": "<!--[if lt IE 9]><script>document.createElement('audio');</script><![endif]-->\n<audio class=\"wp-audio-shortcode\" controls=\"controls\" id=\"audio-4447-1\" preload=\"none\" style=\"width: 100%;\"><source src=\"https://andylee.pro/wp/wp-content/uploads/2017/08/drcase-201707801-510-536pm-20m34s_converted.mp3?_=1\" type=\"audio/mpeg\"/><a href=\"https://andylee.pro/wp/wp-content/uploads/2017/08/drcase-201707801-510-536pm-20m34s_converted.mp3\">https://andylee.pro/wp/wp-content/uploads/2017/08/drcase-201707801-510-536pm-20m34s_converted.mp3</a></audio>\n<p>灣區工程師常抱怨自己脾胃有問題，殊不知隱藏在脾胃後面的肝膽問題才是原罪。病人會說自己胃酸反逆嚴重（Acid Reflux）, 有heart burn，西醫開制酸劑，病人服用時有效，停止服用又很難受，因為制酸劑沒有解決根本的肝膽問題。</p>\n<p>在硅谷工作壓力大，現在的食品化學加工程度很高，再加上常熬夜，長時間看手機，肝作為身體的將軍之官可謂肩負重擔。 另外，在共享经济的网络时代，手機已和我們形影不離， “低头族”随处可见。需要特別提醒的是：過度地使用眼睛，在傷眼的同時也會傷到肝，因為肝開竅於目。在肝、膽經工作的晚上十一點到凌晨三點期間看手機、平板電腦等尤其傷眼傷肝，還會導致眼睛老花的提早到來。肝分泌膽汁，肝受傷後膽汁分泌功能變差，繼而造成存儲膽汁的膽囊出現問題，例如：膽囊增生，膽管堵塞，膽結石等。剛開始症狀不明顯，但隨著膽汁分泌功能的紊亂：該有的時候沒有，不該有的時候卻有，再加上消化時幽門的關閉不全，就容易導致膽汁反逆到胃裡，腐蝕胃粘膜。病人剛開始會覺得怎麼才吃一點就胃脹；接著出現一天到晚不停打嗝，好像氣都打完了還在打嗝；再接下來會發現右脅下三不五時會痛，好像剛跑完步以後的緊和痛，其實這是和膽結石有關的病症。用制酸劑治療的效果並不理想，因為沒有抓住根本原因。</p>\n<p>女生月經來不來，準時與否都與肝的關係最為密切，可以說子宮是由肝來調控的。經期的偏頭痛，嚴重的痛到吐，這些都和肝有關係。男生來說，頭皮屑很多，大都也是因為肝血不足，導致肝陽上亢，頭皮變乾造成的。若加之生活、工作的壓力，人便會開始掉頭髮，西醫稱之為“雄性禿”。中醫認為肝經雖不上頭，但會絡到百會穴（頭頂後的凹陷處），所以很多男士的掉髮是從頭頂百會穴的周圍開始的。女生也有此現象。若是每次梳頭、洗頭都會掉一大撮頭髮，請注意您的肝，並且調整一下生活工作的壓力。臨床看來，灣區工程師的肝脾互剋問題是健康的最大敵人。胃痛、胃酸反逆、脅下痛、月經幾個月沒來、嚴重的掉髮，這些看起來不相關的症狀其實皆與肝有關。</p>\n<p>案例一：一女律師，工作忙起來就覺得心臟痛，西醫檢查心臟並無不妥，李醫師把脈發覺心脈確實不穩定，但也沒有太糟糕，應該不會造成所有的問題。診斷的結果是病人的肝不好造成膽結石，木剋土，造成胃酸反逆。當心臟弱的時候，若加之胃酸問題病人就會感覺心臟在燒（heart burn），像是心臟被人有力地抓。針對病人的心臟和胃酸問題，李醫師開了炙甘草湯和降低胃酸、去膽結石的藥，很快就幫助病人消除心痛的症狀了。</p>\n<p>案例二：一男士，五十出頭，想生小孩，半夜睡覺醒來就心悸、心慌，甚至嚴重到結代脈（西醫的房顫），心跳五下停一下。 病人的肝血很虛，不能滋養心臟，晚上睡得不好是因為肝血不能歸肝。該男士很瘦，吃得很素，食用的青菜種類也過於單一，太太還抱怨先生常常熬夜工作。這個案例的特殊之處在於，治療的開始階段病情沒有進展：剛開始李醫師採用炙甘草湯的加減沒有效果後，隨即改變方向治肝血，也沒有效果。後來發現最大的問題在於病人的脾胃，由於肝血差造成脾胃壞了很多年，對食物和藥物的吸收很差。因此李醫師將治療的方向轉為健脾為主：用小建中湯來強脾，旨在增強病人對服用的藥的吸收。讓人欣喜的是，健脾的治療效果遠比李醫師預計的要好，雖然未見病人胖起來，但臉色開始紅潤起來，心悸次數也減少了，晚上偶爾可以睡整覺了。李醫師乘勝追擊，繼續補脾，後來陸續加上補心、補肝的藥，效果就出現了。</p>\n<p>有時病人的病症錯中複雜，肝被西醫稱之“隱性殺手”。肝不好，西醫能測量的肝病指數並不會馬上出現，而中醫從肝臟與其它器官相生相剋的關係診斷出肝病較之西醫要早三到五年。中醫的“剋”容易被誤解為“害”，正確的理解應該是“協助管理”的意思。</p>\n<p>結語：灣區的上班族壓力大，請注意自己的生活工作方式，呵護自己的肝！</p>\n<p>（語音檔案由FM96.1電台提供，文章摘錄自語音檔案內容，部分文字略有異同，敬請見諒。）</p>",
  "article_time": "2017年08月01日 11:36",
  "comments": [
    {
      "id": "b663d69f75b616e2c4eaf0ccf52af093",
      "author": "魯豆腐",
      "time": "2017年08月24日 18:13",
      "content": "<p>視線離不開手機又晚睡已成現代人的通病，學童青少年尤甚，因為不懂中醫對肝膽脾胃的重視，揮霍健康於不顧，一直要到出了大問題才就醫，而且是西醫藥優先，無法收拾了才來找中醫，更可嘆的還找不到優秀的經方家中醫來處理，可以見得本應該是很好治的小病卻被變成複雜的雜病，要怪誰？西醫太方便了，三步一家五步一家，治病就不會先上網做功課，任人宰割就是這樣啊</p>",
      "level": 0,
      "highlight": false,
      "children": [
        {
          "id": "ec57de9f2a1f3811d392830d03cac06c",
          "author": "andy",
          "time": "2017年09月01日 15:40",
          "content": "<p>是的，中醫知識不夠普及，導致兩極化，一些人把中醫視為偽科學，另一些人又盲目推崇中醫，兩個都不好。</p>",
          "level": 1,
          "highlight": true,
          "children": []
        }
      ]
    },
    {
      "id": "f26b9f8aa15ae2ad64d0bed807366e97",
      "author": "彭博",
      "time": "2017年09月15日 05:21",
      "content": "<p>廣州這邊雖然很多人信中醫，但是普遍用西醫去理解中醫的肝心脾肺腎，然後開藥還要問問問問，每次要費力解釋解釋才行，哈哈！</p>",
      "level": 0,
      "highlight": false,
      "children": [
        {
          "id": "a9c78ebc0ce13be9e0525e4cea1b4be6",
          "author": "andy",
          "time": "2017年09月21日 21:54",
          "content": "<p>哈哈，你以後會遇到更多千奇百怪的病人思維，得找個好的方法來宣洩負面情緒，不然自己的肝先壞了！</p>",
          "level": 1,
          "highlight": true,
          "children": [
            {
              "id": "f0ee7e678a6a5464f9e4a6ae9b3c5d54",
              "author": "彭博",
              "time": "2017年09月22日 19:18",
              "content": "<p>哈哈！所以以後診所要常備逍遙散，家中常備酸棗仁湯。哈哈！</p>",
              "level": 2,
              "highlight": false,
              "children": []
            }
          ]
        }
      ]
    },
    {
      "id": "684f23230670933ebd8afc702a20c2c9",
      "author": "gordon",
      "time": "2020年01月19日 17:54",
      "content": "<p>李醫師，文中說道：人便會開始掉頭髮，西醫稱之為“雄性禿”，很多男士的掉髮是從頭頂百會穴的周圍開始的。<br/>\n請問有些人是兩個額角脫髮（像M字型），頭頂沒有脫髮，這種M型脫髮也是相同的原因造成的嗎？</p>",
      "level": 0,
      "highlight": false,
      "children": [
        {
          "id": "f8e2cdc68a4d3027d8c804bbd75ff6a7",
          "author": "andy",
          "time": "2020年01月21日 19:42",
          "content": "<p>一般而言，看是在哪個經絡附近掉頭髮，和哪個臟腑有多一些關聯性。</p>",
          "level": 1,
          "highlight": true,
          "children": []
        }
      ]
    },
    {
      "id": "f5be77e4f22e52b9ee3c2b306300e7f9",
      "author": "沈煇峰",
      "time": "2020年05月21日 22:08",
      "content": "<p>李博士的文中提到了小建中湯，令我想起一個關於仙豐小建中科中的疑惑。傷寒論小建中湯的膠飴用量很大，要一升，相當於270克，但是仙豐小建中科中用的膠飴很少，每9克科中只有一克膠飴。聽說仙豐的科中都是倪師處方的，請教李博士，倪師幾乎拿掉膠飴是有什麽用意嗎？謝謝。</p>",
      "level": 0,
      "highlight": false,
      "children": [
        {
          "id": "92177b90f3ec88169fbd4d5f68c7ff57",
          "author": "李宗恩",
          "time": "2020年05月21日 22:36",
          "content": "<p>仙豐科學中藥只有少部份是依照倪老師的處方製作的，據我了解，倪老師協助的科中系列已經沒有製作銷售。仙豐的小建中湯粉劑並非倪老師的處方，我以前文章病例中就已經討論過，臨床上使用小建中湯粉劑，得額外自己加麥芽糖，才會有明顯效果。</p>",
          "level": 1,
          "highlight": true,
          "children": [
            {
              "id": "558e643440e59ef585b6e86e306be380",
              "author": "沈煇峰",
              "time": "2020年05月22日 20:45",
              "content": "<p>感謝李博士您的解惑！</p>",
              "level": 2,
              "highlight": false,
              "children": []
            }
          ]
        }
      ]
    },
    {
      "id": "2856004149e3609cdc9963a06ab090f4",
      "author": "Ashley",
      "time": "2024年04月24日 08:31",
      "content": "<p>李醫師您好：文章中提到「一天到晚不停打嗝，好像氣都打完了還在打嗝…其實這是和膽結石有關的病症」，不知李醫師是否有時間寫相關症狀醫案的文章？因為之前我有看到新聞有類似症狀的病，https://health.ettoday.net/news/2657461</p>",
      "level": 0,
      "highlight": false,
      "children": [
        {
          "id": "4ee199f4bd45e0427387843699359da7",
          "author": "李宗恩",
          "time": "2024年04月25日 14:03",
          "content": "<p>以前有不少討論，你可以在網頁上查詢。針對你轉的文章，肝有腫瘤時，可能導致肝的運作失常，膽汁分泌出現問題，引起膽的問題，進而出現一天到晚不停打嗝。</p>",
          "level": 1,
          "highlight": true,
          "children": []
        }
      ]
    }
  ],
  "page": 36,
  "order": 8
}