{
  "article_url": "https://andylee.pro/wp/?p=7131",
  "title": "FM96.1：新冠肺炎惶惶  如何提前預防？傳統中醫告訴你：以不變應萬變",
  "content": "<figure class=\"wp-block-audio\"><audio controls=\"\" src=\"https://andylee.pro/wp/wp-content/uploads/2020/01/s-01102020武漢“肺炎”惶惶-如何提前預防？傳統中醫告訴你：以不變應萬變.mp3\"></audio></figure>\n<p>（ 語音檔案由FM96.1電台提供，文章摘錄撰寫中，請稍加等待。謝謝。）</p>",
  "article_time": "2020年01月22日 11:19",
  "comments": [
    {
      "id": "033bd69fcb19d482b49681f0c93af9c1",
      "author": "淳賓",
      "time": "2020年01月18日 19:29",
      "content": "<p>木桶原理一個木桶能裝多少水不在於最高的木板而在於這個木桶之中最低的那塊木板</p>",
      "level": 0,
      "highlight": false,
      "children": []
    },
    {
      "id": "db9169eff35d6c6e9edd05ca0542f8dc",
      "author": "gordon",
      "time": "2020年01月21日 01:13",
      "content": "<p>最近武漢肺炎已經要形成氾濫的情況，鐘南山院士都說會人傳人。http://news.sina.com.cn/c/2020-01-21/doc-iihnzahk5456866.shtml</p>\n<p>網上說的患者症狀：以發熱、乏力、乾咳為主要表現，鼻塞、流涕等上呼吸道症狀少見；部分患者起病症狀輕微，可無發熱，多在1周後恢復。約半數患者多在一周後出現呼吸困難，嚴重者快速進展為急性呼吸窘迫綜合征、膿毒症休克、難以糾正的代謝性酸中毒和出凝血功能障礙。</p>\n<p>感覺就是得了普通感冒導致的哮喘肺炎類似。請問您對這個武漢肺炎的辯證思路？如何預防？</p>",
      "level": 0,
      "highlight": false,
      "children": [
        {
          "id": "bf3502454ec7b0581feed377258f944f",
          "author": "andy",
          "time": "2020年01月21日 19:46",
          "content": "<p>剛剛寫了一篇新的文章來討論。</p>",
          "level": 1,
          "highlight": true,
          "children": []
        }
      ]
    }
  ],
  "page": 23,
  "order": 2,
  "filename": "data\\page23\\page23_order1_db9169eff35d6c6e9edd05ca0542f8dc.json"
}