{
  "article_url": "https://andylee.pro/wp/?p=2996",
  "title": "頸椎受損，左肩、左手臂、到左手掌整天非常疼痛",
  "content": "<p>這個病例偏重在針灸，凸顯針灸的療效。病人，男，華人，六十多歲。第六及第七頸椎受損，嚴重壓迫到神經，從左肩、左手臂、到左手掌整天都非常疼痛，無法持續同一個姿勢十分鐘，白天已經很慘了，晚上睡覺更不用說，稍微睡著一下，馬上又痛醒，得改變一下姿勢才好一些，不到十分鐘又不行了。</p>\n<p>病人本來比較相信西醫，給西醫檢查後，被認為手術風險過高，如果開刀出問題，可能會癱瘓，因此他的西醫表示寧可他維持現狀，而病人服用止痛藥效果不佳，所以，病人一年來只好忍著疼痛過日子。病人的太太有長年睡眠問題，先來找我「試一試」，結果效果很好，因此說服了病人來找我看診。</p>\n<p>我第一次看到病人時有些驚訝，他全身上下長了40～50個脂肪瘤，最大的幾乎有一個拳頭大，兩個手上遍佈約1cm x 1cm x 1cm的脂肪瘤，而他的西醫認為除了一個一個開刀去除外，沒有別的辦法解決。看診的細節我就不多寫了，基本上病人的肝脾有不少問題。然而，因為病人左手的疼痛越來越嚴重，對他的生活造成很大的困擾，病人希望在最短時間內減少疼痛，再考慮如何從根本解決問題。在病人的請求下，我也只好先想辦法減少他的疼痛。</p>\n<p>這種因為頸椎受損而造成的疼痛，和一般疼痛不一樣，除非受損頸椎不再壓迫神經，病人的疼痛會一直回來。07/14/2015的初診及及07/21/2105的複診，我偏重在病人的頸部，以放血及一般處理頸部疼痛的針法來處理，結果病人幾乎沒有什麼變化，最多只是下針當天好一點點。</p>\n<p>07/29/2015 來複診，我仔細重新思考，我強迫自己放空，回歸到「基本面」，不要一直想著「頸椎壓迫神經」。我決定修改下針方向，以最簡單最基本的方法來下針，我只下後溪、陽陵泉透陰陵泉、絕骨透三陰交。藥方倒是一直維持同一個藥方：酸棗仁、川芎、知母、白朮、茯苓、炙甘草、白芍、伸筋草、延胡索、葛根、白芷、當歸、熟地、黃耆、黨蔘、山茱萸、牡丹皮、三七。</p>\n<p>08/05/2015 複診，病人說痛感下降三成，維持同樣的針灸及藥方。</p>\n<p>08/13/2015 複診，病人說痛感下降到一半，維持同樣的針灸及藥方。</p>\n<p>08/21/2015 複診，病人說幾乎不疼痛了，還跑去打高爾夫球。病人告訴我，他因為疼痛，已經很久沒有做任何運動，只要稍微用力，左手就更加疼痛，而他非常喜歡打高爾夫球，不能打高爾夫球讓他很鬱悶，上週總算讓他再度能打高爾夫球，他非常高興。</p>\n<p> </p>\n<p> </p>\n<p> </p>",
  "article_time": "2015年09月02日 17:44",
  "comments": [
    {
      "id": "edc5b3bcd58888e50f6e08f12c0ea8e2",
      "author": "承志",
      "time": "2015年09月04日 05:43",
      "content": "<p>李医師有说到病人全身上下長了40～50個脂肪瘤，最大的幾乎有一個拳頭大，兩個手上遍佈約1cm x 1cm x 1cm的脂肪瘤，不知李医師的冶疗有没有同时把这些脂肪瘤治好？<br/>\n請问有中药方冶脂肪瘤吗？</p>",
      "level": 0,
      "highlight": false,
      "children": [
        {
          "id": "9d22221a42fcd3af57d7641cea07c32b",
          "author": "andy",
          "time": "2015年09月04日 08:55",
          "content": "<p>現在才開始治療脂肪瘤，中醫有辦法幫助脂肪瘤，重點通常在脾臟，不過，臨床上不一定都能完全消得掉。</p>",
          "level": 1,
          "highlight": true,
          "children": [
            {
              "id": "5fa2af5f5dac1c5c9decc0cebbc5a4a9",
              "author": "李波",
              "time": "2015年11月06日 05:22",
              "content": "<p>脂肪瘤的话，请教李老师用的什么方？子龙丸可否一试？</p>",
              "level": 2,
              "highlight": false,
              "children": [
                {
                  "id": "095905463f48add955ba82a426d1c4de",
                  "author": "andy",
                  "time": "2015年11月10日 09:28",
                  "content": "<p>一般的脂肪瘤，沒有必要用子龍丸。通常我會以祛痰、利水、健脾藥，同時重用白芍酸收，另外以針灸爆刺法來處理。</p>",
                  "level": 3,
                  "highlight": true,
                  "children": []
                }
              ]
            }
          ]
        }
      ]
    },
    {
      "id": "8ecaf52c8c7f0e2977f195386e8acedd",
      "author": "吳銘仕",
      "time": "2015年09月11日 10:08",
      "content": "<p>想問一下andy兄下針思路, 是都下在右腳上嗎?取後溪的原因是?</p>",
      "level": 0,
      "highlight": false,
      "children": [
        {
          "id": "079c99c82d0ca2dfbd2e3f9f846ea426",
          "author": "andy",
          "time": "2015年09月13日 21:53",
          "content": "<p>奇經八脈裡，後溪通督脈。本來應該以右側為主，不過，因為病人的情況，我兩側都下。</p>",
          "level": 1,
          "highlight": true,
          "children": [
            {
              "id": "f2110f4d458a0f4abc86aff2f7a1a7ce",
              "author": "CAT",
              "time": "2016年08月23日 13:34",
              "content": "<p>請問李醫師後谿怎麼下才不會痛得哇哇大叫？通常下多深？有到小指關節後方嗎？</p>",
              "level": 2,
              "highlight": false,
              "children": [
                {
                  "id": "4b4ea28000c8af3c827f32489ae7692d",
                  "author": "andy",
                  "time": "2016年08月24日 11:15",
                  "content": "<p>手微微握拳，放鬆，0.5~1寸，一般不用刺到骨頭，而是在骨邊。後谿本來就會比較痛，太痛就下離骨頭遠一些，或換細一點的針，如果還是怕痛，那就換其它穴位來治療，總是有辦法用其他穴位來代替的。</p>",
                  "level": 3,
                  "highlight": true,
                  "children": []
                }
              ]
            }
          ]
        }
      ]
    },
    {
      "id": "9e2e6a7c0b429f28cb0998665d8c152a",
      "author": "新小岩",
      "time": "2015年09月12日 05:19",
      "content": "<p>andy兄:<br/>\n我也想问为什么下那两支透针？</p>",
      "level": 0,
      "highlight": false,
      "children": [
        {
          "id": "1f055f778e485df83fda008b1c0ecfe6",
          "author": "andy",
          "time": "2015年09月13日 21:57",
          "content": "<p>筋會陽陵，髓會絕谷，以透針來加強效果，同時陰陵泉幫助行水，三陰交幫助補血。陽陵泉透陰陵泉，絕谷透三陰交，我常常用來治療中風、面癱、嚴重麻痺等等。</p>",
          "level": 1,
          "highlight": true,
          "children": [
            {
              "id": "309e4a05eb5dac4f0c5b439f49a66ba5",
              "author": "新小岩",
              "time": "2015年09月14日 20:01",
              "content": "<p>谢谢教导！<br/>\nandy兄想得真是细致入微。</p>",
              "level": 2,
              "highlight": false,
              "children": [
                {
                  "id": "a09a4a5b2e919602e7db1731cbfe925a",
                  "author": "andy",
                  "time": "2015年09月28日 08:35",
                  "content": "<p>謝謝鼓勵！</p>",
                  "level": 3,
                  "highlight": true,
                  "children": []
                }
              ]
            }
          ]
        }
      ]
    },
    {
      "id": "107a703d9924a6bf066b75557cfe9d44",
      "author": "中医太美",
      "time": "2015年10月25日 20:18",
      "content": "<p>酸枣仁汤在此用来补血吗？把痛去掉不就可以睡着了吗？患者以前也是有睡不好吗？</p>",
      "level": 0,
      "highlight": false,
      "children": [
        {
          "id": "3087cadf2d0187b58b20ac736e7e2ad7",
          "author": "andy",
          "time": "2015年11月03日 08:25",
          "content": "<p>補肝血以潤筋。</p>",
          "level": 1,
          "highlight": true,
          "children": []
        }
      ]
    },
    {
      "id": "0607b3ab09071d4fdc2e7ff591a78d72",
      "author": "shaun",
      "time": "2020年04月11日 08:01",
      "content": "<p>非常好的一篇案例和解析，感謝分享。<br/>\n想請教下，處方裡的白芷是為了引血上行嗎，因為一般白芷會用在散頭痛頭風之類，在這裏看到還蠻奇怪的。或者是考慮到其他病症？</p>",
      "level": 0,
      "highlight": false,
      "children": [
        {
          "id": "578c28eed37515645594fe74f9492ddf",
          "author": "李宗恩",
          "time": "2020年04月13日 11:39",
          "content": "<p>這裡白芷是引藥，引藥性上行。</p>",
          "level": 1,
          "highlight": true,
          "children": [
            {
              "id": "bc52b4b54266e5500627fffef375b96e",
              "author": "暗香疏影",
              "time": "2024年03月26日 22:16",
              "content": "<p>看到这个案例我想到去世的公爹，他年轻时就喜欢打麻将（常熬夜），然后后肩胛骨偏上长了一个桂圆大小的脂肪瘤，再后来手臂疼到抬不起来，经常要拉大便（检查大肠息肉，做了手术），再后来大肠癌手术化疗再后来转肝癌去世！这期间只有大肠癌转肝癌很快，其它都是好多年的慢慢演变，具体脂肪瘤和手臂是左还是右不记得了（当时根本没有中医观念所以也不会留意），现在回头想想其实早有预警，熬夜、长脂肪瘤其实肝脾已经出了问题，再到大肠息肉等等演变，所以上工治未病就应该从一颗脂肪粒发现问题所在了！谢谢李博士很多病例的公布，一步步引人入胜教会我们思考很多！</p>",
              "level": 2,
              "highlight": false,
              "children": []
            }
          ]
        }
      ]
    },
    {
      "id": "a92a284d5a1013503dff3c6c1356b0d4",
      "author": "宇",
      "time": "2024年11月23日 01:03",
      "content": "<p>抱歉打扰李医师，还是想请教一下，这位病人颈椎受损压迫到神经，利用针灸和药物使得两边筋拉力平衡解决了压迫的症状，那临床上是否会有椎间盘严重突出，即使利用针灸药物使得筋拉力平衡，但客观突出的骨刺无法逆转（压迫症状持续存在），这样的病人是否需要手术才能缓解？</p>",
      "level": 0,
      "highlight": false,
      "children": [
        {
          "id": "4706e2865514eccd802acb69a96b73fb",
          "author": "送你座帆船",
          "time": "2024年11月24日 08:55",
          "content": "<p>这个我有案例，这是我妈，平时他就是胸闷，用瓜蒌薤白效果不佳，后来我就用补血的我嫌酸枣仁太贵了，就普通的四物汤加一点点生附子和炮附，结果喝了第二天腰部胀痛的不得了，右腿直腿抬高阳性，我后面自己用腰部斜扳复位回去了，复位完了好一半，半个小时后又痛，我感觉就是有寒湿堵住又开了白术茯苓进去，第二天好一点能挺起腰，我把附子都去掉，就普通的少量四物汤守方，现在胸闷去掉了，腰痛也没有，我就是怀疑肝血不足导致的心脏不好，肾虚又导致肝血不足，吃了四天药</p>",
          "level": 1,
          "highlight": false,
          "children": []
        },
        {
          "id": "3b78c46d689e6d38ada24ecb96765d61",
          "author": "送你座帆船",
          "time": "2024年11月24日 08:59",
          "content": "<p>其实是分为很多种情况，腰椎滑脱可以考虑到筋的问题毕竟里面许多韧带，脊柱两旁可以考虑膀胱经以及表里经肾经，而骨刺问题也有说过细节忘记了可以用繁体字检索一下，应该有</p>",
          "level": 1,
          "highlight": false,
          "children": []
        },
        {
          "id": "889f3397216d44a2b0e7269771b170e5",
          "author": "李宗恩",
          "time": "2024年12月09日 04:31",
          "content": "<p>當然有可能，這個以前也講過。</p>",
          "level": 1,
          "highlight": true,
          "children": []
        }
      ]
    }
  ],
  "page": 49,
  "order": 10
}