{
  "article_url": "https://andylee.pro/wp/?p=3043",
  "title": "診療日誌 09/28/2015 － 固執的病人",
  "content": "<p>今天有位病人來看診，本來看診可能只需十幾分鐘，卻花了我一個多小時苦口婆心講了一大堆話。不過，我想這位固執的病人大概還是沒有把我的話聽進去。</p>\n<p>病人是位60多歲的華人男士，從福建移民來美國很多年，不會說英文，也只會一點點普通話，而他們說福建話，和台灣的閩南語又不太一樣，我不太能聽懂，因此溝通起來挺麻煩的。然而，病人聽朋友大力介紹，一家三個人特意開了兩三個小時車來看診，我也就盡可能多將就他們語文上的困難。</p>\n<p>病人高血壓糖尿病，服用西藥一年多，每天得服用12粒藥錠，把他得收縮壓維持在120左右，血糖維持在130左右，病人對這樣的維持「很滿意」。幾週前雙腳開始水腫，他的家庭醫師確定是高血壓及糖尿病的西藥造成的，幫他換了另外一種高血壓與糖尿病藥，又開了利尿劑，雙腳水腫好一些，不到一兩週，雙腳水腫又變得很嚴重。病人說他的家庭醫師沒有說什麼，只叫他停止服用利尿劑，可是，病人的雙腳水腫越來越嚴重，今天來看診時，已經腫過膝蓋。</p>\n<p>病人的水腫，很明顯的是高血壓糖尿病藥的副作用，這是絕大多數的西醫會同意的解釋，而中醫如何解釋就下次有機會再說。我花了很多時間告訴病人這個前因後果，告訴他說，即使中藥可以幫他把水腫消掉，如果他不停止服用那些高血壓糖尿病的西藥，他的問題不會真的解決，我要他回去找他的家庭醫師討論。</p>\n<p>說了半天，病人堅持要繼續服用高血壓糖尿病的西藥，他說他很害怕不吃那些西藥他的血壓及血糖會增高。他說他的家庭醫師一直告訴他，血壓血糖增高會對他的身體有不良的影響。病人的意思是，他覺得他服用那些高血壓糖尿病西藥是「有用的」，可以幫助他「維持健康」，他來找中醫看病，只是希望我把他的雙腳水腫消掉，言下之意，要我不用「多管閒事」。</p>\n<p>我告訴這位病人及他的家人，病人長時期服用高血壓糖尿病西藥，已經讓他的肝心腎都出了問題，都已經出現雙腳嚴重水腫了，為什麼還只是死死的抓著收縮壓120血糖130這兩個數字？而不能好好的面對他整體上更大的健康問題？這就好像開車時煞車都已經壞了，開車的人還只是擔心車燈亮不亮，實在是本末倒置，把自己的生命當玩笑一般。</p>\n<p>整個問題，同樣的話，我前前後後重複講了五次，病人還只是一直關注在收縮壓120血糖130！已經嚴重耽誤到後面病人的時間，我只好照他目前的情況下針開藥，而病人會不會誠實面對他的問題根源，也只好讓他自己去面對。</p>\n<p>值得大家思考的是，到底是沒有醫學知識的病人既無知又固執呢？還是許多西醫沒有勇氣面對他們無法治療的疾病，而只是一昧要病人終身服用會造成很多副作用的西藥？</p>",
  "article_time": "2015年09月29日 11:40",
  "comments": [
    {
      "id": "921b398b1d0eb0d925c2988af6fd6163",
      "author": "fly168",
      "time": "2015年09月30日 19:27",
      "content": "<p>我個人覺得現在科學下的西醫是最大的問題，現代科學比較沒有人性、自私、狹隘。</p>",
      "level": 0,
      "highlight": false,
      "children": []
    },
    {
      "id": "eab46d2fa0b9af7c70a0cda6c6e44983",
      "author": "医者扶阳",
      "time": "2015年10月02日 12:09",
      "content": "<p>医者慈悲心，都希望病人能明白道理，解除痛苦有時淳淳教誨，有時言簡剛中，好好說反而聽不進去，當血淋淋是事實擺在面前，不得不相信，才會幡然醒悟。看到李醫師的文章，想起倪師說的，啓蒙別人，言簡剛中，只說一次，你聽我的就可以活命，不聽就勸當自求多福。</p>",
      "level": 0,
      "highlight": false,
      "children": []
    },
    {
      "id": "f0be70fbb2392613688e2bed8392c138",
      "author": "vita_chang",
      "time": "2016年12月21日 19:01",
      "content": "<p>李醫師您真是慈悲又有耐心，連續講五遍要病患停西藥還不願意，您的苦口婆心也是幫不了這樣固執的病患，只能說「病治有緣人」，這病患就是不相信中醫，只信西醫才不願意停西藥的，像這樣子的病患，不願意聽您的建議配合停西藥，您下回就別接這病患了，讓他自求多福吧！</p>",
      "level": 0,
      "highlight": false,
      "children": [
        {
          "id": "498381af750a445b6b8688f104d9cb94",
          "author": "andy",
          "time": "2016年12月26日 19:43",
          "content": "<p>謝謝你的鼓勵！</p>",
          "level": 1,
          "highlight": true,
          "children": []
        }
      ]
    },
    {
      "id": "02b68ec096e501749ae36ed4ab280008",
      "author": "APPLE",
      "time": "2019年03月24日 20:39",
      "content": "<p>李医师，请问指甲里月牙的大小是否与气血有关系呢？</p>",
      "level": 0,
      "highlight": false,
      "children": [
        {
          "id": "88fc769d00f54859b44e7d3de7f477ab",
          "author": "andy",
          "time": "2019年03月25日 08:59",
          "content": "<p>是有此一說，不過，中醫典籍及現代研究甚少討論，無法證實其可靠性，而且有很多方法判斷氣血，不應該靠單一症狀來判斷。</p>",
          "level": 1,
          "highlight": true,
          "children": []
        }
      ]
    },
    {
      "id": "920b0b71402711e941ca9c6800a0e12b",
      "author": "ChristyShao",
      "time": "2019年05月31日 22:20",
      "content": "<p>能反复地说五遍，耐心已经很好了，医生已经做到他该做的分内之事了，其他的就交给老天吧。很多人不相信中医对高血压糖尿病的治疗效果，是因为这些人已经被西医的观念洗脑了，从心底认同终身服药是可以接受的事情，也是正常的事情，换言之，对倪师一直强调的首先要明白什么是正常的人体，已经完全忘记了，更加忘记了人体这个精密的系统，是如何有强大的自救，自愈功能。人都怕死，可是最终以什么样的状态走，这真的是取决于个人的选择了。现代很多人对中医治病调理的思路不认知，不认可，不学习，不接受，一味的给自己灌西药，灌保健品，造成很多的副作用，却觉得那是再正常不过的事情了。李医生，你说的很对，这是对自己生命的不负责。李医生，不信者不医，你已经做到位了。</p>",
      "level": 0,
      "highlight": false,
      "children": [
        {
          "id": "70934cfb531d68e2d0fff352761d1336",
          "author": "andy",
          "time": "2019年06月02日 22:21",
          "content": "<p>謝謝你的支持與鼓勵！</p>",
          "level": 1,
          "highlight": true,
          "children": []
        }
      ]
    },
    {
      "id": "73e6350ad94d3eb3c9ed032e4c7ab62d",
      "author": "珍寧",
      "time": "2019年06月26日 05:40",
      "content": "<p>西醫一直以來都在恐嚇病患。</p>",
      "level": 0,
      "highlight": false,
      "children": []
    },
    {
      "id": "335d6bcd7cc3805416bf273df93d07fd",
      "author": "曹瀚升",
      "time": "2019年06月26日 16:58",
      "content": "<p>倪師的告誡真是倪師畢身臨床經驗的總結。我之前不信，以為這才是慈悲，一講再講，週末、深夜回訊息，到頭來能聽進去，擺脫化學製劑繼續迫害、妨礙身體恢復功能者，十個不知有沒有一個。</p>\n<p>師兄得倪師真傳，真大醫也！</p>",
      "level": 0,
      "highlight": false,
      "children": [
        {
          "id": "456dbc28b00f6ca74679cf93f69ac1f0",
          "author": "andy",
          "time": "2019年06月27日 10:37",
          "content": "<p>謝謝你的鼓勵及支持！</p>",
          "level": 1,
          "highlight": true,
          "children": []
        }
      ]
    },
    {
      "id": "d1fa241965d986cabf413519e8735db4",
      "author": "JOJO",
      "time": "2019年09月21日 03:32",
      "content": "<p>我看过血糖高，高血压的病人，刚发现的时候，医生给降血糖的药，让病人每天吃，但是西医医生同样会告诉病人少吃油腻，多运动这样的话。可是呢， 从病人的立场，每餐前吃几颗药就能“控制”血糖，为什么还要花每天40分钟的时间去走路运动？病人的心理其实只看到眼前“疗效”，吃药，肯定比每天坚持去运动来的好而且不费力气，只要不出问题，自己也懒得去运动。估计病人也不相信运动可以治疗高血糖等问题，即使出现问题后，他们依然不会相信是西药的问题，而是觉得病情变严重了，可能更要多吃点药。他们只相信吃西药是有用的，不吃才真正会出问题。让病人改变生活习惯，那真的比登天还难。即使是我的家人，我也帮不了他们。苦口婆心的说，他们也只是听听，完全领会不了。这估计就是最大的悲哀。</p>",
      "level": 0,
      "highlight": false,
      "children": [
        {
          "id": "71143f55d8c050e7ef0eb7157a2f97f0",
          "author": "andy",
          "time": "2019年09月27日 15:19",
          "content": "<p>西藥在壓制病症現象上，會讓許多人相信就是正確的治療，直到哪天副作用出現了、無法逆轉了，才開始覺得不對了。</p>",
          "level": 1,
          "highlight": true,
          "children": [
            {
              "id": "7b9eb2cae7f3b452e583551425de5efe",
              "author": "JOJO",
              "time": "2019年09月29日 07:30",
              "content": "<p>是的，这就是俗话说的“不见棺材不落泪”，等到他们发现不对的时候，已经很晚了</p>",
              "level": 2,
              "highlight": false,
              "children": []
            }
          ]
        }
      ]
    },
    {
      "id": "f11bf567cb82244a4e9765007e7bdd20",
      "author": "王海林",
      "time": "2019年11月16日 12:01",
      "content": "<p>这几天陪女儿逛书店，买了一本书名叫《一本小小的蓝色逻辑书》。我读完后，感觉自己跟没上过学一样。里面很多的逻辑用法，出现在语言中时，感觉跟只做逻辑题有很多不一样。在中国大陆的教育，大部分的人是没有受过逻辑训练的。这也就是为什么大陆的人乱做事。<br/>\n而今天看到李博士的文章时，感觉很多看中医的人如果没有基本的逻辑思维，怎么会去听懂您说的中医思维。最好的解决方法应该是让所有看病的人先做一份极其简单的逻辑试题。如果不达标，需要提前先学习一周收费的基本思维训练课，然后再与医师见面，这样可以极大的减少沟通的时间。</p>",
      "level": 0,
      "highlight": false,
      "children": [
        {
          "id": "996be1c6739af286032761c839fefccd",
          "author": "andy",
          "time": "2019年11月19日 11:43",
          "content": "<p>這或許也是一種緣分，邏輯好的病人，通常比較容易溝通。有些病人邏輯不好，不過相信醫生，告訴他們做什麼，即時他們聽不太懂為什麼，他們還是會好好去做。最怕是病人邏輯不好，有主見過多、自我意識很強、心裡多疑，會讓醫師耗費很多時間。</p>",
          "level": 1,
          "highlight": true,
          "children": []
        }
      ]
    },
    {
      "id": "ac641bdd9c614e7191c4cd1269c28425",
      "author": "Gary",
      "time": "2020年03月19日 05:20",
      "content": "<p>大醫精誠，這份愛心已經可以讓許多醫生汗顏</p>",
      "level": 0,
      "highlight": false,
      "children": []
    },
    {
      "id": "8aba49f3e6865150a88afc522429014e",
      "author": "無一",
      "time": "2021年12月29日 01:09",
      "content": "<p>没有医不好的病，只有治不好的人。缘是天注定。不惜缘者，李医师随缘好了。这个世界心不诚的人太多，他们生活在虚妄中，没有必要浪费您宝贵的时间。世界几十亿的人，您肩负着传承倪师衣钵的重任，实在要让自己的时间多一点。</p>",
      "level": 0,
      "highlight": false,
      "children": []
    },
    {
      "id": "5abf0f6c623686d22fc7cc0c68753635",
      "author": "john",
      "time": "2022年01月25日 16:55",
      "content": "<p>中醫的理論, 並不是最好懂的. 所以第一次聽到, 會有人固執不採納也很正常.  也許, 如果能用簡單動畫呈現出來, 糖尿病/高血壓的要對臟腑的影響, 讓病人一目了然, 可能要比說的效果強許多.  畢竟言語能傳達的, 最多不會超過30%, 其他靠的是語調, 肢體語言等等.</p>",
      "level": 0,
      "highlight": false,
      "children": [
        {
          "id": "2f6d3b8f2c717fb30bcb3a9d56586d6c",
          "author": "李宗恩",
          "time": "2022年01月30日 19:57",
          "content": "<p>偏執的病人，你做成動畫給他，他也無動於衷。</p>",
          "level": 1,
          "highlight": true,
          "children": []
        }
      ]
    },
    {
      "id": "5e90d5ff83995d0fc1d91fb56992ce03",
      "author": "pp",
      "time": "2022年11月12日 21:38",
      "content": "<p>李老师，您好。请问现在在大陆可以如何购买到汉唐专用的中医药营养品呢？</p>",
      "level": 0,
      "highlight": false,
      "children": [
        {
          "id": "699335dc7cbd5685d13d3adc47188a68",
          "author": "李宗恩",
          "time": "2022年11月22日 09:27",
          "content": "<p>在中國大陸不合法，同時那些中藥丸劑本來是倪老師看診時開個病人使用的，並非自己隨便購買來服用，本末倒置是不對的。</p>",
          "level": 1,
          "highlight": true,
          "children": []
        }
      ]
    },
    {
      "id": "19a19bfba034ea9ca1454fcdd5a55d52",
      "author": "guangtao xu",
      "time": "2025年03月02日 23:46",
      "content": "<p>我爸也是长年吃高血压的西药，最近还发现了高血糖的副作用，春节前后在坚持吃西药的情况下依然有中风的迹象,喷射状的强烈呕吐，服用了倪师视频里提到的五g阳还五汤，并暂停西药，症状缓解。收缩压从200逐步回落到l35,随着气温下降又升回200附近。老人没有不舒服的感觉，没有头疼之类。看着血压维持在200附近，感觉有点怕，挂了本地的中医院老专家，开了一堆滋阴平肝的药《约20种》外加几颗降压的西药，吩咐还是继续服用西药降压，同时服用中药。回去吃了几剂中药，在没有吃西药的时间，血压依然降不下来，吃西药就立马降下来。目前就担心继续吃西药可能会中风，不吃西药，中药又压不住，长期高压 也会中风，处于两难的境地。目前疯狂找你和倪师关于高血压的治疗思路视频自救。。。</p>",
      "level": 0,
      "highlight": false,
      "children": [
        {
          "id": "2804193e08e58baba764e8979ed43b86",
          "author": "李宗恩",
          "time": "2025年03月08日 07:50",
          "content": "<p>謝謝你的分享。</p>",
          "level": 1,
          "highlight": true,
          "children": []
        }
      ]
    }
  ],
  "page": 49,
  "order": 10,
  "filename": "data\\page49\\page49_order9_07382c66b0c46caf22e81719927e30b6.json",
  "timestamp": 1742742152.194896
}