{
  "article_url": "https://andylee.pro/wp/?p=3097",
  "title": "電視節目：《當張仲景遇上斯坦福》（八）中醫，科學嗎？",
  "content": "<p><iframe allow=\"accelerometer; autoplay; clipboard-write; encrypted-media; gyroscope; picture-in-picture; web-share\" allowfullscreen=\"\" frameborder=\"0\" height=\"281\" referrerpolicy=\"strict-origin-when-cross-origin\" src=\"https://www.youtube.com/embed/5Sj5S5E3Qtg?feature=oembed\" title=\"《當張仲景遇上斯坦福》（八）中醫，科學嗎？\" width=\"500\"></iframe></p>\n<p>電視節目主持人董薇因為個人家庭原因，得停留在New York好一陣子，所以，電視製作小組找我的廣播節目主持人高潔來主持電視節目。雖然我和高潔一起上廣播節目已經三年多了，電視節目卻是新的經驗，而高潔對節目內容也有與董薇不太一樣的想法，因此我們也在嘗試中，如果有什麼想法與建議，懇請留言，謝謝！</p>",
  "article_time": "2015年10月12日 14:50",
  "comments": [],
  "page": 49,
  "order": 5,
  "filename": "data\\page49\\page49_order4_98f3412af89b1063b17ce57dd980869c.json"
}