{
  "article_url": "https://andylee.pro/wp/?p=13176",
  "title": "亂服用生硫磺的網紅現象",
  "content": "<p>中國大陸許多網紅大力推廣每天服用生硫磺，為了是增加關注流量，也為了直播帶貨。有人為了轉售生硫磺來圖利，竟然說一天可以服用一百多克生硫磺，令人咋舌。反過來，也有另一類的網紅，也為了增加關注流量來圖利，在網上不斷抨撃中醫使用生硫磺，藉著攻擊倪海厦、張錫純等大醫對生硫磺的正面評價，來提升自己的點讚量。很可惜，兩者都是錯誤的，都是利用人們急著想去除病痛又怕傷害自己的心理，來炒作話題的亂象。</p>\n<p>服用生硫磺，到底有沒有問題？生硫磺，英文名Sulfur，是人體不可或缺的礦物質，有很多重要的功能。許多食物含有天然的生硫磺成份。生硫磺有輕微的毒性，但在一般劑量下，不會傷害人體健康。人體會自然吸收及處理生硫磺成份，並不會像一些網紅所說的，在人體消化道內化學作用而產生有毒的化合物。美國食品藥物管理局(FDA)，許可市面上販售硫磺營養補充劑(Sulfur supplement)。許多醫學研究也證實，服用適當劑量的生硫磺，對某些健康問題有幫助，也不會造成身體的傷害。換句話說，倪海厦老師在教學影片中，半開玩笑中說沒事吞一點生硫磺，並沒有什麼問題。問題是被人亂剪接，斷章取義。</p>\n<p>然而，在沒有臨床經驗豐富的中醫師指導下，自己亂服用生硫磺，那確實是個嚴重的問題，更何況是每天服用大量生硫磺，以及使用來路不明的生硫磺。生硫磺礦石可能含有許多雜質，一些常見的雜質可能傷害人體，因此生硫磺的來源及純度非常重要。以現代醫學的角度而言，服用過多的生硫磺，超過人體可以承受處理的劑量，會產生中毒的情況。每天服用大量生硫磺，也大幅提升吞食過多雜質的可能性。以中醫的角度而言，生硫磺為極熱的中藥材，也是通利水道的要藥。然而，沒有深入了解病人問題的癥結，使用的時機或劑量不對，生硫磺的熱不但無法被人體受用，反而造成更多的問題。</p>\n<p>換句話說，問題不在生硫磺，而在那些宣傳及聽信亂服用生硫磺，以及那些胡亂攻擊生硫磺的人們。倪海厦、張錫純等大醫對生硫磺的正面評價，是正確的，不但沒有違反現代科學，反而為現代科學證實及支持。有心人士，藉由炒作生硫磺的正反面來提升流量及斂財，可憐的是那些無知的群眾。不過，可憐的人必有可恨之處，可恨的地方是，正確的醫學資訊很容易查詢到，為什麼自己不好好研究了解，偏偏要聽信那些不學無術的網紅！</p>",
  "article_time": "2024年04月17日 16:56",
  "comments": [
    {
      "id": "6bcdbe21d1431b0179f22ad3cf372f41",
      "author": "756786867",
      "time": "2024年04月17日 18:42",
      "content": "<p>都是不懂中药的人在管理；在那里教导宣传；现在便利药房这也没有那也没有，要么就是这不卖那不卖；不然全是炙过的卖给你。吴茱萸有毒不能卖超过10g，细辛有不能卖多………..也侧面说明国家医学教导层问题。可惜了，我们国家或许是有高明且享誉闻名的大医。但在乱象丛生的中医环境中却并没有一位有心医家为普罗大众传树立播最基本的医药理念。反而是那些网红在哪里杂七杂八的混淆群众。古代大医家之所以能流传千古，更多的一点是他人虽然走了但其医学作品却留存世庇护后人。相信若干年后倪海厦老师也能够像古代先贤那般被世人爱戴。世间神医常有，医德高尚者少有，为大群众作为者少有，技高不传者多有。<br/>\n      宗恩老师品行高风亮节，医技更是超然绝群，却还愿意百般无厌的回答各大网友疑难杂问，无私予教。多次不厌其烦重复去纠正错误医药理念。宣扬中医尽心尽力不曾断更，足见老师多年如一日，不忘初心。</p>",
      "level": 0,
      "highlight": false,
      "children": [
        {
          "id": "cbec78901608a7c333f9a3e4becce9c8",
          "author": "7788",
          "time": "2024年04月21日 17:39",
          "content": "<p>说的非常好！一针见血！国内的医药卫生系统出了问题，幸好网站是国外的，不然早就看不到正面的正确的解释和真相了！有一个专门转载倪师的网页的网站，没几天就被屏蔽了https://www.hantang.org.cn/，打不开。说明了宣传中医还是需要有智慧的，在西医为主流的体制内，中医的路还是任重道远！</p>",
          "level": 1,
          "highlight": false,
          "children": [
            {
              "id": "3079fc2a90e5df97d23b1ee26e1bde3b",
              "author": "756786867",
              "time": "2024年04月22日 04:47",
              "content": "<p>国内那些医学生学习到出师好大几年，连一个简单胃病治不好，拿着西医检查报告也跟着西医走。国内中医学院才是最大的误国子弟。</p>",
              "level": 2,
              "highlight": false,
              "children": []
            }
          ]
        },
        {
          "id": "11c055429c768395adec50c8ef648062",
          "author": "李宗恩",
          "time": "2024年04月22日 13:21",
          "content": "<p>謝謝你的支持及鼓勵。</p>",
          "level": 1,
          "highlight": true,
          "children": [
            {
              "id": "33f482292a06862df86b1084f661251e",
              "author": "闫玉菲",
              "time": "2024年04月23日 13:18",
              "content": "<p>李博士你好，我服用石硫磺两个多月，每天服用三克左右，4月20来月经，就没有服用石硫磺，4月22日晚上开始右肾区隐隐作痛，不敢大吸气，大吸气就会痛，。呼气不痛。这是怎么回事啊，月经期第5天，量很少。月经量很少是不是毛病啊？今天第5天了，基本没有了。今天也是痛，主要是酸痛，这是怎么回事啊？17到19点加重的痛晚上睡觉都不敢翻身，也不敢大吸气，我也一直没去医院，也不敢去，希望能得到你的帮助</p>",
              "level": 2,
              "highlight": false,
              "children": [
                {
                  "id": "ab0d443c5ea563dd21f4363f046add17",
                  "author": "李宗恩",
                  "time": "2024年04月23日 16:27",
                  "content": "<p>我不在網頁針對個案一一討論。你自己服用硫磺，是很不智的行為。</p>",
                  "level": 3,
                  "highlight": true,
                  "children": [
                    {
                      "id": "bce35d749a5324f878b7cb7c78d3e387",
                      "author": "闫玉菲",
                      "time": "2024年04月23日 17:30",
                      "content": "<p>谢谢您的回复，您什么时候能开个抖音号，这样我们就能跟着您学习了</p>",
                      "level": 4,
                      "highlight": false,
                      "children": []
                    },
                    {
                      "id": "0662301b72fb96a9edfef5dc74282de0",
                      "author": "闫玉菲",
                      "time": "2024年04月23日 17:31",
                      "content": "<p>谢谢您，好期待您能开个抖音号，这样我们就能跟着您学习了</p>",
                      "level": 4,
                      "highlight": false,
                      "children": []
                    }
                  ]
                }
              ]
            }
          ]
        }
      ]
    },
    {
      "id": "ded618c414d388abcdb21f61877eeb87",
      "author": "已忘言",
      "time": "2024年04月17日 19:38",
      "content": "<p>世人无知，却要中医和倪老师来背负这个骂名，真是可恨！</p>",
      "level": 0,
      "highlight": false,
      "children": []
    },
    {
      "id": "9464d12199299e982cc3a93a69698ac4",
      "author": "钱学文",
      "time": "2024年04月17日 20:12",
      "content": "<p>李博士你好，网上购买炮附子青盐刷牙粉，使用时牙龈很辣很麻，甚至有灼伤流血的现象，请问是正常现象吗？</p>",
      "level": 0,
      "highlight": false,
      "children": [
        {
          "id": "159f27ab38f8ae922747ef9fea83ddd7",
          "author": "依叶尘",
          "time": "2024年04月18日 17:29",
          "content": "<p>灼伤流血已经很不正常了吧，更何况网上很多是借倪老师“所受之渔”来敛财的，就跟茜草生地膏一样，我当时还特意买过来看。这种粉剂，膏剂恐怕还得自己做功课，不然很可能买到科技与狠活。宗恩老师应该提到过，忘了在哪了。</p>",
          "level": 1,
          "highlight": false,
          "children": []
        },
        {
          "id": "9a2a03360b38770aeb7c12f561d4c596",
          "author": "756786867",
          "time": "2024年04月19日 05:57",
          "content": "<p>有灼热感我也是一样。有出血的话可能是本身存在牙龈问题，或者兼有上火。</p>",
          "level": 1,
          "highlight": false,
          "children": []
        },
        {
          "id": "92f572bb041562566f3c66d61a0beb32",
          "author": "123",
          "time": "2024年04月22日 03:17",
          "content": "<p>已经是副作用了，建议你停用先</p>",
          "level": 1,
          "highlight": false,
          "children": []
        },
        {
          "id": "fe44e7545f37710151b71eb6b762e880",
          "author": "李宗恩",
          "time": "2024年04月22日 13:22",
          "content": "<p>不是。</p>",
          "level": 1,
          "highlight": true,
          "children": []
        },
        {
          "id": "614d6189c20d7edd2a388233b689e2ed",
          "author": "赵文龙",
          "time": "2024年08月29日 23:04",
          "content": "<p>我倒是用了半年多的这个刷牙，除了有时咸点，麻点，没有其他症状。</p>",
          "level": 1,
          "highlight": false,
          "children": []
        }
      ]
    },
    {
      "id": "30ba51546801f39b6164e93665baff96",
      "author": "送你座帆船",
      "time": "2024年04月17日 20:33",
      "content": "<p>老师，假设在分消汤的基础上加一些麻黄会不会让湿利的更快</p>",
      "level": 0,
      "highlight": false,
      "children": [
        {
          "id": "82526c277dfe0a5c214d80fc20a60338",
          "author": "李梁",
          "time": "2024年04月18日 12:54",
          "content": "<p>你的想法很奇特，总是抓着某位药材的药性去做文章，建议你好好把中医生理病理学弄透彻，分消汤的背后的生理病学一套下来你搞清楚就不会这么问了！</p>",
          "level": 1,
          "highlight": false,
          "children": [
            {
              "id": "210682ac2eea14c90f797826e3e0637c",
              "author": "送你座帆船",
              "time": "2024年04月19日 10:56",
              "content": "<p>分消汤的主要功能宽肠利湿，加一些麻黄发胸阳也没有错啊，那么你来告诉我一下分消汤背后到底是什么个生理病理学？</p>",
              "level": 2,
              "highlight": false,
              "children": []
            },
            {
              "id": "c82af00e3385d8024e139bc34b7b6659",
              "author": "送你座帆船",
              "time": "2024年04月19日 11:18",
              "content": "<p>胀满脉弦，脾制于肝；洪数热胀，迟弱阴寒；浮为虚胀，紧则中实；浮大者生，虚小危急。夫胀者，由脾胃之气虚弱，不能运化精微而致水谷聚而不散，故成胀也。然饮食失节，不能调养则清气下降，浊气填满胸腹，湿热相蒸，遂成胀满。这是原文以下是我的理解:是由于肝家实症克脾土导致运化失常，又长期吃湿重的东西，导致腹水。分消汤里有利水，行气的药，健脾的药，我在其中加入麻黄，我的目的不是发汗，只是发胸阳，又云肺主通调水道，在病人肺气未虚时加入麻黄不是更好排水吗？</p>",
              "level": 2,
              "highlight": false,
              "children": [
                {
                  "id": "2c8f817435c5200b4f784937421fa372",
                  "author": "756786867",
                  "time": "2024年04月20日 05:36",
                  "content": "<p>阳不是什么场景都能随便发的；</p>",
                  "level": 3,
                  "highlight": false,
                  "children": [
                    {
                      "id": "4ab39d0f5abc74321d44499b381d0f71",
                      "author": "送你座帆船",
                      "time": "2024年04月20日 12:54",
                      "content": "<p>那请你解释为什么肝家实证导致的脾虚利水为什么不能发阳</p>",
                      "level": 4,
                      "highlight": false,
                      "children": []
                    },
                    {
                      "id": "38cec979f2fa62bcfbb2a5d11b07d8b7",
                      "author": "756786867",
                      "time": "2024年04月20日 20:43",
                      "content": "<p>这个我倒解释不了，我没有尝试过实践，不做纸上谈兵，不自大给谁建议。你要问我个人的话；我是认为腹水出现不一定先是分消汤，也不一定先急着去发阳，顺序很重要懂得随机应变。</p>",
                      "level": 4,
                      "highlight": false,
                      "children": []
                    }
                  ]
                }
              ]
            }
          ]
        },
        {
          "id": "9b0a52c8228f6295a53d54c81b5ea189",
          "author": "李宗恩",
          "time": "2024年04月22日 13:23",
          "content": "<p>不知道你在問什麼，連病人情況都不清楚，如果知道麻黃是好還是壞。</p>",
          "level": 1,
          "highlight": true,
          "children": [
            {
              "id": "13678a4e6a3970ac03cd38c6b158cc74",
              "author": "送你座帆船",
              "time": "2024年04月30日 10:13",
              "content": "<p>非常抱歉，现在回过头来看到这个想法感觉自己在说废话，如果遇到一个正气未虚的人根本就不需要分消汤了，可以直接攻邪，谢谢指导</p>",
              "level": 2,
              "highlight": false,
              "children": []
            }
          ]
        }
      ]
    },
    {
      "id": "0bbcb2716400de8d6e1db6dd768eb16a",
      "author": "柴胡",
      "time": "2024年04月17日 21:54",
      "content": "<p>我想请教李博士关于茯苓杏仁甘草汤的问题。①杏仁在这张方子中起到什么作用，既然是利心脏周围积水，心包积液，那杏仁是干嘛的。②既然是利水，为什么还要甘草呢？甘草不是蓄水不会缓吗？</p>",
      "level": 0,
      "highlight": false,
      "children": [
        {
          "id": "073af2586d368b70e47b12c82afa28ef",
          "author": "李梁",
          "time": "2024年04月18日 12:48",
          "content": "<p>茯苓杏仁甘草汤的条文是什么？胸痹，胸中气塞，短气，茯苓杏仁甘草汤主之！杏仁能够平喘下气润肺，茯苓祛水！至于你说的纠结甘草蓄水问题，之前李宗恩老师有过类似的解答！宗恩老师临床用的还是炙甘草偏多，一方面有强心的作用！</p>",
          "level": 1,
          "highlight": false,
          "children": []
        },
        {
          "id": "47c4571c740086a606079a8fcf6bde9a",
          "author": "李宗恩",
          "time": "2024年04月22日 13:30",
          "content": "<p>你這樣問，等於是硬拿方劑來對應病名。宋本金匱要略原文寫：「胸痹，胸中氣塞，短氣，茯苓杏仁甘草湯主之」，胸痹、胸中氣塞、短氣不代表就是心包積液等等，研究古書條文時，應該反過來，去了解茯苓、杏仁、甘草分別對人體有什麼作用，因而對那種情況的胸痹、胸中氣塞、短氣有幫助</p>",
          "level": 1,
          "highlight": true,
          "children": [
            {
              "id": "f66c592005e03219ec56da6ea3d6e44a",
              "author": "霍一尘",
              "time": "2024年05月03日 07:30",
              "content": "<p>李师一句话，打开了学习思路。</p>",
              "level": 2,
              "highlight": false,
              "children": []
            },
            {
              "id": "a39de352481bfa46604d7a650cc0eeda",
              "author": "霍一尘",
              "time": "2024年05月03日 07:37",
              "content": "<p>病有变，身体机能不变，症状不同，药性不变。明药察症绝佳法门。终明倪师…</p>",
              "level": 2,
              "highlight": false,
              "children": []
            }
          ]
        }
      ]
    },
    {
      "id": "030af8c3b1e72f766cb768f3215e0d33",
      "author": "厦门人",
      "time": "2024年04月18日 12:40",
      "content": "<p>可恨的地方就是没脑子乱信 脑瘫无救</p>",
      "level": 0,
      "highlight": false,
      "children": []
    },
    {
      "id": "cba5ac956ed34f70c62eb27edebbfb7c",
      "author": "暗香疏影",
      "time": "2024年04月18日 01:01",
      "content": "<p>请教李博士服用小建中汤的变证：尿频、夜里盗汗，是因为加速了血液循环导致表虚不固吗？是应该桂枝龙骨牡蛎汤还是桂枝汤加附子去对治？谢谢！</p>",
      "level": 0,
      "highlight": false,
      "children": []
    },
    {
      "id": "b5c8b87e0772835d4980df2bbf4355de",
      "author": "李梁",
      "time": "2024年04月18日 11:48",
      "content": "<p>宗恩老师，随着越来越往后去，夏季即将来临，大陆内地一直都流行三伏天晒背来补充人体阳气，祛除体内是些湿邪的说法！虽然太阳为至阳至刚的代表，的确能够帮助人体祛除寒湿之邪，但是我觉得还是有些需注意的地方！拿我举例吧，在我前些年刚入门中医的时候，什么都不懂，就只知道体内有湿气就要晒太阳，可是不知道自己的身体不仅仅是简单有些湿家这一道门，其他的脏腑都有问题！导致整个夏天一晒背皮肤就出现皮疹，而且出现一个有意思的现象就是虽然晒了一段时间，肚子的寒凉略有减轻，但是晚上睡觉会出现身热，同时有心慌的表现！其实后面出现的这些问题，只是在晒太阳后被放大了而已！本身也是有这些问题存在！其实现在一看就知道心肝脾肺肾都有点问题(尤其是肝脾肾）通俗一点讲本身就已经是阴损及阳了的状态。晒太阳可以没有错，错在你得知道你现在的平衡点跟晒太阳所需要跟你带来的负方向以及如何拉高其他的平衡点的位置来尽可能降低晒太阳跟你带来的负面影响，这样你才能有晒对✓太阳的方法！而不是愚昧无知到一晒整天甚至不补充水分这样的所谓心理来能猛祛除湿家直到晒热肚子的愚蠢想法！这一点我谈的就是跟现在宗恩老师说的乱服用生硫磺其实就是一个道理，而且这个事情就是最近才在大陆发生！实属可悲！我想但凡能够沉下心来多学学倪海厦老师的完整视频，完整医疗案例，多自己揣摩一下背后的整个生理病学，也不至于会弄出这么一个荒唐的笑话！甚至现在大陆开始用附子硫磺敢不敢用，是否用的大剂量来评价一个中医师的功底，实属是大陆中医的可悲可叹！最后结尾处，敢请宗恩老师您来谈谈三伏天晒背您的看法</p>",
      "level": 0,
      "highlight": false,
      "children": []
    },
    {
      "id": "4174fd0a02cfc57b5ee7a37acc3479b8",
      "author": "李梁",
      "time": "2024年04月18日 12:25",
      "content": "<p>有感而发，还是要非常感谢宗恩老师您在我自学中医为自己看病的的过程中起着至关重要的引路人的作用！从以前的看倪海厦老师跟您的视频文章片段套方剂连连看胡乱对症开药，吃几十个方剂都没用，到现在自己主动寻求整体辩证思路，自己起码对自己能够做到药到心中有！如何起手，如何选择合适的切入点，如何能知道自己该服用的药即使是好了些，但是只是为了让我做一个过渡使用，好让我做准备打开更深的门！如何服用了我会出现负面的影响但是却不太担心的能力！虽然现在做不到能够有非常perfecy，(因为自我认知还有两扇门只能打开7成！)但是起码目前的身体状态看来跟之前的方剂连连看对比，效果要强百倍！而且也有西医数据证明！这里我就不拿我自己病情一一细说了，毕竟宗恩老师也不在这里讨论个人问诊问题。到总之一句话，宗恩老师让我知道了学习中医知识的神而不是形的关键所在！感恩您！</p>",
      "level": 0,
      "highlight": false,
      "children": [
        {
          "id": "81ae8da927909fc2284d8b00378eaf9b",
          "author": "一壶酒",
          "time": "2024年04月18日 16:36",
          "content": "<p>你学中医多少年了？</p>",
          "level": 1,
          "highlight": false,
          "children": [
            {
              "id": "56fc1fd465d283c94597819a4c15702b",
              "author": "李梁",
              "time": "2024年04月19日 02:08",
              "content": "<p>倘若从接触到现在也仅有四五年了，但是从真正刚入门到现在也只有仅仅两年不到的时间，然而这并不是很重要！我的初衷就是寻求自保，治好自己的同时能为身边的亲朋好友解决不太严重的小毛病做到防患于未然，至少目前来看取得了非常不错的成绩相对于过去，当然还是有些许不足未能打破的地方需要我去反复领悟！</p>",
              "level": 2,
              "highlight": false,
              "children": []
            }
          ]
        }
      ]
    },
    {
      "id": "24d6e933770e0e02ec2ac609b87bdf87",
      "author": "已忘言",
      "time": "2024年04月18日 17:02",
      "content": "<p>李医师，请问您知道哪些以英文来介绍中医的书籍么?想了解一下外国人是如何看待中医</p>",
      "level": 0,
      "highlight": false,
      "children": [
        {
          "id": "46d407f5dcb961ea2495278ff7a42d47",
          "author": "李宗恩",
          "time": "2024年04月22日 13:32",
          "content": "<p>沒有看到滿意的英文中醫書籍。</p>",
          "level": 1,
          "highlight": true,
          "children": []
        }
      ]
    },
    {
      "id": "a7577bc4d475c66c2c78e7c598ba09be",
      "author": "杭州光明",
      "time": "2024年04月18日 18:29",
      "content": "<p>请教李博士，人体在发烧的时候是自身免疫系统在工作，怎么去判断退热的最佳时机？谢谢</p>",
      "level": 0,
      "highlight": false,
      "children": [
        {
          "id": "5e569ec6c67c3d889562428cdbac6741",
          "author": "小宇宙",
          "time": "2024年04月20日 01:35",
          "content": "<p>仅仅是探讨啊，对不对还是需要李师来指正。发烧是人体免疫系统主动发起的行为，其目的可能是要通过发热，打开皮肤，通过汗水把病毒排出体外，排毒完成，体温自然恢复正常。如查没有排干净，则会出现反复发烧的情况。能够发烧，说明身体状况还不错，还有能量。桂汁汤，麻黄汤，葛根汤的目的都是帮助身体完成这一过程的药方。退热是结果，不能做为治疗手段，如果直接退烧，很可能将病毒压进身体里边，到哪哪出问题，到肺里就成肺炎。</p>",
          "level": 1,
          "highlight": false,
          "children": []
        },
        {
          "id": "93a3728c950acd55c515d3f3541560f3",
          "author": "李宗恩",
          "time": "2024年04月22日 13:33",
          "content": "<p>病人因為發燒不適而產生許多問題時。</p>",
          "level": 1,
          "highlight": true,
          "children": [
            {
              "id": "2a25a59d48ea0e78f7cc847d945b1701",
              "author": "杭州光明",
              "time": "2024年04月22日 21:01",
              "content": "<p>好的好的，谢李博士</p>",
              "level": 2,
              "highlight": false,
              "children": []
            }
          ]
        }
      ]
    },
    {
      "id": "5dc25ec9710e8cad5cfaf9596f0975fe",
      "author": "古怨",
      "time": "2024年04月19日 01:18",
      "content": "<p>李医生，您好，请问湖南有厉害的中医医生吗？</p>",
      "level": 0,
      "highlight": false,
      "children": [
        {
          "id": "da22894cfb62ac2d4cf73e07c9e1e578",
          "author": "李宗恩",
          "time": "2024年04月22日 13:35",
          "content": "<p>不知道。</p>",
          "level": 1,
          "highlight": true,
          "children": []
        }
      ]
    },
    {
      "id": "b3493574a2904efbd4461ba4850a6b17",
      "author": "平平淡淡",
      "time": "2024年04月19日 02:43",
      "content": "<p>李医师您好，晚上1点到3点是肝 这个时间睡不着可能肝有问题，请问3点30或3点45是算3点呢还是算4点，谢谢</p>",
      "level": 0,
      "highlight": false,
      "children": [
        {
          "id": "f9353329d771b5625e56df7c2b3866e6",
          "author": "李宗恩",
          "time": "2024年04月22日 14:51",
          "content": "<p>都是關聯性，不是一定，既然是關聯性，在考慮時，也就會前後都考慮。</p>",
          "level": 1,
          "highlight": true,
          "children": []
        }
      ]
    },
    {
      "id": "40e2a6cffc6d36a92fd5c1a68e86c0ce",
      "author": "756786867",
      "time": "2024年04月19日 05:54",
      "content": "<p>老师我们在问病人口渴想喝冷的热的是在确定其人胃中以及中焦的温度吗?</p>",
      "level": 0,
      "highlight": false,
      "children": [
        {
          "id": "5d5b804cefae908b06909812eddb7b95",
          "author": "李梁",
          "time": "2024年04月20日 12:15",
          "content": "<p>那你见过明明吃点东西就拉肚子，稍微晒点太阳就感觉肚子这一块就是冰的，但却喜欢大口喝冰水的人吗？单一的症状只能提供一定的线索价值，不能拿来直接判断！</p>",
          "level": 1,
          "highlight": false,
          "children": []
        },
        {
          "id": "7c5d99bed82340d059d12fa76c1f9e92",
          "author": "李宗恩",
          "time": "2024年04月22日 14:53",
          "content": "<p>還有其他許多考量。</p>",
          "level": 1,
          "highlight": true,
          "children": []
        }
      ]
    },
    {
      "id": "135d1fef0e1a89312ec032773ff504fc",
      "author": "公孙先生",
      "time": "2024年04月19日 08:18",
      "content": "<p>李医生您好！请教您一个经验性问题。<br/>\n您之前说过，当一座冰山挡在前面的时候，如果强行用大热的药猛攻就可能发生自求多福的不好情况发生。<br/>\n像石硫磺，生附子、乌头这类大热药在治疗寒症状尤其是关节炎，即便不用超量，会不会发生像您在治疗妥瑞症和癫痫时，痰饮被带出导致病情先加重再减轻的情况，也就是关节中积累的寒湿被带出导致关节炎发作更明显和频繁。</p>",
      "level": 0,
      "highlight": false,
      "children": [
        {
          "id": "cce3d3e98bb9039887bc7a098fead333",
          "author": "李宗恩",
          "time": "2024年04月22日 15:30",
          "content": "<p>偶而會遇到這樣的情況，但得分清楚是好的反應還是壞的反應。</p>",
          "level": 1,
          "highlight": true,
          "children": []
        }
      ]
    },
    {
      "id": "c1865eeece7cb295ca77e60bf691aaeb",
      "author": "小宇宙",
      "time": "2024年04月19日 23:19",
      "content": "<p>您好李师，这次贪心一点，请教三个问题：<br/>\n1.关于治疗小儿尿床，龙骨、牡蛎组合和炮附子，如何选择和考量。<br/>\n2.倪师视频中讲过，醒来后喝杯冷水，对胃有好处，但看曾仕强老先生的视频，讲醒后不能喝冷水，二者茅盾吗？从大家的评论看，很多人对此也产生了疑惑。<br/>\n3.关于中医所讲的“湿”，每本书讲的都不一样，似是而非。它是一种病菌，还是体内无法排出的陈水亦或是其它？能明确的定义吗。<br/>\n感谢李师。</p>",
      "level": 0,
      "highlight": false,
      "children": [
        {
          "id": "584ce56ff2fc3bbd226611046628fe41",
          "author": "李宗恩",
          "time": "2024年04月22日 15:33",
          "content": "<p>（1）不是小兒夜尿就用龍骨、牡蠣、炮附子，你這樣是症狀連連看，不是辨證論治（2）倪老師指的是身體健康的正常人，身體虛弱的人，一早起床當然不適合和冷水（3）濕，指的是應該代謝處理掉卻沒有處理掉的物質。你應該先研讀網頁上的文章，這些以前都有解釋過。</p>",
          "level": 1,
          "highlight": true,
          "children": []
        }
      ]
    },
    {
      "id": "9eed0419a565fc1aea5e64abe0a2fee2",
      "author": "小吴",
      "time": "2024年04月20日 02:26",
      "content": "<p>李博士您好，最近看完了倪海厦老师推荐的《救命饮食》两部。想知道您对牛奶的看法如何？以及素食对人体和疾病的好处是否像书中所说如此之大？此网站上好像没有具体论述。</p>",
      "level": 0,
      "highlight": false,
      "children": [
        {
          "id": "19484700302c18c79f393a6f512d3f82",
          "author": "李宗恩",
          "time": "2024年04月22日 15:37",
          "content": "<p>牛奶的問題，以前討論很多，新書也有一整章來討論。人類身體還沒有進化到百分之百適合全素，換言之，全素不一定對健康比較好。</p>",
          "level": 1,
          "highlight": true,
          "children": []
        }
      ]
    },
    {
      "id": "a5a8c054a90c874195a112591e9b9cc3",
      "author": "吴振鹏",
      "time": "2024年04月20日 16:40",
      "content": "<p>谢谢李医师指点，想进一步问一下，您诊所使用的中国内地中药材是哪一家企业供货，像我们普通的中国老百姓是否也可以买到？</p>",
      "level": 0,
      "highlight": false,
      "children": [
        {
          "id": "671a91c98f98132c358f4dffab30cc81",
          "author": "李宗恩",
          "time": "2024年04月22日 15:37",
          "content": "<p>幾家進口商負責的，我們不清楚。</p>",
          "level": 1,
          "highlight": true,
          "children": []
        }
      ]
    },
    {
      "id": "32ef983ce823d016c885e56ce41ce894",
      "author": "知守",
      "time": "2024年04月20日 19:03",
      "content": "<p>转载该视频下一个评论<br/>\n【144、倪海厦解读中药【石硫磺】-哔哩哔哩】 <a href=\"https://b23.tv/aOM5Le3\" rel=\"nofollow ugc\">https://b23.tv/aOM5Le3</a></p>\n<p>最近生吃硫磺中毒白血病去世的那个新闻影响很大。说说自己的观点。<br/>\n倪海厦老师的东西，本人主要学习的天纪，人纪学的不多，对于中药这部分了解不深，但是我觉得很多人现在钻出来要把倪师的东西一棒子打死也不对，倪海厦对于硫磺的论述，大概是有两个片段的，其中一个片段半开玩笑讲说硫磺可以吃两颗，是无毒的，还有一个视频片段里讲的比较详细，论述了硫磺分类，有一类是剧毒，有一类可以吃，但需要防止过量中毒，若中毒要用鸭肉解毒之类的。。。<br/>\n本人觉得，是药三分毒，这句话一定要记住，还有各位不清楚倪师讲课风格的话极容易被误解，倪海厦讲中医有些时候讲的很简单，很简洁，很多东西跟他实际运用的时候不一样的，比如他的弟子李宗恩跟随倪海厦跟诊很多年，倪师用生附子每次不会超过9g，但是倪师教学视频里把生附子讲的很随便用一样，这是倪师讲课风格所致，另外如果你看过比较长的片段，你会发现倪师在讲生硫磺之前就讲过硫磺的毒比生附子还要毒很多！！！各位，生附子已经很毒了，倪师实际使用不会随便超过9g，比生附子还要毒的生硫磺，倪海厦实际运用的时候会不谨慎吗？！<br/>\n况且哪位仁兄竟然当成保健品一样每天一大勺的生吃！！！<br/>\n    所以，这起悲剧的原因一是因为现在短视频的断章取义，大量过于简短的视频误导了人，二是倪海厦本人讲中医风格过于简洁导致这起祸根在倪师本人去世十二年后竟然发生。。。<br/>\n       最后再讲一遍，倪师的讲课和他本人的实际治病用药和剂量是不一样的，比如温病派的方子，倪海厦讲中医对温病派批判的重，可是他的弟子说过他本人的经方里也有用温病派的方子治病的，听他讲课视频讲的很轻松，那是为了破除很多人对于某些药物的偏见（比如温病派完全不敢用附子），，，但是也因此种下了误导别人的祸根。。。<br/>\n只能说可悲，可叹！</p>",
      "level": 0,
      "highlight": false,
      "children": []
    },
    {
      "id": "f7953284b3ed04fb741bcb72c0665de1",
      "author": "知守",
      "time": "2024年04月20日 19:10",
      "content": "<p>另外这个评论我觉得也蛮有意思的，也是那个视频下的<br/>\nε(*･ω･)_/ﾟ:･☆</p>\n<p>“神医”谬论杀人不见血，还是远离吧！</p>\n<p>倪海厦：“实际上硫磺并没有什么毒，我常常有时候没事拿几颗生硫磺来吃，我都是叫诊所，把那石硫磺包到胶囊里面，因为不好吞嘛，那个泥巴，泥土，怎么好吞呢，然后包到胶囊里面，没事丢两个嘴巴里面吞下去，壮壮里阳，这个硫磺在临床上的应用，就是能够去阴寒的地方，非常阴的地方，能够到无所不达，硫磺能够到头部去，为什么，硫磺那个火山喷发的时候，那个熔岩都喷到顶上，那石硫磺按照本草里面，它是天地之间至刚至阳的药。”</p>\n<p>倪海厦：“说石硫磺有大毒你们不能吃，实际上硫磺毒性很少，几乎没有什么毒，所以你可以拿硫磺来吞到口里面吃，以后我们出去玩，带些石硫磺胶囊啊，放在身上，丢进去吃，没事吃几个壮阳，然后阳气会很旺啊，像我们到北方去，那个零下10摄氏度啊，我就穿件短衣服一个外套就出去，就是吃硫磺嘛，阳气很盛。。。我们有热性的体质和寒性的体质，热性的体质呢，如果伤口有病的话，自己恢复的会很快，寒性的体质就会比较慢，所以如果你实在没有办法，做得阴阳非常平衡的状态下，宁可热也不要冷。。。”</p>\n<p>《本草蒙筌》：“至阳之精。。。中病便已，过剂不宜。”<br/>\n《本草求真》：“必制造得宜，始可以服，余用法制。”<br/>\n内服需研末，1.5-3克，入丸散剂。内服中毒量为10-20克。因本药为有毒之品，故内服宜掌握在5克之内，宜选用制硫磺并注意炮制，以免引起砷中毒。（中医药学高级丛书）中药学 第2版</p>\n<p>倪海厦的以下说法有对的吗？：“生硫磺无毒壮阳没事就吃；厨房的油烟不会导致肺癌；撞背养心；咖啡是强酸，喝咖啡会引起胰脏癌；狂犬病以及所有毒都可以艾灸加姜治好；味精不能吃；月经是奶水；男的有日经，红斑狼疮是精子残渣；艾滋病不吃药就能好，都是的西药副作用；精练糖因为小 所以细菌可以食用；吃维生素致癌；玉米是蜘蛛转基因的；西药无一不毒，西药只有牙科应该存在；不要检查身体，癌症不切他就没事；糖尿病打胰岛素就是把糖压脚下了；胆固醇高不要降，胆固醇低诱发癌症；心脏不好洗个冷水澡；疫苗致病毒变异别打；乳癌别手术；心脏决定胖瘦，胖子短命；早起一杯冷水永不得胃病；抽烟不会得肺癌，会伤肝；水果浮在水上的无毒，沉则有毒；睡觉五小时以上者愚笨；补钙喝骨头汤别吃钙片；根据第一胎的头旋方向可以预测第二胎的性别；中风或者脑溢血，用患者头发烧成灰吹到耳朵里就能治好；血太浓故口渴要吃甜的化解；奶水停积化脓就是乳癌。”</p>",
      "level": 0,
      "highlight": false,
      "children": [
        {
          "id": "0e922112d49d2815ee708b5d451162c8",
          "author": "送你座帆船",
          "time": "2024年04月21日 03:20",
          "content": "<p>倪海厦老师，说的确实是有一些武断，你从表面听你觉得是这样，拿你说的奶水停积化脓就是乳癌，外行人听起来是这样，但是中医内行他就会思考会反推，为什么奶水会停积，因为心肺功能不足，心不能把奶水下行到小肠，肺虚不能把奶水排出变成母乳，然后久而久之停在乳房里，没有排出这种又是高营养的东西会滋养病原体，然后结块，结块之后去做乳房的检查不管是乳腺钳还是活检都会让病人的病情加重，学倪海厦老师的东西要学会反推思考的。</p>",
          "level": 1,
          "highlight": false,
          "children": []
        },
        {
          "id": "7360deb1fd850a1a6f66a1b66236f621",
          "author": "756786867",
          "time": "2024年04月22日 05:01",
          "content": "<p>你带点基本常识看待。任何人说的话不是绝对。</p>",
          "level": 1,
          "highlight": false,
          "children": []
        }
      ]
    },
    {
      "id": "ca313bdfa5c7b62d68f0ffc745d6f358",
      "author": "如一",
      "time": "2024年04月20日 23:18",
      "content": "<p>李老师，您之前在美国工程师协会做的中医教学，有提到眼睛内侧有痰样是心包积痰，外侧有痰样是肺部有痰饮，褐点是肺部肿块，淤积或者癌症，请问内侧是指靠近山根或者内眦的地方吗，痰样是指有白色或者其他颜色的点状东西吗或者混浊的带状不规则物质？</p>",
      "level": 0,
      "highlight": false,
      "children": [
        {
          "id": "526b58edc29e8785ac8896fb10a0b4f6",
          "author": "李宗恩",
          "time": "2024年04月22日 15:44",
          "content": "<p>内侧當然指的是靠近人體中間線。痰飲這裡泛指不該出現的濁物。</p>",
          "level": 1,
          "highlight": true,
          "children": [
            {
              "id": "1df2895190daf86c0dc375f51ae19369",
              "author": "Ashley",
              "time": "2024年04月22日 18:32",
              "content": "<p>李醫師您好，那若是黑眼球內側和外側沒有痰漾，卻有嚴重的血絲，這樣的情況是和什麼有相關性呢？</p>",
              "level": 2,
              "highlight": false,
              "children": [
                {
                  "id": "670f429dda1f35cc842094cd062c0fc1",
                  "author": "李宗恩",
                  "time": "2024年04月23日 16:17",
                  "content": "<p>很多原因可以造成眼球有血絲，從外傷、眼壓過高、感染等等，所以，不是那麼直接。</p>",
                  "level": 3,
                  "highlight": true,
                  "children": []
                }
              ]
            }
          ]
        }
      ]
    },
    {
      "id": "c428e3760c6cf5ccb48a4fec2cc2b7e7",
      "author": "Joy",
      "time": "2024年04月21日 01:20",
      "content": "<p>请问李医生和各位网友，倪老师的书（和讲课视频对应）哪里有正版的卖吗？</p>",
      "level": 0,
      "highlight": false,
      "children": [
        {
          "id": "00ba4f4f5668fdaad93be0eb7a1eaf01",
          "author": "7788",
          "time": "2024年04月21日 17:22",
          "content": "<p>微信公众号：深圳汉唐</p>",
          "level": 1,
          "highlight": false,
          "children": [
            {
              "id": "a7b0329564e4178f73b2e540025bb534",
              "author": "Joy",
              "time": "2024年04月21日 20:44",
              "content": "<p>好的，谢谢您。</p>",
              "level": 2,
              "highlight": false,
              "children": []
            },
            {
              "id": "ab01d248596a22e5c381e39b7bbfe64d",
              "author": "邓文正",
              "time": "2024年04月21日 21:29",
              "content": "<p>正版不是已经卖完了吗？李医生很早之前就说过，凡是现在还打着买正版的旗号来卖的，无一例外全是骗子。而且及不建议去买那些二手正版，造假的成本太低了。</p>",
              "level": 2,
              "highlight": false,
              "children": []
            },
            {
              "id": "97d9a4edf630082c30c838f58da18cd8",
              "author": "ieitZYB",
              "time": "2024年04月22日 05:55",
              "content": "<p>不对吧。<br/>\n【腾讯文档】倪师-人纪-汉唐经方中医<br/>\n<a href=\"https://docs.qq.com/doc/DWkNwQ0F4RWd4UHJW\" rel=\"nofollow ugc\">https://docs.qq.com/doc/DWkNwQ0F4RWd4UHJW</a></p>",
              "level": 2,
              "highlight": false,
              "children": [
                {
                  "id": "2eb05a07a62495d2eccaf67c64ad3a67",
                  "author": "李宗恩",
                  "time": "2024年04月22日 15:54",
                  "content": "<p>倪老師開的深圳漢唐經方中醫診所，在老師過世後沒多久，就因為一些法律事情而關門了。</p>",
                  "level": 3,
                  "highlight": true,
                  "children": []
                }
              ]
            }
          ]
        },
        {
          "id": "2d76452776935943d2186c385fcd90ca",
          "author": "李宗恩",
          "time": "2024年04月22日 15:45",
          "content": "<p>那不是倪老師的書，是盜版者製作的。</p>",
          "level": 1,
          "highlight": true,
          "children": []
        },
        {
          "id": "dc95656a3dd82a653aaa68c15c9531fa",
          "author": "小木123",
          "time": "2024年05月17日 12:02",
          "content": "<p>微信，岐黄圣贤智慧，纯公益，提供倪师五部视频文稿，可自行打印！加入了，要好好学习，更要珍惜学习的机会！</p>",
          "level": 1,
          "highlight": false,
          "children": []
        }
      ]
    },
    {
      "id": "d5d8b44adc4bb65c58351cc716f2507a",
      "author": "756786867",
      "time": "2024年04月21日 07:51",
      "content": "<p>老师，附子更米汤是可以去到脾胃肠道外面的寒吗？</p>",
      "level": 0,
      "highlight": false,
      "children": [
        {
          "id": "23cb06afc8dcfb9537531be2f6220aac",
          "author": "李宗恩",
          "time": "2024年04月22日 15:45",
          "content": "<p>一般而言，可以。</p>",
          "level": 1,
          "highlight": true,
          "children": []
        }
      ]
    },
    {
      "id": "d81731ed0f4447fa275af52e35171e82",
      "author": "7788",
      "time": "2024年04月21日 17:20",
      "content": "<p>国内乱象。只要抨击西医的网页都会被屏蔽，西医资本的力量真的很强，需要国民的觉醒！</p>",
      "level": 0,
      "highlight": false,
      "children": []
    },
    {
      "id": "15c138fd86829436d4c7550de62627e7",
      "author": "三伏",
      "time": "2024年04月21日 23:05",
      "content": "<p>李医生你好，请问长期服用经方，比如半年，经方的药都是无毒性的。这样会对身体造成损害吗？</p>",
      "level": 0,
      "highlight": false,
      "children": [
        {
          "id": "04475084e486ed312848eabf0a1f1f67",
          "author": "李宗恩",
          "time": "2024年04月22日 15:48",
          "content": "<p>中藥材之所以能成為中藥材，是因為有偏性，用來治病。既然有偏性，沒事為什麼有服用？</p>",
          "level": 1,
          "highlight": true,
          "children": []
        }
      ]
    },
    {
      "id": "e471392770d4f0b901ceee2c147c96fe",
      "author": "哇哇",
      "time": "2024年04月21日 23:31",
      "content": "<p>李医生，你对最近同仁堂仁丹事件有什么看法呢</p>",
      "level": 0,
      "highlight": false,
      "children": [
        {
          "id": "0659d6990cfe1fca86f80fcd0f801e5e",
          "author": "李宗恩",
          "time": "2024年04月22日 15:49",
          "content": "<p>以前討論過丹鉛的問題，你可以在網頁上查詢。</p>",
          "level": 1,
          "highlight": true,
          "children": []
        }
      ]
    },
    {
      "id": "690476401786e68d9e051b479d6a3768",
      "author": "桔子树",
      "time": "2024年04月22日 04:21",
      "content": "<p>您好，李宗恩老师请问膝盖半月板磨损中医可以治愈吗？家属和家属的妈妈两个人都有这种状况，妈妈严重到走路都会痛，上下楼更是困难。西医就是做手术，我很希望他们能找中医看看，但是他们又不听，非要说中医治不好这种磨损。我是中医的热爱粉，希望您能帮我解答，我也好有权威的知识去劝劝他们，感谢～</p>",
      "level": 0,
      "highlight": false,
      "children": [
        {
          "id": "4c33890a0082e55764470cbdadf15ca0",
          "author": "李宗恩",
          "time": "2024年04月22日 15:52",
          "content": "<p>一般而言，可以治療到生活行動正常，不痛。但不能說是痊癒，半月板磨損後，很難完全修復。</p>",
          "level": 1,
          "highlight": true,
          "children": [
            {
              "id": "046811ae6f0baf39642bf043983268ae",
              "author": "桔子树",
              "time": "2024年04月22日 17:35",
              "content": "<p>请问可以治疗到适当运动（比如爬山，短跑）都不痛吗？</p>",
              "level": 2,
              "highlight": false,
              "children": [
                {
                  "id": "e9ae19e3c1dcfdd46de9e9500dbb2eff",
                  "author": "李宗恩",
                  "time": "2024年04月23日 16:14",
                  "content": "<p>每一個病人的情況不一樣。</p>",
                  "level": 3,
                  "highlight": true,
                  "children": []
                }
              ]
            }
          ]
        }
      ]
    },
    {
      "id": "05809231d5678c7b2c21e4b7467f145f",
      "author": "平平淡淡",
      "time": "2024年04月22日 19:28",
      "content": "<p>感谢李医师的回答，还有一个小问题本人以前都是白白净净的，自从2023年10月份就突然变黑尝试什么办法都没用，会不会是肾脏出了问题，看眼诊肾区有反应，眼袋有点黑，平时症状就是腰部不舒服酸软</p>",
      "level": 0,
      "highlight": false,
      "children": [
        {
          "id": "85635e0d9e16026637af29280c89d223",
          "author": "李宗恩",
          "time": "2024年04月23日 16:17",
          "content": "<p>我不在網上針對個案一一討論。</p>",
          "level": 1,
          "highlight": true,
          "children": []
        }
      ]
    },
    {
      "id": "f83528997f3bab48dc4e383a1410b76a",
      "author": "潇航",
      "time": "2024年04月22日 19:41",
      "content": "<p>李博士您在直播时说煮中药材的锅要买301以上的不锈钢锅且不含镍的，含镍的会与生硫磺产生不好的化学反应，我问了很多不锈钢锅卖家和厂商都说只要是不锈钢多多少少都会含镍，这个地方是李博士直播时口误还是中美标准不同的原因而导致的。如果煮的中药材中没有生硫磺是否不用考虑是否含镍的问题。李博士是否能在这个网页单独写一篇关于煮中药材选择锅具的文章。治病路上要尽量控制各种变量。望李博士能解答一下，谢谢。</p>",
      "level": 0,
      "highlight": false,
      "children": [
        {
          "id": "2e56af23fa63e60fd0735498e7d031ba",
          "author": "李宗恩",
          "time": "2024年04月23日 16:18",
          "content": "<p>高品質的不鏽鋼鍋即可。</p>",
          "level": 1,
          "highlight": true,
          "children": []
        },
        {
          "id": "ee1443486fd454e0693945b703c3746d",
          "author": "锦",
          "time": "2025年03月23日 20:08",
          "content": "<p>您好！看到消息可以联系下我吗？谢谢！我的邮箱13265590129@163.com</p>",
          "level": 1,
          "highlight": false,
          "children": []
        }
      ]
    },
    {
      "id": "e5a06e7b50824aef0f9d801b9a561f08",
      "author": "无名",
      "time": "2024年04月22日 20:56",
      "content": "<p>你好啊，李宗恩医生，有两个我思考了很久的问题：<br/>\n1.毒水可以跟蒸腾作用慢慢溶于地下水，最后摄入人体，我看了一下历史上被福弄得最惨的居里夫人的结局，在思考，白血病和再生障碍性贫血的核心是脊髓，而督脉和膀胱经在那里，有问题的水跟着经络走上去顺便一路杀死或者改变造血干细胞（元气），最后参与周身循环；其次是肿瘤，因为毒水的刺激下肿瘤频起。咱们是否可以这么试想，假如我们跟着六大健康标准，保持手脚温热和情志，工作上尽量少受伤，就可以最大程度降低水带来的伤害呢？来自环水凡人</p>\n<p>2.本人男，五年前大二时因为感情，所以抑郁，第一次吃了西药了以后睡不着便没再吃了，然后压力之中染上了不良爱好（手淫），同时也在那段时间长期出于浑浑噩噩的状态，持续三年晚上不是在愤怒就是在忧思的环境下长时间2-4点才睡得着，导了睡得快一点。但是问题在于后面出现了，长期记忆和短期记忆都没用的情况，哪怕是三年后慢慢从阴影走出来了，还是会经常出现丢三落四的情况。<br/>\n于2024年1月看了天纪，问题是识人不准，也就是这年到疾厄（凶）了，然后也是在23年11月就开始双腿疼痛，本来已经有点好转的记忆又开始变得不行了，不良活动一直都是断断续续的，直到现在已经1周半没弄了，头发半干半枯，目前已经让心态很平和了，然后看了李医生和人纪的很多视频，我也在试图把这几年的过往按照林大栋医生说的合成一副图，就像人类进化那样，但关于肾和脑的知识太少，而且网络上相关视频解决思路好的太少了，基本都是玩连连看，所以目前思路很迷，不知道从哪着手解决好，请问我的方向是做人（情志）还是身体（旧疾）呢？<br/>\n中医是个很活的体系，按照连连看的方法最后会沦为那些头痛医头的庸医一样，虽然我不是医生，但这个精神我不能丢！<br/>\n感谢李医生平时视频给我带来的全新思路，不胜感激（看不完啊，根本看不完），期待您的新书！！</p>",
      "level": 0,
      "highlight": false,
      "children": [
        {
          "id": "0a81cca94813ae6ccaeb4d2a678d8660",
          "author": "李宗恩",
          "time": "2024年04月23日 16:20",
          "content": "<p>我不在網上針對個案一一討論。</p>",
          "level": 1,
          "highlight": true,
          "children": []
        }
      ]
    },
    {
      "id": "8a9ebb212e981d2a3b1bb9353e823df6",
      "author": "潇航",
      "time": "2024年04月23日 04:50",
      "content": "<p>李博士您这个网页是有什么审核与敏感词吗？我上午问的不锈钢锅的问题。发送成功了，但是没看到信息是什么情况。算了再发一次好了，李博士您在直播时说煮药材用301以上不锈钢锅且不含镍的，镍会与生硫磺产生不好化学反应，我这边问了很多国内商家和厂家都说不锈钢锅多多少少都会含镍。这个部分是直播时口误还是国内外标准不同的原因又或者是其他原因。含镍的不锈钢锅对其他药材是否也有影响。望李博士您能解答一下或者能否单独写一篇关于煮药材锅具选择详细说明。谢谢。</p>",
      "level": 0,
      "highlight": false,
      "children": [
        {
          "id": "fe7c283734f9e1d27662643ddef284e6",
          "author": "李宗恩",
          "time": "2024年04月23日 16:25",
          "content": "<p>你的性子很急，留言沒幾個小時，就要求網頁管理員通過你的留言。</p>",
          "level": 1,
          "highlight": true,
          "children": [
            {
              "id": "7c7eadb9e7b93f7b27906fd746f5c554",
              "author": "潇航",
              "time": "2024年04月23日 19:53",
              "content": "<p>问题是帮朋友问的，朋友也询问了很多次催的急特来向李博士求证。确实不该如此因为被催的心烦乱了方寸心急了。人确实应尽可能的保持宁静不仅是对不亲近的人如此对亲近的人也应如此。我想这也是我为什么不能纠正朋友错误的原因之一吧。谢谢李博士您的批评与提醒。</p>",
              "level": 2,
              "highlight": false,
              "children": []
            }
          ]
        }
      ]
    },
    {
      "id": "e2c32d1c553335e0522e556265cf9e03",
      "author": "桔子树",
      "time": "2024年04月23日 07:03",
      "content": "<p>李医师，很悲伤的事，我前几天肚子痛去医院检查长了8厘米的巧克力囊肿，两年前产后复查是正常的，我觉得很突然，家属一直劝我去做手术，我很难过，中医能治好巧克力囊肿吗？其实我已经准备去河南找汤英医师了，但是我还是想问问您，您的答案能给我很多很多信心。您真的是一位很优秀很好很好的人，我的每一个问题都有回答，无论问题大小。我觉得自己很幸运，能在这里向您提问。</p>",
      "level": 0,
      "highlight": false,
      "children": [
        {
          "id": "dc70d95708d48415a325fdf54b9d6551",
          "author": "李宗恩",
          "time": "2024年04月23日 16:26",
          "content": "<p>一般而言，中醫可以有效幫助西醫所謂的巧克力囊腫，然而，每個病人情況不一樣，我不在網頁針對個案一一討論。</p>",
          "level": 1,
          "highlight": true,
          "children": []
        }
      ]
    },
    {
      "id": "7cbe5a6bc3136799cc217e6d955dca4a",
      "author": "闫玉菲",
      "time": "2024年04月23日 13:32",
      "content": "<p>李博士你好，我服用石硫磺两个多月，每天服用三克左右，4月20来月经，就没有服用石硫磺，4月22日晚上开始右肾区隐隐作痛，不敢大吸气，大吸气就会痛，。呼气不痛。这是怎么回事啊，月经期第5天，量很少。月经量很少是不是毛病啊？今天第5天了，基本没有了。今天也是痛，主要是酸痛，这是怎么回事啊？17到19点加重的痛晚上睡觉都不敢翻身，也不敢大吸气，我也一直没去医院，也不敢去，希望能得到你的帮助</p>",
      "level": 0,
      "highlight": false,
      "children": [
        {
          "id": "97623d98e3539af84de5f024b58873fc",
          "author": "李宗恩",
          "time": "2024年04月23日 16:27",
          "content": "<p>同樣的問題，不要重複問。我也不在網頁針對個案一一討論。</p>",
          "level": 1,
          "highlight": true,
          "children": [
            {
              "id": "f5535481fddf132face11fd4df6f6202",
              "author": "闫玉菲",
              "time": "2024年04月23日 17:24",
              "content": "<p>谢谢您的回复，竟然得到您的回复了，真是开心，</p>",
              "level": 2,
              "highlight": false,
              "children": []
            }
          ]
        }
      ]
    },
    {
      "id": "1eb3a2ea5dcdc6da59a5829eef7be6c9",
      "author": "黄子聪",
      "time": "2024年04月24日 07:38",
      "content": "<p>李师你好，关于湿热下注，它的病理是怎样的呢？通常是跟那几个内脏关系最密切呢？它们是怎样互相影响而造成湿热下注的呢？</p>",
      "level": 0,
      "highlight": false,
      "children": [
        {
          "id": "b45b0314a590925f1b50172d0f8dd378",
          "author": "李宗恩",
          "time": "2024年04月25日 13:57",
          "content": "<p>你的問題太廣，就好像問人為什麼會頭痛一樣，有很多的可能。</p>",
          "level": 1,
          "highlight": true,
          "children": []
        }
      ]
    },
    {
      "id": "de24bad688be7a0af270ca8b2553c2de",
      "author": "三伏",
      "time": "2024年04月27日 23:02",
      "content": "<p>李医生您好，《神农本草经》记载辛夷畏菖蒲、蒲黄、黄连、石膏，这里的畏指的是辛夷的效果会受到菖蒲、蒲黄、黄连等药的抑制吗</p>",
      "level": 0,
      "highlight": false,
      "children": [
        {
          "id": "d17b16e4366c2db1c1410ee65e450f30",
          "author": "李宗恩",
          "time": "2024年04月29日 12:23",
          "content": "<p>改變或影響作用。</p>",
          "level": 1,
          "highlight": true,
          "children": []
        }
      ]
    },
    {
      "id": "81c4bdba86a8222b4d4a986620551ac4",
      "author": "Bpowder",
      "time": "2024年04月30日 02:52",
      "content": "<p>不是生硫磺而是石硫磺 倪海厦也说的是 ‘没事拿一颗石硫磺啃’   倪海厦也提到了一个词’土硫磺’ 是剧毒的不能吃  说明并不是简单的  ‘硫磺’ 就描述明白的  是有具体划分的 石硫磺很显然英文名也不是Sulfur  Sulfur指的是就是中文意思中的 ‘硫磺’   并没有更具体的’石’/’土’硫磺的意思  按照这个思路 其文章总体是否全是错误? 使用Sulfur  或者生硫磺 去检索相关信息 那能对了? 举‘Sulfur supplement’例子有何用? ‘Sulfur supplement’ 成分是 MSM (甲基磺酰甲烷)  与石硫磺的关系也不必多说了 ,除非能够证明 石硫磺 含有 MSM (甲基磺酰甲烷) 又或者”更更更”间接的 ‘Sulfur supplement’ 其功效与 石硫磺 类似     倪海厦还痛批过 各种什么钙片 维生素 补剂  ‘精炼的体积小 根本喂不到人体正常的东西 喂到的都是病’</p>\n<p>‘在美国，膳食补充剂不受政府监管，这意味着食品药品管理局（FDA）不会在产品上市前批准其安全性和有效性。因此，尽可能选择经过 USP、消费者实验室或 NSF 等可信第三方检测的保健品。<br/>\n‘    —  <a href=\"https://www.verywellhealth.com/sulfur-what-should-i-know-about-it-89517\" rel=\"nofollow ugc\">https://www.verywellhealth.com/sulfur-what-should-i-know-about-it-89517</a></p>\n<p>“安全信息<br/>\n这些声明尚未经过FDA的评估。本产品不用于诊断、治疗、治愈或减轻任何疾病。生产本产品的设施还加工牛奶，大豆，鸡蛋，坚果和小麦</p>\n<p>法律免责声明<br/>\n有关膳食补充剂的声明未经 FDA 评估，不用于诊断、治疗、治愈或预防任何疾病或健康状况。”</p>\n<p><a href=\"https://www.amazon.com/Organic-Sulfur-Boundaries-Health-Wellness/dp/B07C365BD9\" rel=\"nofollow ugc\">https://www.amazon.com/Organic-Sulfur-Boundaries-Health-Wellness/dp/B07C365BD9</a></p>\n<p>‘人體會自然吸收及處理生硫磺成份，並不會像一些網紅所說的，在人體消化道內化學作用而產生有毒的化合物’<br/>\n你所说的 生硫磺 (Sulfur) 单质硫吃进去还真会   何以认为不会?   不过是’非常缓慢’<br/>\n‘在正常情况下，硫水解非常缓慢，主要形成硫化氢和硫酸’<br/>\n<a href=\"https://en.wikipedia.org/wiki/Sulfur\" rel=\"nofollow ugc\">https://en.wikipedia.org/wiki/Sulfur</a></p>\n<p>   ‘但在一般劑量下，不會傷害人體健康’   石硫磺 这种并不纯净的东西 里面成分占比很随机 同一块随便分几份测出来都很有可能不同 并不是简单的单质硫  含些重金属都十分正常   石硫磺在之前都是比较冷门的东西 现代有关石硫磺什么剂量会造成损伤并未有什么大量的案例,不过最近倒是有一大堆每天吃几百G的说自己身体有这种那种的负面感觉的 要安全的话就按倪海厦所说剂量的吃一吃 感觉有什么的负面感觉就停 再吃吃倪海厦所说的鸭肉 或者直接吃些人尽皆知的就行了,没必要非去吃石硫磺</p>\n<p> ‘許多醫學研究也證實，服用適當劑量的生硫磺，對某些健康問題有幫助，也不會造成身體的傷害’  你确定你使用生硫磺 或者 Sulfur 作为关键词 能够搜出 真正有关的石硫磺 的研究?   是否能够具体说明 适量是多少 某些是多少  , 有对应论文或者文章链接吗 确定里面说的不是 MSM (甲基磺酰甲烷)   而是这个生硫磺 ( Sulfur )  或者石硫磺 吗？</p>\n<p>为何搜索到了相关’醫學研究’ 不将原文或链接贴上来? 我想只是单纯复制粘贴一下不麻烦吧 增加文章可信度,方便下读者 何乐而不为呢</p>\n<p>当然文中最重要的其实是想说明   ‘問題不在生硫磺，而在那些宣傳及聽信亂服用生硫磺，以及那些胡亂攻擊生硫磺的人們。倪海厦、張錫純等大醫對生硫磺的正面評價，是正確的’    此观点是没有问题的</p>",
      "level": 0,
      "highlight": false,
      "children": [
        {
          "id": "5e42ddb28392ac779db11ea2f7789987",
          "author": "李宗恩",
          "time": "2024年04月30日 11:20",
          "content": "<p>謝謝你花時間來討論硫磺的議題，我簡單答覆一下。入中藥的石硫磺，指的就是純的硫磺，而非採礦後不淨化直接來了當藥材。一般中醫說生硫磺，指入藥的石硫磺，「生」這個字是指沒有中藥炮製的過程。無論叫生硫磺或石硫磺，入中藥的，都是指純淨的「Sulfur」。土硫磺，指的是人工硫磺，也叫工業硫磺，是利用硫化氫氧化或其它方式，產生不純的硫磺，通常含有砷鐵等的，因此不是純淨的「Sulfur」，使用「Sulfur」這個字，只是一般口語方便。</p>\n<p>美國FDA對營養補充劑並不確認治療效果，但要求確保安全，沒有經過FDA安全審核，是不能合法在市面上販賣。美國市場上有賣MSM、純Sulfur等硫磺相關的營養補充劑，都受到FDA的管制，就連中藥材生硫磺、生附子、石膏等等，FDA也都有法規來管理。有些中藥材被列為「use with caution」，但沒有禁用，而砒霜、蟾蜍等真的有問題的，都被明文禁用。</p>\n<p>如文章中寫的，生硫磺有輕微的毒性，但在一般劑量下，不會傷害人體健康。換句話說，服用適量的生硫磺，人體是可以正常處理其在消化道內的化學反應。至於科研文章等，你可以從FDA對生硫磺審核的評論開始沿線查詢。</p>\n<p>我建議你做研究時，保持中立的觀點，而不是心裡已經有成見，上網找支持自己的資料。現在網路上，什麼論點都有，任何主題，都可以找到正反兩面的觀點。因此，網路資訊越多，意見的兩極化越嚴重，而不是交流越多真理越明。</p>",
          "level": 1,
          "highlight": true,
          "children": [
            {
              "id": "ee1771cfb529eef8fd260b7d6c013313",
              "author": "Bpowder",
              "time": "2024年04月30日 23:30",
              "content": "<p>目前来看全网大部分都是在说’石硫磺’ 随意打开几个视频网站去搜索 石硫磺 和 生硫磺 就能发现其区别了  使用生硫磺搜出来的标题 封面基本上都是 硫磺 石硫磺 没有几个真匹配’生硫磺’   倪海厦也说过石硫磺和生硫磺的区别  如需要严谨一些就得使用大多数人都在使用的词汇 ,虽然大家都知道你说的这个生硫磺就是指代的石硫磺</p>\n<p>‘xxxxx叫石硫磺 拿起来就像一块一块石头一样 那个真正的生硫磺拿起来像刚出生的小鸡 xxxxx’<br/>\n<a href=\"https://www.bilibili.com/video/BV1xL411e7tQ/\" rel=\"nofollow ugc\">https://www.bilibili.com/video/BV1xL411e7tQ/</a></p>\n<p>石硫磺<br/>\n‘生态环境：自然硫主要形成于火山喷气作用，火山硫含少量砷、硒、锌和铊。沉积岩或风化带中的自然硫含粘土、有机质、沥青等机械混入物。’<br/>\n‘来源<br/>\n本品为自然元素类矿物硫族自然硫，采挖后，加热熔化，除去杂质；或用含硫矿物经加工制得。’<br/>\n‘中国药典规定本品含硫（S）不得少于98.5%。’<br/>\n这么一看中国药典要求挺低的啊<br/>\n<a href=\"https://zhongyibaike.com/wiki/%E7%A1%AB%E7%A3%BA\" rel=\"nofollow ugc\">https://zhongyibaike.com/wiki/%E7%A1%AB%E7%A3%BA</a></p>\n<p>又何以认为 ‘工业硫磺 ‘不纯   工业硫磺要多纯有多纯 二三十人民币 500G 大于等于 99.5%   还有 99.9％ 5N的 要多纯有多纯 当然你想说可能是那种非常劣质的工业垃圾了</p>\n<p>本质都是单质硫 理论上来说可以忽略什么工业自然的 看纯度就行了, 如特别需要还可以检测一下剩下的灰分 重金属含量有多少</p>\n<p>我去淘宝看了一下太守堂 印尼天然石硫磺69元一百G (有几个不同牌子 瓶子形状一样 检测报告一样 价格也差不多的 看问大家的回复都能看到有关的负面评价 回复需要买了的才能回复 有说没用的 有说老人寒湿重吃了会便溏 晚上吃会影响睡眠 吃了肚子不舒服忽冷忽热的 吃了伤肠胃 隐隐约约痛了好几天 ……) 其他的便宜的都没检测报告就不谈了 检测报告显示 灰分含量 0.05 (灰分就是无机成分 百分之0.05%中里面一部分还可能有重金属之类的,不过这么点也忽略不计了) H2SO4游离酸含量 0.03  硫含量 99.92<br/>\n这种纯度工业完全可以实现</p>\n<p>还真找不到真用硫做膳食补充剂的还有人买的 都是硫化合物 真用硫的也都是外用的 我也找不到真正能够检索有关什么允许做成膳食补充剂的页面<br/>\n‘需要提醒的是，食品及药物管理局并不批准膳食补充剂的安全性和有效性。本目录无意全面列出膳食补充剂中使用的所有成分，也可能不包括该机构对特定成分采取的所有行动。我们欢迎更多有关这些成分的反馈和信息。如果您有证据对 FDA 的观点提出质疑，我们邀请您向 FDA 的膳食补充剂计划办公室提交此类信息以及您的理由。’<br/>\n<a href=\"https://www.fda.gov/food/dietary-supplements/information-select-dietary-supplement-ingredients-and-other-substances\" rel=\"nofollow ugc\">https://www.fda.gov/food/dietary-supplements/information-select-dietary-supplement-ingredients-and-other-substances</a><br/>\n‘膳食补充剂包括维生素、矿物质、草药、氨基酸、乳清蛋白和肌酸。食品及药物管理局不会在膳食补充剂向公众出售前对其进行审批。因此，消费者、医疗保健专业人员和行业成员向食品及药物管理局报告与健康有关的反应或疾病（也称为不良事件）尤为重要，这样我们才能对市场进行评估，并采取行动保护公众免受可能不安全产品的伤害。’<br/>\n<a href=\"https://www.fda.gov/food/dietary-supplements/how-report-problem-dietary-supplements\" rel=\"nofollow ugc\">https://www.fda.gov/food/dietary-supplements/how-report-problem-dietary-supplements</a><br/>\n<a href=\"https://www.accessdata.fda.gov/scripts/cder/daf/index.cfm\" rel=\"nofollow ugc\">https://www.accessdata.fda.gov/scripts/cder/daf/index.cfm</a> 一样找不到</p>\n<p><a href=\"https://www.fda.gov/search?s=sulfur&amp;f%5B0%5D=prod%3A2305&amp;f%5B1%5D=prod%3A2312&amp;f%5B2%5D=prod%3A2323\" rel=\"nofollow ugc\">https://www.fda.gov/search?s=sulfur&amp;f%5B0%5D=prod%3A2305&amp;f%5B1%5D=prod%3A2312&amp;f%5B2%5D=prod%3A2323</a> 也搜不到除了外用的 有关单质硫的有关信息</p>\n<p> ‘一般剂量’ 不會傷害人體健康 何以算 ‘一般剂量’ 就是倪海厦说的没事吃几颗吗 是否有有关的现代研究链接？   我实在是不认为真的有什么中文论文 英文论文会去研究石硫磺安全摄入量 或者是硫单质的安全摄入量  如果您搜索到了有关石硫磺或者硫单质安全摄入量的研究论文也烦请贴出链接方便阅浏览</p>\n<p>古籍表明了 ‘硫磺’的一些 问题<br/>\n1.徐之才《药对》：畏细辛、飞廉、朴消、铁、醋。(引自《纲目》)<br/>\n2.《本草衍义》：中病当便已，不可尽剂。<br/>\n3.《本经逢原》：久服伤阴，大肠受伤，多致便血。热邪亢盛者禁用。湿热痿痹，良非所宜。<br/>\n4.《得配本草》：忌禽兽血。阴虚者禁用。<br/>\n5.《本草用法研究》：阴虚有火者勿用。外疮红肿者、有内热便闭者禁。<br/>\n<a href=\"https://zhongyibaike.com/wiki/%E7%A1%AB%E7%A3%BA\" rel=\"nofollow ugc\">https://zhongyibaike.com/wiki/%E7%A1%AB%E7%A3%BA</a></p>\n<p>上面还有评论说</p>\n<p>《本草蒙筌》：“至阳之精。。。中病便已，过剂不宜。”<br/>\n《本草求真》：“必制造得宜，始可以服，余用法制。”<br/>\n内服需研末，1.5-3克，入丸散剂。内服中毒量为10-20克。因本药为有毒之品，故内服宜掌握在5克之内，宜选用制硫磺并注意炮制，以免引起砷中毒。（中医药学高级丛书）中药学 第2版</p>\n<p>倪海厦说的这个 ‘说石硫磺有大毒你们不能吃，实际上硫磺毒性很少，几乎没有什么毒’ 也不知道是怎么得来的这个结论  只抛出了观点 没有具体的数据支撑,哪种可信度高?不言而喻…<br/>\n整点知名的不得了,有超大基数的人亲自尝试过的那些中药泡泡茶喝还是不错的 用这种很多古书写明了的副作用比较强的 去没事吃几粒纯纯闲得蛋疼</p>\n<p>我还是希望您可以带上各个观点的支撑数据,这样可以很显著的增加文章可信度 并且方便读者<br/>\n我之前看过一些中医论坛 里面很多都是会引用 ‘原文’或者说是’古文’的   或者有些高质量的视频 视频的结尾 简介 都会加上各种引用论文名称 很不错</p>",
              "level": 2,
              "highlight": false,
              "children": [
                {
                  "id": "f1add4d374246508f35393d0c787887c",
                  "author": "李宗恩",
                  "time": "2024年05月01日 07:43",
                  "content": "<p>這就是問題所在，中國大陸很多人盜版、非法轉載、斷章取義倪老師的教學視頻，看到這些視頻的人，沒有什麼醫學知識，自己隨便在網上購買、隨便服用，然後把責任推到別人頭上。自己去盜用倪老師的智慧產權，沒有合法正式向倪老師好好學習，還去怪倪老師沒說清楚劑量、使用時機、副作用風險等等，殊不知倪老師臨床上使用生硫磺時很小心，重視病人真實情況、時機，及劑量。</p>\n<p>至於引用數據論文等，這種研究的基本工作，有興趣的讀者得自己去做，這不是付費的教學網頁，我沒有責任義務要花時間一一條例，就算是在收費昂貴的史丹佛、柏克萊大學上課，教授也只告訴你他的思維及論點，你自己要去做功課，如果你不相信教授的講解，那就拿出本事來做得比他好，許多研究突破也就是這樣來的。</p>",
                  "level": 3,
                  "highlight": true,
                  "children": []
                },
                {
                  "id": "c4b299f9741c386fcb5ccb44db9de62c",
                  "author": "杨学锐",
                  "time": "2024年05月01日 09:04",
                  "content": "<p>今天无论从哪个学问的角度，要完全解明一种物质对人体影响的所有可能，都还无法做到。</p>\n<p>你可以去看西药的研究统计，会发现和你认为的“科学”很不一样。</p>\n<p>现代主流医学从局部微观开始研究，到了解人体运作还有很长路要走，它的临床并不是普通人认为的很严谨。其他医学更是乱象丛生。</p>\n<p>所以在医学领域，一位治疗效果重复度和长期追踪都很好的医师的方法知识经验，比资料数据论文研究重要的多。</p>\n<p>你大概没体会到这点，就生硫磺，抓着倪师几句性情话断章取义，找了些论据，跟李老师杠。</p>\n<p>我能爬出更多生硫磺有害的证据，但这不是研究突破，是白耗时间。</p>",
                  "level": 3,
                  "highlight": false,
                  "children": []
                },
                {
                  "id": "72ed85543a30372b634724da9d3c86c3",
                  "author": "生硫磺",
                  "time": "2024年05月01日 11:58",
                  "content": "<p>或許可以參考這一篇：http://www.hndxzyy.com/News_View.asp?NewsID=654，裡面有談到一些參考劑量，提純法和中醫原理，所以生硫磺/石硫磺的作用主要是物理性的（熱～來自火山的能量-火中精），不是工業硫磺/土硫磺所擁能有的，即便化學成分都是單質硫。</p>",
                  "level": 3,
                  "highlight": false,
                  "children": []
                },
                {
                  "id": "2a1c38ea31ef5197329469f85e220a6c",
                  "author": "送你座帆船",
                  "time": "2024年05月02日 10:19",
                  "content": "<p>总的来说，李医师知道怎么用但是他没有义务教学硫磺到底怎么用，因为这是他的知识产权。再者他没有义务去做论文和实验证明石硫磺对什么类型的人有用，这不是他的责任，如果对其中有质疑请自己花费精力以及金钱去做这类实验和论文，所谓己所不欲勿施于人。</p>",
                  "level": 3,
                  "highlight": false,
                  "children": []
                }
              ]
            },
            {
              "id": "2be72da0f4c2eccaf5fc8dcb35c247b6",
              "author": "一壶酒",
              "time": "2024年05月02日 05:39",
              "content": "<p>治好病的医生说话！！！</p>",
              "level": 2,
              "highlight": false,
              "children": []
            }
          ]
        }
      ]
    },
    {
      "id": "1fa49a3c828b1ca93c7dc9ffdd8bd3df",
      "author": "一壶酒",
      "time": "2024年05月05日 12:11",
      "content": "<p>是否表明了左肾是肾，右肾是命门？</p>",
      "level": 0,
      "highlight": false,
      "children": [
        {
          "id": "d5fa96c40f27ea145752b4ed7460e7bf",
          "author": "李宗恩",
          "time": "2024年05月05日 17:37",
          "content": "<p>不知道你怎麼推論的</p>",
          "level": 1,
          "highlight": true,
          "children": []
        }
      ]
    },
    {
      "id": "409a820aeac511d44134d29cd0d3c7c3",
      "author": "Isaac Law",
      "time": "2024年05月08日 09:43",
      "content": "<p>ps：以下为个人搬运，本人想友好交流。<br/>\n李博士你好，以下转自“知乎”的一些对于你这篇科普性质的文章的一些疑点，李博士能否解释下呢？<br/>\n本文原文：生硫磺，英文名Sulfur，是人體不可或缺的礦物質，有很多重要的功能。<br/>\n这属于初三化学和高一生物的内容，元素和化合物。人体所需要的硫磺并非以生硫磺（即元素硫）的形式摄入。实际上，人体所需的硫主要以硫酸盐、硫酸盐酯、硫含氨基酸（如半胱氨酸和蛋氨酸）、以及在某些维生素和辅酶（如硫辛酸、辅酶A）中以有机硫形式存在。这些形式的硫是通过正常饮食中的蛋白质分解和代谢得到的。</p>\n<p>本文原文：人體會自然吸收及處理生硫磺成份，並不會像一些網紅所說的，在人體消化道內化學作用而產生有毒的化合物。<br/>\n生硫磺本身在特定条件下（如高温或特定化学环境下）可能会转化为其他硫化合物，如硫化氢（H₂S）等。硫化氢是一种已知的有毒气体，可通过呼吸道吸入后对人体产生毒性效应，且在高浓度时极为危险。虽然这种转化在正常生理条件下不太可能发生，但不可排除在消化道中通过某些细菌作用可能产生少量硫化氢。最为直观的案例，就是抖音 @啊桂的视频，其说自己口腔和排气都有一种很重的臭鸡蛋味，很明显就是硫化氢（H₂S）么。那么请问李博士怎么解释这一现象呢？你这句话的依据是什么呢？所以生硫磺的吸收和代谢途径与硫含氨基酸和其他有机硫化合物完全不同。二者不能混淆，人体利用硫的生理途径侧重于将这些氨基酸转化为所需的各种生物化合物，以及其在细胞抗氧化系统中的作用。</p>\n<p>本文原文：美國食品藥物管理局(FDA)，許可市面上販售硫磺營養補充劑(Sulfur supplement)。許多醫學研究也證實，服用適當劑量的生硫磺，對某些健康問題有幫助，也不會造成身體的傷害。<br/>\n在美国食品药物管理局（FDA）监管的语境中，“硫磺补充剂”（Sulfur supplements）通常不指代纯粹的元素硫（生硫磺），而是指含有硫的化合物或硫含氨基酸的补充剂。这些补充剂包括但不限于：MSM（甲磺酰甲烷）： 这是一种常见的硫磺补充剂，被认为对关节健康有益，可帮助减轻炎症和疼痛。MSM是一种有机硫化合物，广泛用于减轻关节炎的症状和促进结缔组织的健康。蛋氨酸和半胱氨酸： 这些是含硫的氨基酸，对人体健康至关重要，参与多种生物化学过程，包括抗氧化和解毒。它们在很多蛋白质的结构中自然存在，并通过补充剂形式补充。硫辛酸： 作为一种抗氧化剂，硫辛酸在抗氧化防御系统中扮演着角色，有时也作为补充剂使用，尤其是在某些代谢病症治疗中。</p>",
      "level": 0,
      "highlight": false,
      "children": [
        {
          "id": "50e608ecc8bf19a0a46c355ced845613",
          "author": "李宗恩",
          "time": "2024年05月08日 19:14",
          "content": "<p>這樣的詭辯，沒有什麼意義。我再回答一次，但不再花時間教導那些自己不好好做研究的人。</p>\n<p>(1) 幾乎所有元素在人體內作用時，都是以化合物的方式來進行，包括常見的礦物質，硫磺當然也不例外。所以，探討這個問題，必須從搜尋「生服硫磺」的資料開始，看看生吃硫磺會不會傷害人體、研究人體消化道如何吸收處理硫磺等等，人體消化許多營養成份，本來就是先轉化其化學物組成。這些研究不難起手，從美國國家醫學資料庫（https://www.ncbi.nlm.nih.gov/），到醫療資訊公司提供的資料，甚至到美國國家殺蟲劑資料中心（http://npic.orst.edu/），都可以找到有用的資訊。</p>\n<p>（2）硫化氫（H₂S）的毒性得看劑量，西瓜、榴槤、草莓、鳳梨、奇異果、葡萄柚等水果都含有硫化氫、甲硫醇、二甲基硫醚、二甲基二硫醚、二甲基三硫醚等十多種揮發性硫化物(VSC)。「口腔和排氣都有很重的臭雞蛋味，很明顯就是硫化氫」？很多問題可以造成這樣的情況，如此就說是硫化氫過量，實在沒有什麼意義，只是亂猜。</p>\n<p>（3）市面上販售硫磺營養補充劑，以MSM為主，但討論這個問題，應該查詢以純硫磺做的營養補充劑產品，以及美國各個健康有關單位對直接服用這些硫磺產品的評論。雖然不少單位目前認為「沒有足夠資料證實生硫磺的治療效果」，但已經在hay fever、COPD、high cholesterol、rosacea等很多疾病上試用，至少認定低劑量生硫磺不會傷害人體健康。</p>\n<p>如果以後要討論，請找有足夠醫學背景及做過深入研究的人來討論，不要只是在網上搜尋一下。沒有真的了解中西醫硫磺臨床應用現況的人，貼文一律刪除。</p>",
          "level": 1,
          "highlight": true,
          "children": [
            {
              "id": "1db71790b642a4e16df25b9e6f042fcf",
              "author": "一壶酒",
              "time": "2024年05月08日 19:22",
              "content": "<p>治好病的医生说话！！！<br/>\n看到了李博士的严谨。通过这个帖子，李博士再次教导大家如何做学问。<br/>\n太棒了！受教。</p>",
              "level": 2,
              "highlight": false,
              "children": []
            },
            {
              "id": "701089ec98b02de76ae1465d784dcfdc",
              "author": "离中虚",
              "time": "2024年05月08日 20:14",
              "content": "<p>是的<br/>\n专业的事情交给专业的人做</p>\n<p>这个让我想起您的【行医有感】文章里的小故事<br/>\n几位文人看到前方石头上写的<br/>\n前方看似马/开始浮想联翩过度解释<br/>\n结果闹成笑话</p>",
              "level": 2,
              "highlight": false,
              "children": []
            }
          ]
        },
        {
          "id": "fa1ee33ac1e2ff1cf4f87d62c4642ad7",
          "author": "生硫磺",
          "time": "2024年05月08日 21:34",
          "content": "<p>假如用英文搜尋生硫磺可以查flower of Sulphur，確實就如李醫師一開始就說的，無論是東方或西方都用它來治療許多不同的疾病。Wikipedia裡也說天然的生硫磺性質上和單質硫磺是稍有不同的，所以在人體內的化學反應/毒性也不會一樣：Although similar to chemically pure sulfur, flowers of sulfur has slightly different properties. For instance, sulfur is completely soluble in sulfur dioxide. Flowers of sulfur, however, is insoluble in sulfur dioxide. A study shows that flowers of sulfur is only partially soluble in nitric acid and bromide. Residue still revealed traces of sulfur after the extraction. When lit on fire, flowers of sulfur combust and leave a residue that oxidizes immediately. Flowers of sulfur is completely soluble when heated in anhydrous liquid bromine.[3]</p>\n<p>另外身體裡本來就有酵素會合成H2S，它是一種氣態信號分子，只有在高濃度的狀態下才有毒。https://www.sciencedirect.com/science/article/pii/S2213231720309770#:~:text=Hydrogen%20sulfide%20(H2S)%20was%20once%20considered%20to%20have,beneficial%20and%20higher%20concentrations%2C%20cytotoxic.<br/>\n而且也沒有看到生硫磺-&gt;硫化氫的途徑，看到的途徑都是由硫化物-&gt;硫化氫。https://www.frontiersin.org/journals/physiology/articles/10.3389/fphys.2012.00448/full</p>",
          "level": 1,
          "highlight": false,
          "children": []
        }
      ]
    },
    {
      "id": "666ad370b4f6148130ef5e29654147e9",
      "author": "一壶酒",
      "time": "2024年05月08日 21:30",
      "content": "<p>不知道大家发现了没有，就这个问题所反映的，这里头其实存在一个很大的问题。</p>\n<p>大家拿着西医学或者是西方现代科学的东西来询问甚至质问中医师，更匪夷所思的是非让中医师用西医学或者是西方现代科学知识、理论来回答。</p>\n<p>那好了，重点来了，高潮来了，以彼之道、还施彼身。</p>\n<p>从神农本草经、伤寒杂病论等书籍，从古至今诸位大医名医，倪师医学和病例、李博士医学和病例都从中医学角度阐述了理论、观点——</p>\n<p>那是不是应该拿这个中医学的理论去质问西医学医师，更要让西医师用中医学的理论来解释！！！</p>\n<p>下面引用李博士以前文章的一段话：</p>\n<p>比较中医和西医，是中 医简而有力的定律经过千年验证无误比 较科学？还是西医见树不见林的归纳统 计比较科学？请记住爱因斯坦的相对论 仍走在科学的最前端，可以解释黑洞及 其它许多重要的天文物理现象。而相对 论用数学式子写下来再简单不过了，一 般人不了解相对论，那不是爱因斯坦的 问题，更不能改变相对论的正确性。中医的精深与科学，也是一样的道理。</p>",
      "level": 0,
      "highlight": false,
      "children": []
    }
  ],
  "page": 2,
  "order": 9,
  "filename": "data\\page2\\page2_order9_291d039929a9ad7d8c3ad8ad2921ec5f.json",
  "timestamp": 1743482032.6078527
}