{
  "article_url": "https://andylee.pro/wp/?p=2961",
  "title": "電視節目：《當張仲景遇上斯坦福》（四）中醫重在養生嗎？",
  "content": "<p><iframe allow=\"accelerometer; autoplay; clipboard-write; encrypted-media; gyroscope; picture-in-picture; web-share\" allowfullscreen=\"\" frameborder=\"0\" height=\"281\" referrerpolicy=\"strict-origin-when-cross-origin\" src=\"https://www.youtube.com/embed/1yncJzMx3C8?feature=oembed\" title=\"《當張仲景遇上斯坦福》（四）中醫重在養生嗎？\" width=\"500\"></iframe></p>\n<p>八月節目時間預告：</p>\n<p>八月六日， 週四， 9:00pm – 9:30pm，第五集 首播：「中醫大多使用偏方，祕方治病嗎？」</p>\n<p>八月十一日，週二，2:30pm – 3:00pm，第五集 重播：「中醫大多使用偏方，祕方治病嗎？」</p>\n<p>八月二十日，週四，9:30pm – 10:00pm，第六集 首播：「中藥越名貴越好嗎？」</p>\n<p>八月二十五日，週二 ，2:30pm – 3:00pm，第六集 重播：「中藥越名貴越好嗎？」</p>\n<div dir=\"ltr\"></div>\n<p> </p>",
  "article_time": "2015年07月27日 19:57",
  "comments": [
    {
      "id": "e8604b1991c946aadb60203fa060eea1",
      "author": "张恒",
      "time": "2015年08月08日 17:50",
      "content": "<p>问李医师个问题，科学中药的四逆汤，比如仙丰的，用炮附子配和用经方用生附的四逆汤比差在哪里？我觉得差好多，证也不对。请李医师给详细说说。听几年希望之声明医说案了。翻墙过来听的。自己爱好学学。</p>",
      "level": 0,
      "highlight": false,
      "children": [
        {
          "id": "89aef0078a8e4db900bce853ab835424",
          "author": "andy",
          "time": "2015年08月08日 18:50",
          "content": "<p>依據台灣目前法律，生附子是不准用的，即使連美國FDA也只是「Use with Caution」。所以，台灣廠商製做科學中藥時，只好使用炮附子來代替生附子。中醫師在使用這些科學中藥粉劑時，得自已知道其中的差別。</p>",
          "level": 1,
          "highlight": true,
          "children": []
        }
      ]
    }
  ],
  "page": 51,
  "order": 7,
  "filename": "data\\page51\\page51_order4_c5b80f7fa0eac074139e7667acd7ea6a.json"
}