{
  "article_url": "https://andylee.pro/wp/?p=2895",
  "title": "診療日誌 06/23/2015 － 病人從台灣來的信函 （嚴重肺炎）",
  "content": "<p>一位熟識病人從台灣寄email 給我，告訴我她暑假回台灣的情況。這位三十幾歲的女士及全家人都是我的病人，長久下來大家也變成朋友。這幾個月來，她咳嗽氣喘的很嚴重，西醫X-ray檢查發現肺部下方都呈現白色，是嚴重的肺炎，但是不確定是什麼樣的肺炎，以及是什麼引起肺炎的。這位病人因為得過乳癌，雖然治療及康復的情況還差強人意，身體變得很虛弱，我得承認是個很棘手的病例，肺家呈現寒熱夾雜，肺的下方已經化熱，積存許多黃稠的膿痰，肺的上方卻還是過寒，開的方劑中，寒藥與熱藥的比例很不好拿捏，同一付藥服用幾天後，肺家寒熱夾雜的情況又會有變化，也多虧病人及她先生的信任，每天在家中觀察病情的變化，幫我微調服用的劑量，讓藥劑推動的剛剛好，不要推不動或推過頭。好幾週的治療下，反反覆覆，回台灣過暑假前，好不容易穩定下來。病人自己帶兩位年幼的小孩先回台灣，先生因工作得晚幾週才去，這讓我有些擔心，怕病人在飛機上咳到不行，也怕病人在台灣一下室外天氣太熱、一下室內冷氣太冷，好不容易把肺家寒熱夾雜的情況穩定下來，很擔心病人情況會守不住。病人知道我擔心她，前幾天寫email告訴我她的情況：</p>\n<p><em>「我回臺可是把公婆爸媽嚇壞了，這麼瘦，上樓梯走快點會喘。<wbr/>他們都很疼我，不讓我做事，不過叫我去看西醫的壓力也是很大。</em></p>\n<p><em>先說這次你的藥吧，我咳嗽變很少，晚上躺下頂多咳幾聲就睡著啦，<wbr/>沒鼻涕。或許是結梗湯變少，痰要咳久一點才出來。<wbr/>我覺得已經回到上次把結梗湯拿掉前那個最好的點。</em></p>\n<p><em>臺灣外面太熱，空氣污染嚴重，我走在外是走最慢的，因為肺會緊，<wbr/>想咳嗽。上次坐到有煙味的taxi 咳到吐痰。只能在家吹冷氣睡覺。我身上還綁thermacare 熱石，因為怕咳到痛。那跟本是燙石。</em></p>\n<p><em>我週一早啦肚子變很差，去拿中藥止瀉藥之後穩住，<wbr/>再睡三小時才恢復體力。<wbr/>我老爸叫我去香港x x養生會館體驗電流筋絡按摩打通經脈把我弄的<wbr/>像運動完虛脫，我下次不要他們叫我去我就去，我很虛耶。<wbr/>竟然這兩驚險歷程加調時差頭痛的身體不適，我咳嗽還變好。</em></p>\n<p><em>藥剩一包了，藥吃完後，透過關係，我之後是xxx(台灣知名中醫)看診，<wbr/>希望他不要對我大兇把我趕出去。</em></p>\n<p><em>我舅媽找x大胸腔科醫師xxx看，吃兩年抗生素，還不能平躺睡。<wbr/>你比西醫強多了，我還是癌症病人耶。<wbr/>不過所有人都想說服我看西醫，我呀，懶得辯論。</em></p>\n<p><em>謝謝你」</em></p>\n<p>確實，西醫遇到肺炎，基本上除了使用各種抗生素類的藥物以外，沒有太大其它選擇，就算是病人服用了兩年抗生素還無法平躺睡覺，也只是「繼續服用抗生素」。當病人一平躺就開始狂咳，大多數的情況下，中醫認為是肺部或肺臟四周有「水」，可是這個「水」可能還沒有到西醫的「肺積水」程度，西醫也無法抽出，因而這樣的「水」對西醫而言是沒有意義的，當然也就無從治起。</p>\n<p>很多人會覺得西醫比較「先進」，當病人得到肺炎時，西醫可以分析是什麼病毒、細菌造成的，不像中醫「說不出個所以然」。其實，這個觀念是錯的，中醫是不管病毒或細菌，中醫管的是「人體本身出了什麼問題」，認為重點不是是那種病毒或細菌引起的，而是身體那裡無法正常運作、那裡有偏差，我們想辦法把身體拉回到平衡的狀態，那些病毒或細菌對人體的影響也就微不足道了。如果我們把重點放在病毒或細菌，是見樹不見林的，當找不出任何原因，肺部又有「發炎」的現象，就只好以「無菌肺炎」來解釋，對病情的了解與幫助是很有限的。而中醫對症狀辨證論治的要求，比西醫精細很多，可能因為一點點症狀的不同，在治療的方法與步驟上有很大的不同，因為那些細小不同的症狀，正好告訴我們每個病人身體黑盒子裡有那些不一樣的偏差，連一個普通的「感冒」都可以細分很多不同的治療方法，更何況是「肺炎」，不會只以一個「對抗病菌」的思維應付所有病患。</p>\n<p>所以，讀者們不要以為中醫很粗糙，雖然中醫和西醫都是在解釋與治療人體，兩者的著眼點與理論架構等很不一樣，就像物理學與化學都是在解釋這個世界的現象，兩者的論述方法有天壤之別，對人類各有各的貢獻。西醫有西醫精細的地方，中醫有中醫精細的地方，如果你認為中醫「天馬行空、虛無飄渺」，代表你沒有真正認識中醫這門學問，也代表你從來沒有遇到過真正好的中醫師。</p>\n<p> </p>\n<p> </p>\n<p> </p>\n<p> </p>\n<p> </p>\n<p> </p>\n<p> </p>\n<p> </p>",
  "article_time": "2015年06月23日 23:06",
  "comments": [
    {
      "id": "6bd18923c84e9e6a46b909e06127045e",
      "author": "魯豆腐",
      "time": "2015年06月23日 23:47",
      "content": "<p>這真是個很具挑戰性的醫案，肺部裏就又分為上寒下熱，細辛應可派上用場去肺中水氣，給您參考看看</p>",
      "level": 0,
      "highlight": false,
      "children": [
        {
          "id": "dd1330fc6d5559f1c939f08e3a5c7142",
          "author": "魯豆腐",
          "time": "2015年06月24日 01:34",
          "content": "<p>可否請教她的用藥？石膏、乾薑、炙甘草應該也得要用到不是嗎？只是劑量可能得拿揑準確才能克競其功！</p>",
          "level": 1,
          "highlight": false,
          "children": [
            {
              "id": "3273b7e20ec4bbf365f3409468572c36",
              "author": "andy",
              "time": "2015年06月25日 13:33",
              "content": "<p>這裡我就不細談藥方了，如果其他人依樣畫葫蘆，可能會讓病情更嚴重。如果你有興趣的話，可以深入研究金匱要略的「肺痿肺癰咳嗽上氣病脈證治第七」，我這次的用藥與思維，完全在這篇裡，這篇雖然很短，對肺炎的治療比現在的西醫厲害很多，端看現代人是否看得懂。</p>",
              "level": 2,
              "highlight": true,
              "children": [
                {
                  "id": "249f1d373f6fd34275fbbaf5dce8fa7d",
                  "author": "魯豆腐",
                  "time": "2015年06月25日 18:23",
                  "content": "<p>說的極是！就怕有些人依樣亂畫葫蘆會倒致病情更嚴重，謝謝您，我會再回溫老師的金匱要略</p>",
                  "level": 3,
                  "highlight": false,
                  "children": []
                }
              ]
            }
          ]
        },
        {
          "id": "2c7bbcbad68de8121b23bfdb24447f04",
          "author": "andy",
          "time": "2015年06月25日 13:24",
          "content": "<p>重點不在某一味中藥，我用的中藥都是大家很熟悉的，沒什麼特別，重點在於何時調整各個中藥的比例來應付寒熱的演變。</p>",
          "level": 1,
          "highlight": true,
          "children": [
            {
              "id": "225676990da306f306e097a2db645127",
              "author": "魯豆腐",
              "time": "2015年06月25日 18:24",
              "content": "<p>感謝指點</p>",
              "level": 2,
              "highlight": false,
              "children": []
            }
          ]
        }
      ]
    },
    {
      "id": "a5481e1cef5ea33ae956426c0dcbd61a",
      "author": "DHL",
      "time": "2015年06月24日 09:16",
      "content": "<p>李醫師您好:</p>\n<p>這一篇，勾起兩年半的回憶。兩年半前，四歲的女兒發燒39.5 ~ 40度，住進醫院，X-ray照片顯示左側肺葉下方約有1/4區域變白。接著就是細菌培養及抗生素治療。檢驗出肺炎雙球菌。4天之後，退燒痊癒。但繼續口服抗生素。但是第10天，血尿、蛋白尿、水腫。再次住院，診斷是腎病症候群。當時醫院懷疑有自體免疫的問題。我們轉送大醫院，經過一段時間類固醇治療，並無好的結果。改以二線藥物細胞毒性藥物 Endoxan 治療。Endoxan 治療2個月後，幾乎康復。在短暫的康復期間，鼻竇炎感染，腎炎情況又復發。這次復發之後，治療持續兩年，並做腎臟切片，判定為狼瘡性腎炎第四型。治療方案改為MMF治療，時間至今已經10個月。 但是尿蛋白仍然是2+。</p>\n<p>期間我的中醫師好友診治約半年時間，他說無論怎麼更改藥方，女兒一直有感冒脈象。在女兒判定為狼瘡腎炎之後，怕給這位好友太多人情壓力，改到中部一位中醫看診。他在不知道女兒病史下把脈，然後說了一段很奇妙的話。他說，女兒外表看起來都沒有感冒的症狀，但是脈象卻是肺有問題，很奇怪。後來我告知醫師，女兒的病最初就是來自肺炎。這位醫師拍手說，一定就是那時的肺炎沒醫好。現在先處理肺炎。他以銀翹散為主加減，一治療就接近半年。可是，病症似乎沒有改善太多。幾乎就要喪失信心了。於是前一個月把中藥給停了，結果尿蛋白跟女兒的氣色馬上變差。後來回去給醫師看，繼續服用銀翹散為主的藥方，狀況又變好了。</p>\n<p>就這樣，治療兩年半了，信心就要喪失，真不知道還有什麼辦法。<br/>\n女兒才7歲。每次只要想到MMF治療1年才好轉的10年腎衰竭比率，心情就會非常沉重。<br/>\n不知道李醫師能給些建議嗎?</p>",
      "level": 0,
      "highlight": false,
      "children": [
        {
          "id": "674bb8173b382baa0ff7cdef467253a9",
          "author": "andy",
          "time": "2015年06月25日 15:11",
          "content": "<p>老實說，我覺得妳找的中西醫都沒有抓到重點。先說妳的西醫，使用很強的抗生素會產生很大的福作用，以中醫來講，至少會傷到肝腎，出現血尿、蛋白尿、水腫並不奇怪。Endoxan是用來免疫系統自身攻擊的藥物，多用在免疫系統混亂、內臟移植抵抗、及某些癌症上，拿這麼強的西醫來治療四歲的小孩，不但會讓免疫能力大幅下降導致各種炎症，同時，以中醫而言，更會導致很多問題。而Mycophenolate Mofetil（MMF）也是減低免疫能力的藥物，主要用在內臟移植抵抗上，用來治療狼瘡性腎炎本來就有爭議性，沒有治好尿蛋白也就沒什麼奇怪的。</p>\n<p>再談妳的中醫，「外表看起來都沒有感冒的症狀，但是脈象卻是肺有問題」不足以說明醫生厲害或不厲害，很多肺部問題，聽病人說話及呼吸就可以察覺，單以脈象及過去得過肺炎來斷定病因，是很有風險的。就病源算真的是肺，使用銀翹散加減最多是治標不治本，無法把問題解決，何況已經試了半年。而銀翹散在西藥化學分析上，有消炎的作用，停掉銀翹散時尿蛋白變差，就好像妳長時間服用消炎的西醫，突然停掉時，發炎現象增加，是可想而知的，但是，並不代表長期服用銀翹散或消炎藥是對的。</p>\n<p>所以，我說妳找的中西醫都沒有抓到重點。我建議妳多打聽一下，找一位功力比較好的中醫師重新替妳女兒看診。</p>",
          "level": 1,
          "highlight": true,
          "children": [
            {
              "id": "f9d3990d25808dd63d599ae3d64a3365",
              "author": "DHL",
              "time": "2015年06月26日 12:34",
              "content": "<p>謝謝李醫師的建議。</p>\n<p>西醫的Endoxan治療是在類固醇治療後半年才開始使用。當時劑量是建議劑量的1/2。西醫原本希望能使用3個月，但我不同意。Endoxan使用期間，可以看到女兒的當時長出的頭髮變成彎曲。</p>\n<p>關於中醫部分，中醫師當時其實並不知道有肺炎病史。第一二周的用藥是麻沸甘石湯加減，之後醫師說脈象變了，加上女兒晚上睡覺一直說夢話，睡覺不安穩之後，才採用銀翹散加減。</p>\n<p>謝謝李醫師。我們會找其他的中醫師看看。</p>",
              "level": 2,
              "highlight": false,
              "children": []
            },
            {
              "id": "03b9ad7e6dfa60ca3e92b03ebe7d13aa",
              "author": "DHL",
              "time": "2015年07月16日 08:45",
              "content": "<p>李醫師您好:<br/>\n  改看另一位中醫師。目前服藥快一周。似乎發現尿蛋白有下降趨勢。醫師請我們服用四周再回診。<br/>\n藥方是:<br/>\n早晚空腹:濟生腎氣丸<br/>\n三餐飯前:萆薢分清飲<br/>\n三餐飯後:附子理中湯、香砂六君子<br/>\n該中醫師的講法是抗生素治療肺炎時，傷到腎。<br/>\n服用這些藥的前兩天我實在非常擔心，畢竟紅斑性狼瘡對於 “補藥”，中醫師都會避免的。<br/>\n另外，記得當時治療肺炎鏈球菌時，是使用靜脈注射的青黴素類的抗生素3天、出院後，再繼續服用 Augmentin。</p>\n<p>PS:李醫師，如果您覺得藥方或治療過程不方便公開的話，請您直接刪除即可。</p>",
              "level": 2,
              "highlight": false,
              "children": [
                {
                  "id": "9b6f7cda66b14493253d5d4419eac3e7",
                  "author": "DHL",
                  "time": "2015年08月07日 12:11",
                  "content": "<p>很可惜，第一周尿蛋白有降。第二、三周尿蛋白又增高了。第三周抽血，Anti-ds-DNA 又增高了。中藥停掉了。</p>",
                  "level": 3,
                  "highlight": false,
                  "children": [
                    {
                      "id": "8ccad06cab60a59a7a0a5340b0f359ce",
                      "author": "andy",
                      "time": "2015年08月07日 15:10",
                      "content": "<p>中西醫看病，都不一定是直線，治療時有起起落路不一定代表治療方向有問題，這點你還得多觀察。</p>",
                      "level": 4,
                      "highlight": true,
                      "children": []
                    },
                    {
                      "id": "f3cc791371c0f4c1e5e5ad85e31f34f2",
                      "author": "DHL",
                      "time": "2015年09月21日 09:11",
                      "content": "<p>時至九月，小孩入學。<br/>\n小孩目前狀況更糟，尿蛋白 3+<br/>\n上課一周之後，由寬關節開始疼痛，手肘、掌、膝關節、肩、頸關節全部都在疼痛。  小孩晚上睡著了，都會痛醒在哭。  醫師說是風濕性關節炎。  免疫系統開始攻擊關節。<br/>\n很難過，我卻無能為力。</p>",
                      "level": 4,
                      "highlight": false,
                      "children": []
                    },
                    {
                      "id": "b043df90474a6cd17ea29167caa5d02e",
                      "author": "andy",
                      "time": "2015年09月21日 09:35",
                      "content": "<p>如果你們實在沒有緣分就近找到好的中醫師，那就飛來加州看診好了，順便到南北加玩一玩，當作是渡個假。</p>",
                      "level": 4,
                      "highlight": true,
                      "children": []
                    }
                  ]
                }
              ]
            }
          ]
        }
      ]
    },
    {
      "id": "9cee25b2bac56bcfe453c671743023ac",
      "author": "david",
      "time": "2015年06月28日 04:23",
      "content": "<p>請問李醫師<br/>\n最近台灣的新聞都是八仙樂園爆炸意外<br/>\n造成很多人燒傷<br/>\n想知道中醫對於燒燙傷的治療是用什麼藥材?</p>",
      "level": 0,
      "highlight": false,
      "children": [
        {
          "id": "4208133f80b3677bbd79bc2db9ac6ff3",
          "author": "andy",
          "time": "2015年06月28日 09:50",
          "content": "<p>紫雲膏對燙傷很有用，紫雲膏的成分以紫草、當歸、蜂蠟、麻油等為主，可以加入黃連、黃芩、黃柏、大黃等來增加「消炎」的作用，如果來不及製作紫雲膏，可以先拿黃連、黃芩、黃柏、大黃等打粉外敷。</p>",
          "level": 1,
          "highlight": true,
          "children": [
            {
              "id": "1e43052ee42fc579e845f9434fba425e",
              "author": "David",
              "time": "2015年06月29日 20:25",
              "content": "<p>謝謝李醫師</p>",
              "level": 2,
              "highlight": false,
              "children": []
            }
          ]
        }
      ]
    },
    {
      "id": "b0caa236627f113eb8630178123a6ca0",
      "author": "承志",
      "time": "2015年08月10日 08:01",
      "content": "<p>我有一位朋友，三个半月前，左侧的肩膀一夜间出了间题，他的手臂只能前后移动，不能张开。看了许多医生，多是西医，西医看不到什么问题，没有看中医，因没有信心，李医师能给我一些意见吗，在针炙学有看到:膀胱经，其病之一，肩不举。清给针灸及中药的讲解。谢谢</p>",
      "level": 0,
      "highlight": false,
      "children": [
        {
          "id": "2c46282f22c887f4a964ff1ecaf4afd0",
          "author": "andy",
          "time": "2015年08月10日 12:57",
          "content": "<p>請直接帶他到附近好的中醫看診。</p>",
          "level": 1,
          "highlight": true,
          "children": []
        }
      ]
    },
    {
      "id": "5062757aa927deaf446c4a3efbc588f9",
      "author": "承志",
      "time": "2015年08月11日 06:55",
      "content": "<p>我是住在東马來西亚的一小城镇，中医不多，我朋友有去看了2次中医，他们都是在没有多问的情形下做我朋友去医院做M R l等儉查。我朋友也有做了三次針炙，但一点反应都沒有，所以才寫电郵给李医師，希望能够得到多一些资讯。</p>",
      "level": 0,
      "highlight": false,
      "children": [
        {
          "id": "50e23f82b74615ae908bff0e009c6d2b",
          "author": "8020",
          "time": "2015年08月12日 12:33",
          "content": "<p>曾跟隨倪醫師的醫師名單：http://www.hantang-nihaisha.com/chinese/ch_Articles/students1.htm</p>\n<p> 馬 來 西 亞</p>\n<p>蘇文龍醫師<br/>\n診所名稱：經方龍 中醫舍<br/>\n診所地址：M29-1 , Jalan PJU 5/9 , Dataran Sunway , Kota Damansara , 47810 Petaling Jaya , Selangor , Malaysia<br/>\n診所電話：60-3-61417495</p>\n<p>馬葝強醫師 (MA KUM KEONG)<br/>\n診所名稱：中醫堂治療所<br/>\n診所地址：NO.31 , JALAN 10/125D , TAMAN DESA PETALING , 57100 KUAKA LUMPUR . MALAYSIA<br/>\n診所電話：60-340213577</p>",
          "level": 1,
          "highlight": false,
          "children": []
        }
      ]
    },
    {
      "id": "90fe6896b4d44266a7e0766a672ee434",
      "author": "riridulum",
      "time": "2018年05月25日 01:41",
      "content": "<p>李医师，你好<br/>\n      可以远程看诊吗？ 身体出现好多问题.     来自大陆东北. 或者有其他医师推荐吗？<br/>\n希望可以接受治疗，</p>",
      "level": 0,
      "highlight": false,
      "children": [
        {
          "id": "ce72c5c7e9bfd1eddccd457fa80b5c34",
          "author": "andy",
          "time": "2018年05月30日 10:01",
          "content": "<p>遠程看診有局限性，情況複雜的病情，最好還是當面看診。</p>",
          "level": 1,
          "highlight": true,
          "children": []
        }
      ]
    },
    {
      "id": "cd382b9a2f1f13dfac338e9b5d338a7a",
      "author": "林強尼",
      "time": "2019年11月25日 01:54",
      "content": "<p>李醫師，您好<br/>\n後學上週腹部超音波檢查出肝血管瘤，可否方便私信跟您請教後續治療計劃，拜謝。</p>",
      "level": 0,
      "highlight": false,
      "children": [
        {
          "id": "2f07c7d8fe33fcd8b4133d2a82ffd401",
          "author": "andy",
          "time": "2019年11月26日 12:05",
          "content": "<p>很抱歉，我無法如此看診，單憑emails來判斷及建議，是不負責任的。如果有需要，請和診所約診。</p>",
          "level": 1,
          "highlight": true,
          "children": []
        }
      ]
    },
    {
      "id": "e61676a22a4ec76d3f9687b837220066",
      "author": "杨旺井",
      "time": "2025年01月11日 12:44",
      "content": "<p>但坐不得卧，是否考虑使用陷胸汤呢</p>",
      "level": 0,
      "highlight": false,
      "children": [
        {
          "id": "f71bf41a8c9f6d47bac86feb34d66c5f",
          "author": "李宗恩",
          "time": "2025年01月13日 10:19",
          "content": "<p>中醫診斷不是只看單一症狀</p>",
          "level": 1,
          "highlight": true,
          "children": []
        }
      ]
    },
    {
      "id": "b644d9c4d652fec32b31048fe76deca4",
      "author": "文豪",
      "time": "2025年02月19日 19:10",
      "content": "<p>李醫生，您好！<br/>\n我父親57歲，小時候有慢性支氣管炎，長期咳嗽有二十年左右，四五年前有肺結核去醫院一直沒治好，最近出現雙腳很腫，臉也有一點腫。胸悶，吃點東西就很賬氣，咳嗽加重，吐痰會覺得咸，特別是躺下去咳嗽更嚴重，痰有時帶血，多為黃濃稠。到市醫院檢查有肺炎，心包積液、腹腔積液。後病情嚴重到州醫院檢查是肺炎嚴重，慢性支氣管炎，縱膈淋巴腫大，肺氣腫，心臟增大，心包少量積液，住icu現在腳腫，咳嗽脹氣基本消除但是要一直吸氧，醫生說二氧化碳分壓69過高，而且短期沒有辦法排除，只能住icu繼續吸氧，家庭貧困父親思想壓力大。我想也不是辦法，想尋求李醫生的幫助,拜謝！<br/>\n看倪師的視頻澤漆湯好像和此症狀比較吻合，是否可用？</p>",
      "level": 0,
      "highlight": false,
      "children": [
        {
          "id": "64fa3858a95b0106a7db10e58a075766",
          "author": "李宗恩",
          "time": "2025年02月20日 15:29",
          "content": "<p>我不在網上針對個案一一回答。</p>",
          "level": 1,
          "highlight": true,
          "children": []
        }
      ]
    }
  ],
  "page": 51,
  "order": 8,
  "filename": "data\\page51\\page51_order8_1ca6ad69516b7ab7019d0c01aaff1849.json",
  "timestamp": 1741417902.043909
}