{
  "article_url": "https://andylee.pro/wp/?p=5002",
  "title": "FM 96.1： 「咳痰」不僅僅是肺的問題",
  "content": "<!--[if lt IE 9]><script>document.createElement('audio');</script><![endif]-->\n<audio class=\"wp-audio-shortcode\" controls=\"controls\" id=\"audio-5002-1\" preload=\"none\" style=\"width: 100%;\"><source src=\"https://andylee.pro/wp/wp-content/uploads/2018/09/sdrcase-20180807-507-533pm-24m47s.mp3?_=1\" type=\"audio/mpeg\"/><a href=\"https://andylee.pro/wp/wp-content/uploads/2018/09/sdrcase-20180807-507-533pm-24m47s.mp3\">https://andylee.pro/wp/wp-content/uploads/2018/09/sdrcase-20180807-507-533pm-24m47s.mp3</a></audio>\n<p>最近太浩湖大火，空氣很糟，天空都灰濛濛的一片。</p>\n<p>我們以前提了很多肝心脾肺腎和血有关，灣區很多慢性病都跟肝脾互剋有關，肝脾互剋後就影響到心臟，影響到腎臟，我們比較少談到肺。肺屬於氣，肺臟有個很不一樣的地方，它叫「嬌臟」，為什麼？因為其他臟都藏在裡面，肺臟是唯一可以直接跟外面溝通的臟。肺其實非常非常敏感，在西醫來講，肺泡不小心傷到，譬如說車禍，不小心東西戳到，氣胸，肺泡就會塌陷，沒有辦法撐開。氣胸很多時候是因為穿了個洞，壓力增加，把肺擠垮。</p>\n<p>今天不論是火災或空氣污染，夏天都挺嚴重的，冬天也有不一樣的污染問題，實際上對肺的影響很大。大部分的人就說那我就自己吃些潤肺的東西，但不幸的，肺這個東西它非常嬌貴，不容易自己治療。肺它本身喜歡滋潤，可是又不能太濕，也不能太乾。上次講到感冒進展到肺炎，難治的地方在於它化冷化熱可以很快，痰有時候是黃的，有時候是白的，甚至有時候是病人會自己跟我講說，痰感覺從右邊出來會是黃的，左邊出來是白的，很多人說怎麼可能，但就是有可能，甚至下面寒中間熱。除了是生病以外，其實這種污染會開始累積，很多時候你沒有辦法，特別是現在人工的東西，例如家俱，燒了後是很嚴重的污染，人的肺是沒有辦法把它代謝掉的。</p>\n<p>通常大家買N95，但N95其實還不夠，N是油溶性物質它沒辦法過濾，95是95%；P才是可以把油溶性物質濾過，P95口罩就比較難買、比較少，P100就更難了。去年火災空氣汙染嚴重時，就有看到人騎機車戴防毒面具。</p>\n<p>空氣污染這麼糟糕，我們該怎麼去保養我們的肺呢？</p>\n<p>我們先講一些觀念，大家覺得痰是肺出來的，其實中醫認為痰的源頭、老闆是脾臟，五臟六腑皆有痰，它的管理者是脾臟。肺的痰相對來講是比較輕的，身體其他部位的痰，跟外面不接觸的痰，是很難吐得出來，得要靠身體去吸收。像我們講的，中醫認為大腦裡面有痰飲的話，血脈裡有痰飲的話，就變成像癲癇、精神疾病，也會有很多去痰的藥。也就是說，痰飲要去掉，咳嗽要去掉，至少有兩個臟要照顧，一個是肺，一個是脾。所以有些人會覺得奇怪，他是肺在咳嗽，怎麼醫生給的是治脾胃的藥，因為你強脾胃，雖然不直接治肺，但你可以利用去痰飲的方式去掉。不過如果說真的到肺嚴重的時候，比如說像這種污染，就得要重的藥，例如皂莢，它古時候是來當洗衣服的肥皂，很不好吃，吃的時候是配合一些其他東西，不能自己吃，可以把很濃稠的痰吐出來。在老菸槍戒菸癮的時候，甚至是戒毒癮的時候，我們會用到。毒癮中醫認為說，上癮很多時候跟肺和肝有關係，清肝可以把上癮的那個衝動去掉，對肺科，像吸的大麻，非注射用，這類吸進去的毒品的話，要清肺就得靠皂莢這種藥。</p>\n<p>肺的藥是要看程度，你說開始咳我就去吃枇杷膏可不可以？枇杷膏其實它潤喉，但對很多寒積的痰飲它效果很差，所以吃的時候喉嚨覺得舒服，但你痰飲其實在下面，很多人因為這樣覺得反正我就舒服了，就不用請假休息，甚至吃抗生素把它壓下來，痰飲累積在下面，久了以後就變成氣喘，很多其他的問題會出來。更嚴重的時候，會造成病變，例如肺癌。中醫認為寒積久了後會變成實，寒實到極端，變成陰實，那就開始出現所謂的腫瘤，運氣不好就變惡性腫瘤，這時候就很難治了。所以中醫認為你在還沒有累積到那程度就要把痰去掉，排痰是平時要做的。有些人覺得咳了兩年，也沒有甚麼不舒服，結果一檢查就肺癌了，這種情況還挺多的。</p>\n<p>咳嗽可以看起來就像感冒一樣，不是甚麼大問題，很淺，也可以很深很深。因此，還是要找醫生看。很多人喜歡在網路上查，吃甚麼可以補肺、清痰，但事實上那個辯證我會覺得是比較嚴肅一點，寒熱，以及用藥的比例，不是像以前說血虛就吃四物湯，就算可能四物湯不是很適用，最多你可能會上火，那也沒有關係，無傷大雅，可是肺就如同剛剛講的，它是個「嬌臟」，你不要隨便亂試亂吃，它的寒熱錯了以後，你很難矯正回來。</p>\n<p>臨床上就看到很多人自己亂找偏方吃出問題，他們看了西醫，服用咳嗽糖漿，沒有好，覺得反正西醫也沒認為有甚麼大不了，開抗生素，沒有效，就不需要看醫生，自己找網路上很多的偏方，譬如說吃大量的杏仁，吃單位藥桔梗，吃花旗參補氣，強氣不能亂強，譬如說今天管子賭塞，氣流不過去，你拼命打氣也沒有用，反而其中一段的壓力會更大，就是說若你有氣滯或什麼地方堵住，你得先清，所以中醫很多時候覺得你要補以前要先清，不要急著補，把東西清乾淨後才去補它。很多時候你可能覺得小問題，沒有關係，吃個糖漿也好，冰糖燉水梨也好，蜂蜜也好，都會有一點點幫助，但是問題是說真的是長期的咳嗽，或是這種污染，或是菸癮毒癮，還是該找醫生來治療。</p>\n<p><strong>熱線電話一</strong></p>\n<p>聽眾：每天早上起來覺得嗓子裡有痰，不常咳嗽，然後到中午下午就會變好。咳能咳出痰，但沒有想咳的意思。最近做超聲波，發現脖子裡有甲狀腺結節，醫生說這很普遍，但後來又做了一次檢查，說這結節有點硬化了，建議做穿刺。</p>\n<p>李醫師：其實這兩個問題以中醫的角度來看是相關的，都跟脾臟虛，不能去濕為主。首先，甲狀腺結節，甲狀腺中醫來講是水道，三焦水道，跟淋巴組織、乳房都是相連的，當水道運化不好就常常會有這種腫塊，或是月經來前乳房會有小硬塊，月經走了又通了。基本上，不嚴重時，在西醫來講是無傷大雅，只要不壓迫到神經、血管，造成痛或血液不流暢。其實很好攻，中醫到腫瘤的階段也還是可以攻得下來，所以建議找中醫試試看，不是很難的事情，應該是沒有問題。至於要不要做穿刺，穿刺現在比以前安全很多，真的要做也不是那麼糟糕，只是個檢測，不是治療。那早上痰飲，是因為脾臟比較虛，不能把痰排掉，晚上睡覺比白天少動，所以氣的運動比較差。早上快要起床、還沒起床的時候，中醫認為說陽氣會往外走，就會帶動這個痰，覺得喉嚨不舒服，想吐痰，本身不是太大的問題，只是身體清痰能力有點差。我會建議先治療，這是一個警訊，只是嗓子有點痰，不是個太大的問題，可是如果甲狀腺已經有腫塊或結節，代表他的水道循環確實是比較差的。中醫治療主要就是通水道，譬如瓦楞子、麥芽、牡蠣，再配合其他藥材，臨床上都還很有效的。</p>\n<p><strong>熱線電話二</strong></p>\n<p>聽眾：八十多歲，之前抽煙很多年，在七十多歲時戒菸了，然後他多年咳得非常厲害，不打抗生素壓不下來。</p>\n<p>李醫師：當你抽菸很多年，有很多的陳痰。有很多影片可以看到，抽了一包菸，肺就會變黑。人體會想辦法把它排掉，但是你超載之後，它怎麼排就是會剩下那一點，假設每年剩1%，抽了二十年那也很可怕，20%的肺就廢掉了。此外，長年抽菸後開始戒菸，可能會產生憂鬱症狀，肺主憂，憂對肺很不好，這時候就兩難。所以我們很多時候會建議不要太直接，慢慢減少，同時配合些藥物讓他菸癮減少，是比較安全。老先生的話我們用藥會比較輕，先不急著把肺裡面陳年的痰全部去掉，他可能會受不了，至少先把他容易吐出的痰清掉，讓他比較舒服。打抗生素並沒有用，只是把陳年痰愈壓愈深。</p>\n<p><strong>熱線電話三</strong></p>\n<p>聽眾：每年到冬天就咳，後來就注意養肺，喝些蜂蜜、水梨之類的，後來發現我不怎麼咳了，但是平時會咳些痰，清的，很黏。</p>\n<p>李醫師：一部份痰從肺出來，一部分從咽喉出來。所以像冰糖燉水梨、蜂蜜這些對咽喉的談會有幫助，但對肺裡的痰比較難。如果是冬天才有，是遇到寒，通常是肺寒，外面也寒，這時產生的痰飲就比較難去掉，久了容易變氣喘。但如果他今天吃了蜂蜜這些，就好了不少，代表他肺寒也沒有很嚴重，應該是小事，看個好中醫，把它處理掉就好了，應該不會很嚴重。</p>\n<p><strong>熱線電話四</strong></p>\n<p>聽眾：長期嗓子癢，經常吐些白色黏狀物，影響唱歌。</p>\n<p>李醫師：西醫檢查發現沒太大問題，會說你是梅核症，精神官能症，神經沒事亂放電。中醫會說是氣滯在喉嚨，很輕、很薄很薄的一層痰飲，就會覺得喉嚨怪怪。這通常蠻好治，半夏厚朴湯就可以解決掉。</p>\n<p>（語音檔案由FM96.1電台提供，文章摘錄自語音檔案內容，部分文字略有異同，敬請見諒。）</p>",
  "article_time": "2018年08月07日 21:28",
  "comments": [
    {
      "id": "6459e4db36dd21ef5734ac0d351cc035",
      "author": "魯豆腐",
      "time": "2018年10月05日 18:40",
      "content": "<p>Dr.李，又來麻煩您，能否教教如何戒斷西藥的憂鬱症用藥，為了朋友只能來求助於您了，要先能慢慢戒斷憂鬱症西藥我才能用中藥來救治他，先感謝您了</p>",
      "level": 0,
      "highlight": false,
      "children": [
        {
          "id": "7f83644eac95c2610e52e7f479602ca1",
          "author": "andy",
          "time": "2018年10月07日 20:10",
          "content": "<p>憂鬱症比較複雜，每個病人都不太一樣，我通常花很多時間去了解病人整個發病的歷史，以及病人具體的症狀表現，從怒喜思悲恐、魂神意魄志來連接五臟，再檢查對應的臟腑是不是真的有問題，通常看到得都是許多原因的結合，譬如長年睡眠不好、便秘，加上本來就內向，又正好受到一些事情的打擊等等。治療的方法也取決於病人及家屬實際的生活狀況，譬如先以安神助眠為目標，讓病人睡眠轉好，身體才有本錢恢復等等。</p>",
          "level": 1,
          "highlight": true,
          "children": [
            {
              "id": "73f978656325ac8576435f05f3d75444",
              "author": "魯豆腐",
              "time": "2018年10月07日 22:07",
              "content": "<p>謝謝您，想來為了患者您的顧慮是應該的，我就慢慢的摸索好了</p>",
              "level": 2,
              "highlight": false,
              "children": []
            }
          ]
        }
      ]
    },
    {
      "id": "1c2336a4efa952b10c15f809c0188b64",
      "author": "Day",
      "time": "2020年10月31日 18:44",
      "content": "<p>　　今天想跟大家淺談肝鬱並就教一些問題。<br/>\n　　在陳士鐸「外經微言․心火篇」提到：「心腎水火何相交而相濟乎？…是以心腎交而水火既濟，心腎開而水火未濟也。…心腎之交，雖胞胎導之，實肝木介之也。肝木氣通，腎無阻隔，肝木氣鬱，心腎即閉塞也。」可見肝鬱對心腎交流影響很大。<br/>\n　　另外「外經微言․肝木篇」寫：「然而肝木之虛，不全責腎水之衰者何故？岐伯曰：此肝木自鬱也。木喜疏洩，遇風寒之邪，拂抑之事，肝輒氣鬱不舒。肝鬱必下剋脾胃，制土有力，則木氣自傷，勢必求濟腎水，水生木而鬱氣未解，反助剋土之橫。土怒水助，轉來剋水，肝不受腎之益，腎且得土之損，未有不受病者也。」可見肝鬱不只剋脾胃也對腎有損。<br/>\n　　「梅核症」大都用半夏厚朴湯治療，可是在「辨證玉涵」卻是肝虛引起的久咳，方劑看起來裡面也有疏肝解鬱。「胃食道逆流」大都用旋覆代赭湯治療，可是在「石室密錄」卻是肝木之鬱。<br/>\n　　有吃素的朋友，最近半年血壓偏高，收縮160-180，舒張壓有時會高到99，問高血壓有中藥可以吃嗎？問他有沒有吃西藥？感覺如何？回「沒有，偶而頭重重的。」。從倪公先生高血壓的資料說：「得到高血壓，絕大多數只有三種成因，1、膽結石或發炎，2、腎結石，3、積水。」就問他有沒有膽結石、腎結石？他回「沒有。」。就問他有沒有肝鬱的症狀，胃食道逆流、兩臂兩肩膊痠痛？他回「有，偶而」。於是請他參考「石室密錄」內傷肝鬱的藥，吃了一帖回報「晚上，量了血壓，高138低82，幾乎快正常值了，好久沒有這麼標準了」。請問肝陽上亢是否就是肝鬱？</p>\n<p>肝虛久咳(肝鬱引起)<br/>\n肝虛之症，又從何而辨之？問其人，必兩脅作脹悶之狀，或左邊之疼痛而手不可按，或面目之青黑而氣無開，或胃脘作酸而欲吐，或痰結成小塊而嚥在喉嚨，或逢小怒而咳嗽更甚，此皆肝虛咳嗽之病也。吾今立一方，專治肝虛作嗽之症，神效之極，方名木金兩治湯：白芍（一兩），當歸（五錢），柴胡（三錢），炒梔子（二錢），蒼朮（二錢），甘草（一錢），神麴（一錢），白芥子（三錢或五錢），防風（五分），枳殼（五分）；水煎服。</p>\n<p>胃食道逆流<br/>\n肝經之病、兩脅脹滿，吞酸吐酸(胃食道逆流)等症，乃肝木之鬱也。方用生白芍五錢，柴胡二錢，炒梔子一錢，蒼朮一錢，茯苓一錢，神麴五分，半夏一錢，生甘草一錢，丹皮三錢，當歸三錢，水煎服。</p>\n<p>內傷肝鬱解法：更有人病內傷，而頭疼目疼，心脅痛，遍身痛，手足又痛，此皆肝氣鬱蒸之故。或頭痛救頭，腳痛救腳，治何日始能盡期？當據其要而先治之，餘者不治自癒。方用白芍五錢，當歸三錢，柴胡三錢，天花粉三錢，丹皮三錢，梔子三錢，甘草三錢，川芎一錢，香附一錢，桂枝一錢，水煎服。</p>\n<p>兩臂痛與兩肩膊痛<br/>\n兩臂痛與兩肩膊痛，乃手經之病，肝氣之鬱也。方用黃酒二升，當歸三兩，生白芍三兩，柴胡五錢，陳皮五錢，羌活三錢，半夏三錢，白芥子三錢，秦艽三錢，生附子一錢。水六碗，煎二沸，取汁，入黃酒內，一醉為度。</p>",
      "level": 0,
      "highlight": false,
      "children": [
        {
          "id": "5ea9ef6e1c474ec75b5d7ba549d68398",
          "author": "李宗恩",
          "time": "2020年11月03日 15:03",
          "content": "<p>如我上次告訴你的，古書的解釋是一個基本的思維方向，藥方為作者提供給讀者的參考，並非這個症狀就是那個原因，然後就是哪個藥方。半夏厚朴湯的咳嗽和肝虛的咳嗽是不一樣的，問題是臨床你怎麽知道是什麽原因？重點不在咳嗽單一症狀，而是整體的分析。「胃食道逆流」也非直接對應到「旋覆代赭湯」，醫術不精的醫匠才會以單一症狀來決定藥方。拿「胃食道逆流」做例子，臨床上很多時候不是胃的問題，而是肝不好，肝分泌的膽汁有問題，導致膽家病變，好比長江上游水污濁，洞庭湖也就泥沙淤積，不好的膽汁逆流入胃，導致胃液不正常，「胃食道逆流」是其中一種表現。換回中醫的説法，確實和肝膽有關係，是不是一定為肝鬱？那倒不一定，肝血虛等其它原因也可能導致。而如果是肝鬱造成的，你列出來疏肝的藥方也不一定夠力，譬如臨床上我常常得用到柴胡、玉金、黃芩、龍膽草、炙鱉甲、茜草、五倍子、海金沙、金錢草、鷄内金等等來清肝、清膽，把肝膽治好了，病人所謂的「胃食道逆流」症狀才會真的消失。</p>\n<p>簡而言之，「學而不思則罔、思而不學則殆」，而中醫最重要的「思」在於臨床治療反饋，初學中醫者很容易拿著古書内容來對應什麽病症，或者陷入文字表面意義之中。學中醫會經過三個階段，第一個階段是用古書中的方劑來治療一些普通的病症，覺得效果神奇，把中醫古書捧上天。第二個階段是發現許多稍微複雜的病症治療效果不良，開始懷疑中醫，許多人也就在這個階段放棄學習中醫。第三個階段是真的深入中醫的精髓，對複雜嚴重的疾病開始有了心得及臨床效果，重新建立對中醫的信心，也了解該如何融合貫通不同醫家的學説。然而，這個第三階段也只是學習中醫的起頭而已，還有很多得學習，更需要更多的臨床驗證。</p>",
          "level": 1,
          "highlight": true,
          "children": []
        }
      ]
    },
    {
      "id": "dc5acc80f96efdf0d035541efd4d51b0",
      "author": "Day",
      "time": "2020年11月07日 01:20",
      "content": "<p>謝謝指教！受教了！從您的網站，真的可以學到很多東西，謝謝！</p>",
      "level": 0,
      "highlight": false,
      "children": []
    },
    {
      "id": "84440ad4d3ff0875ef53aaf5d603d5cc",
      "author": "Day",
      "time": "2020年11月07日 01:55",
      "content": "<p>不知道您是否認識李寧先先生？有機會可以請教他如何治癌症？<br/>\n<a href=\"https://kknews.cc/health/5z8pjo8.html\" rel=\"nofollow ugc\">https://kknews.cc/health/5z8pjo8.html</a></p>",
      "level": 0,
      "highlight": false,
      "children": [
        {
          "id": "af32faa730f1bf7b8f76d04a1d57df4c",
          "author": "李宗恩",
          "time": "2020年11月07日 13:48",
          "content": "<p>我不清楚這位李寧先先生的情況，然而，依照網路搜尋非常有限的資料看來，這位李先生沒有醫師執照，沒有正式開業看診，網路上也沒有詳細的臨床病例，沒有大量的臨床看診經驗，他「理論」的敘述粗淺，停留在「觀念」上，真的有系統地學習過中醫、有幾年臨床經驗的中醫師大概都可以看得出來。網路上像這樣宣傳能治療重症的人很多，實際上真實的卻少之又少，就像中國大陸一堆「武術大師」，沒幾個真的能打的，我建議你不要把心思花在這些網路消息上。另外，你大概不了解倪海厦老師及我個人，我們臨床幫助癌症病人的數目及效果受到很多人的肯定，然而，我可以直接告訴你，如果任何人宣傳癌症很容易治療，那麼，這位人士要不是騙人就是根本沒有幫助過多少癌症病人，如同我在前一陣子的文章（https://andylee.pro/wp/?p=8327）內寫的：「末期癌症是非常棘手的問題，中醫西醫都一樣，我們能做的是盡量延長病人生命及提高病人生活品質，真的幫助過很多癌症病人的醫生，是無法不低頭謙卑地面對生死，以醫生的謙卑來換取老天的一些時間。」</p>",
          "level": 1,
          "highlight": true,
          "children": []
        },
        {
          "id": "ae257b47078963ee56d3861e166c9a85",
          "author": "ieitZYB",
          "time": "2020年11月07日 16:23",
          "content": "<p>倪师才是患者最后的希望</p>",
          "level": 1,
          "highlight": false,
          "children": [
            {
              "id": "645eec255f12379296f4f9ff43624fe3",
              "author": "魯豆腐",
              "time": "2020年11月07日 18:05",
              "content": "<p>當今的李宗恩醫師是現代的希望了</p>",
              "level": 2,
              "highlight": false,
              "children": []
            }
          ]
        }
      ]
    },
    {
      "id": "aac98b0cf8f5254657b3bac23add01de",
      "author": "嵐",
      "time": "2024年09月14日 19:22",
      "content": "<p>李醫生您好，關注您的事業轉變、部落格、書和一些錄音，一直盡微力推廣，希望您的footprint造福多多的人民。我叫嵐，廣東人，high tech legal background，住中東幾年了。近幾年覺得挺走投無路，能請求您慷慨看看我的問題嗎？<br/>\n大城市長大，除了走路我從來沒有運動的習慣。偏瘦和濕熱體質。十幾歲開始1）越來越緊張，2）頭肩頸和上/中背部長期痛，3）多年的濕疹越來越厲害，而至夜不能寐且傷口有膿。<br/>\n二十來歲時，濕疹吃了五個月的中藥治好了，別的沒治好。讀大學開始不自律和熬夜，到現在也沒能回去小時候的自律。<br/>\n因為特殊原因搬到中東，很不習慣食物和文化，長期常常生氣和傷心。抵抗力越來越差，每次換季我都生病，呼吸道感染此起彼落。<br/>\n結婚後變本加厲，還要養我丈夫和生孩子，懷第一胎開始到生了第二胎越來越多扔東西、喊叫、自殘，這些都是以前從來沒有過的事情。懷孕和帶孩子除了慈善機構一些幫助，婆家的幫忙微乎其微。第一胎後沒做過月子，我驚嚇之余越來越緊張和憂鬱，由於丈夫強烈要求，我開始吃精神藥物壓制。懷第二胎時，大孩子才1歲半，跟丈夫吵到我很嚴重的一次自殘幾乎去了西天。生二胎後胎盤不清，我失血2.5公升。產後胖了很多很多，尤其二胎後。<br/>\n第一二胎的时候都说我有gestational diabetes，但不算严重。<br/>\n最近我已經幾個月睡不好覺了。人生中第四次肺炎了。7月開始咳嗽，夜不能寐，痰呈白色或淡黃色。8月難得去了香港看醫生吃了三星期的藥（川貝母 白前 百部 紫蘇子 桔梗 甘草 麥冬 五味子 苦杏仁 黨參 等）好了很多。8月底回中東舟車勞頓和回到沒有人幫忙帶孩子的狀態，天氣也乾燥，病的比之前更厲害。咳嗽更加劇烈和難受，日夜顛倒的精神狀態，低溫燒，惡寒，痰呈深灰黃。頭肩頸和上/中背部疼痛又惡化了。<br/>\n上星期去看西醫說肺炎在左下肺，前兩天又去看說在左上肺。無奈之下吃了一個禮拜的抗生素，和一些西方偏方如grintuss、frankincense extract、propolis。這兩個禮拜也決定戒斷西方精神藥物，感覺心態和情緒差不多，反而是腦子清晰了一點。<br/>\n李醫生，我這邊沒有信得過的中醫（都是洋人中醫，比較馬虎的），我只有成藥和補品（五苓散 小柴胡湯 葛根湯 麻杏甘石湯 阿膠 十全大補 補中益氣 西洋參 麥冬 枸杞 蟲草）。我連肺寒肺熱都不會分，所以全都不敢亂吃。<br/>\n請問您在這些資源的情況下我能怎麼樣治療自己呢？如何清掉肺炎，然後如何能夠增強免疫能力？<br/>\n如果能得到您的幫助，我不勝感激。<br/>\n祝您和家人生活美滿平安，且您的醫術和精神被多多傳承。</p>",
      "level": 0,
      "highlight": false,
      "children": [
        {
          "id": "59475ae85264eba2775127b9e266cc18",
          "author": "李宗恩",
          "time": "2024年09月19日 12:04",
          "content": "<p>我不在網上針對個案一一討論。</p>",
          "level": 1,
          "highlight": true,
          "children": [
            {
              "id": "741df41070252872e0687479ed7f502b",
              "author": "邓文正",
              "time": "2024年09月19日 16:21",
              "content": "<p>唉，很同情你，但是时间有限没办法在网上针对个案，一个一个来分析，看似你描述的症状，其实有很多其他的问题，你可以现在开始预约李医生的网诊。现在开始得等待一年</p>",
              "level": 2,
              "highlight": false,
              "children": []
            }
          ]
        },
        {
          "id": "c7f5e1ac9761306d7a4dc183e20daa6c",
          "author": "明遠",
          "time": "2024年09月21日 02:25",
          "content": "<p>您不知道李醫師有網路看診嗎?只是排隊要排很久。</p>",
          "level": 1,
          "highlight": false,
          "children": []
        }
      ]
    }
  ],
  "page": 32,
  "order": 7,
  "filename": "data\\page32\\page32_order6_84440ad4d3ff0875ef53aaf5d603d5cc.json"
}