{
  "article_url": "https://andylee.pro/wp/?p=4777",
  "title": "科學家稱發現人體新「器官」！可能和癌症傳播息息相關",
  "content": "<p>今年三月在Scientific Report期刊，美國紐約大學醫學院團隊刊登他們的研究結果，宣稱發現原來被認為只是結締組織的連結物質（Interstitium），實際應該被重新定義為「器官」，因為它分布在全身各處、在體內相互連接、充滿液體、為強大柔韌蛋白質支撐的複雜腔室，很可能是人體內最大的器官。更重要的是，這個叫做Interstitium的器官，充滿了液體並在其它重要器官周圍流動，研究團隊發現癌細胞可以藉由它，快速到達身體各處，進入淋巴系統及其它器官，很可能就是癌細胞轉移的主要管道。</p>\n<p>有關的新聞報導：</p>\n<p><strong>CNN：Newfound ‘organ’ could be the biggest in your body</strong>  （<a href=\"https://www.cnn.com/2018/03/27/health/new-organ-interstitium-study/index.html\">https://www.cnn.com/2018/03/27/health/new-organ-interstitium-study/index.html</a>）</p>\n<p><strong>科技新報：科學家稱發現人體新「器官」！可能和癌症傳播息息相關</strong> （<a href=\"http://technews.tw/2018/03/28/organ-interstitium-cancer-connective-tissue-acupuncture-lymphatic-systems/\">http://technews.tw/2018/03/28/organ-interstitium-cancer-connective-tissue-acupuncture-lymphatic-systems/</a>）</p>\n<p>從這個這個新「器官」的描述、功能等等來比較，會讓所有學過中醫的人覺得根本就是中醫早就知道的三焦系統。同時，從臨床病例的觀察，許多中醫都知道癌症從三焦系統來傳變的機率非常高，幫助癌症病人，必須謹慎考慮三焦水道。而在幫助癌症病人時常用到的生硫磺，也正是極熱、通利三焦的要藥。很可惜，許多的中醫對生硫磺、生附子等等的運用認識不深，臨床治療停留在處理西醫治療的副作用，而非發揮中醫真正該有的療效。另一方面，許多西醫對中醫的理論及治療嗤之以鼻，不但無法從中醫的解釋來擴展西醫的看法，還處處鄙視中醫。</p>\n<p>當頂尖的醫學研究人員不斷的推展醫學的認知，我們會越來越發現，中醫的理論其實是非常領先的，會有越來越多證據來支持中醫的全面性。同時，如果西醫研究團隊能虛心的去深入中醫理論，那很可能會讓他們得到很多的知識及靈感，省去他們十年二十年的時間，直接往對的方向奔跑，而非閉門造車、原地打轉。</p>\n<p> </p>",
  "article_time": "2018年04月06日 06:27",
  "comments": [
    {
      "id": "a2e49a4afa73f8770d36814fc37d578d",
      "author": "魯豆腐",
      "time": "2018年04月06日 16:44",
      "content": "<p>中醫早在幾千年前就知道了，要治病還得從這部分來防治，但被看做似老掉牙的笑話。西醫學是微觀醫學，永遠沒有整體巨觀的思維，所以病永遠也醫不好，時時病情㑹再反撲，關鍵就在這裏，也因此我們時常都有笑話可看，而且每天都有最新專輯的笑話在出版。</p>",
      "level": 0,
      "highlight": false,
      "children": []
    },
    {
      "id": "74042c48bae2e79766be0b604da10ee1",
      "author": "斌",
      "time": "2018年04月06日 17:58",
      "content": "<p>我記得李醫師以前有提過當遇到不知從何下手的疑難雜症時，通利三焦水道往往有不錯的效果</p>",
      "level": 0,
      "highlight": false,
      "children": [
        {
          "id": "580c86e73b688630a67d4dab33c850dd",
          "author": "andy",
          "time": "2018年04月09日 08:56",
          "content": "<p>是的，病情不明、很雜、很嚴重時，通路利三焦水道常常是很好的起手動作。</p>",
          "level": 1,
          "highlight": true,
          "children": []
        }
      ]
    },
    {
      "id": "28fc4ce93ef7f4adc092cb42cb34f209",
      "author": "Ferry瑞芳",
      "time": "2018年04月07日 12:37",
      "content": "<p>中医两千多年前就发现三焦系统了，西医今天才发现它的存在，可见西医仅仅是医疗设备比较先进而已，而其理论是非常落后、片面和不完整的。</p>",
      "level": 0,
      "highlight": false,
      "children": []
    },
    {
      "id": "2f99c3632e1cf65bd02ff51664dadae0",
      "author": "HK",
      "time": "2018年04月08日 08:02",
      "content": "<p>可以算是西醫的「科技」證實了中醫「科學」的三焦理論嗎？</p>",
      "level": 0,
      "highlight": false,
      "children": [
        {
          "id": "3759a4642d7c79fca6134e0c1b7c2d4c",
          "author": "andy",
          "time": "2018年04月09日 08:58",
          "content": "<p>「證實」可能還需要更多的研究，但是，越來越多的醫學研究，讓我們對中醫的精深智慧更加讚嘆。</p>",
          "level": 1,
          "highlight": true,
          "children": []
        }
      ]
    },
    {
      "id": "e4b8cd2e5ed2bf0e52390d73bdb4d116",
      "author": "新小岩",
      "time": "2018年04月12日 20:43",
      "content": "<p>学西医的好处是，古人说的内容我们可以用现在的文字更深入的体会和佐证。<br/>\n还有就是跟病人解释的时候，沟通方便。<br/>\n可怜西医研究员，花一辈子时间研究，却不知道几千年前中医早就了解并有各种治疗办法。</p>",
      "level": 0,
      "highlight": false,
      "children": []
    },
    {
      "id": "9888533f24170baaa698ff6b14bc2aca",
      "author": "王彦强",
      "time": "2018年04月17日 06:29",
      "content": "<p>李医师现在大陆在流传这个消息，现在转发到这里：美国斯坦福大学医学院罗纳德·列维（Ronald Levy）教授所领导的研究团队所研制出的这种新型癌症疫苗，结合了两种免疫刺激剂。<br/>\n在实验时，研究人员首先在将试验小鼠身上 2 个部位移植淋巴癌肿瘤，然后研究人员将微量疫苗注射进其中 1 个恶性肿瘤里，活化其肿瘤内的 T 细胞。结果发现，小鼠注射这种疫苗后，不仅消灭了该部位的肿瘤，连未被注入药物的肿瘤也被同时消灭。<br/>\n在此项研究中，90 只老鼠中有 87 只体内癌细胞全部清除，成功率达 97%。仅有 3 只老鼠癌症复发，但在注射第二针疫苗后，肿瘤再次消失。<br/>\n这种新型癌症疫苗对许多不同种的癌症都有效，包括自然发生的癌症。研究人员又在患有乳癌、大肠癌和黑色素瘤的小鼠身上实验，取得了相似的成效。另外，研究人员还发现这种疫苗还预防了癌症的复发，极大地延长了小鼠的寿命。<br/>\n新型癌症疫苗的两种药物中，其中一种已经核准可用在人类身上，另一种则在进行与此种疗法无关的临床测试。<br/>\n         这个疫苗现在在招募人体试验的患者基本条件是：<br/>\n1. 低等级的非霍奇金氏淋巴瘤<br/>\n2. 身体能够承受旅行并在斯坦福校内接受6周的治疗<br/>\n3. 至少有一个部位的肿瘤可允许直接注射</p>",
      "level": 0,
      "highlight": false,
      "children": [
        {
          "id": "299aa349087fc032c111e407a92d3a81",
          "author": "andy",
          "time": "2018年04月20日 09:59",
          "content": "<p><a href=\"https://med.stanford.edu/news/all-news/2018/01/cancer-vaccine-eliminates-tumors-in-mice.html\" rel=\"nofollow ugc\">https://med.stanford.edu/news/all-news/2018/01/cancer-vaccine-eliminates-tumors-in-mice.html</a></p>\n<p>目前還在研究階段，如果真的能成功，對人類是很大的貢獻，不過，之前也有很多次被認為可能是重大突破的研究，後來發現問題比預料的複雜很多，那些研究也就卡死了。因此，對於這樣的研究報導，我們給予最大的祝福及期望，但是不能太早慶祝或依賴它來救現在的病人。</p>",
          "level": 1,
          "highlight": true,
          "children": []
        }
      ]
    },
    {
      "id": "cbe61288402bd190eff6fb056aa65d6f",
      "author": "拜师学艺",
      "time": "2018年04月20日 23:17",
      "content": "<p>李医师你好，我是倪海厦老师人纪班学生，来自内蒙古，30岁，老师的医案也都看过了，我现在就是没有临床经验，我想去你那学一下，包括眼诊，毕竟你是他最近亲的学生，我也很佩服你的医术，也看了你不少来大陆的讲座，</p>",
      "level": 0,
      "highlight": false,
      "children": [
        {
          "id": "723fbe6c32eac97b196f3ee623cce6c6",
          "author": "拜师学艺",
          "time": "2018年04月20日 23:37",
          "content": "<p>我是来自内蒙古的，30岁，男，自学倪海厦老师讲的经方四年，同时也研究了他所有的医案，受益匪浅。我家也是普通农民，前年冬天我爸觉的心口有点闷，我通过眼诊看到内眼角有突起黄色的丘，我确诊为心脉堵塞，去年夏天时我用瓜蒌薤白半夏汤加减，十付中药，完全治愈，我觉得中医辩证清楚非常简单，我也下定决心走中医之路，把倪海厦老师的中医精神学到手，大陆现在也比较支持中医，也有了现在的好政策，我现在正复习考试让自己行医合法，正真的医术还是要靠你栽培，你收一个徒弟大概学费多少，我提前准备一下，还有就是多会回来大陆，我想去见见你。</p>",
          "level": 1,
          "highlight": false,
          "children": [
            {
              "id": "326abf7b9f94d84c33471ef2b13b8fb1",
              "author": "andy",
              "time": "2018年04月24日 09:56",
              "content": "<p>目前我有不少學生，但是，還沒有真的收徒弟的打算，如果有緣分，自然會發生。</p>",
              "level": 2,
              "highlight": true,
              "children": []
            }
          ]
        }
      ]
    },
    {
      "id": "cabf8066dfcc27acb903daab8df55936",
      "author": "任勇伟",
      "time": "2018年04月30日 01:34",
      "content": "<p>老师你好，我现在这有个西医称‘懒汉病’’，也称布病，我观察他就是浑身乏力，怕风，想睡觉，大便不规律，有时便秘，有时下利，没有胃口，还有就是督脉上腰阳关的位置特别疼，不能行走，只能躺着，拍 了CT看到腰间盘突出症状，脉象是浮脉有力，舌象有白苔，颜色偏紫，脚有点冰冷，手温，我用了桂枝汤加了延胡索20，桃仁10，川牛膝20  ，白术15  ，茯苓15 ，今天的脉不浮了，也缓了下来，没有那么有力，但是疼没有减轻，出汗是腰疼的时候就出汗，我不知道用啥经方了，我想我用少阴证的麻黄附子细辛汤，但是他的脉不是沉细的，所以我有点查不到他的病因，所以老师帮我参考一下，谢谢！</p>",
      "level": 0,
      "highlight": false,
      "children": [
        {
          "id": "4a4ad255e36d6b523c89f8179d3b096c",
          "author": "andy",
          "time": "2018年04月30日 11:03",
          "content": "<p>雖然只聽你簡單的陳述，無法真的辨證論治，不過卻也可以看出些蛛絲馬跡，尤其是病人對桂枝湯加減的反應，也是很好的線索。看來病人中下焦寒濕阻隔，導致脾虛嚴重而渾身乏力，津液運化有問題，時便秘時下痢，桂枝湯加白术茯苓，行陽利水，確實會有幫助。當中下焦寒濕嚴重，陽氣無法順利運行時，適當的使用麻黄附子细辛湯是不錯的選擇，麻黄附子细辛湯原本的條文説「脈沈」，那是一個少陰症病情發展的基本準則，但是不代表病情不會更複雜，也不代表沒有脈沈就不能使用麻黄附子细辛湯。麻黄附子细辛湯在於發中下焦的陽，當中下焦寒濕嚴重時，單單使用利水藥不夠力時，可以考慮麻黄附子细辛湯，當然還是看病人實際情況，適當搭配其它利水等等藥材。</p>",
          "level": 1,
          "highlight": true,
          "children": [
            {
              "id": "94124b20a2e9bbea8c69045455fedd23",
              "author": "任勇伟",
              "time": "2018年05月09日 20:35",
              "content": "<p>上次一大早收到你的信息，中午我就给他用了麻黄10 g     细辛15g  炮附子25g      白术25g     茯苓15g     延胡索15g    ，吃了效果好的出乎我的意料，吃了一付药，以前不想吃饭，开始吃饭了，以前晚上睡觉盗汗很严重，现在不盗汗了，晚上盗汗上次都没给你说，以前身热，现在不热了，我给吃 了三付，舌苔由白腻苔变成了正常，腰疼也减轻了不少，以前但欲寐，也消失了，看起来有精神，脚也温了起来，我也从新看了一下倪海厦老师讲的，少阴病发热汗出，是心阳的热下不了小肠，反逆上来所以通过发热汗出的方式散心阳的热，因为是中下焦寒湿较重，这要交给西医不知怎么退热了，已经是少阴了，比较危险了，感谢李医师给我的指点，让我救回了一个少阴病，我问他晚上盗汗很严重，已经有3个月了，这个现象都没告诉你，你都能辩证的这么准确，真的让我佩服佩服，后来热退了，我去麻黄，细辛，加桂附八味加菟丝子，肉苁蓉，治他的腰间盘突出，吃了几天好多了，同时我也告诉他去针灸，好的速度很快，我也告诉他相信自己的身体，不要相信仪器，他还算听话，不然这个病去西医看输液要输一个月，每天输7组，好人也输的变成坏人了，谢谢老师的指点，也让我也学到了经验，有了进步，谢谢李老师。</p>",
              "level": 2,
              "highlight": false,
              "children": [
                {
                  "id": "c1560b7cfa17ed48ac819d4efba51977",
                  "author": "andy",
                  "time": "2018年05月10日 10:37",
                  "content": "<p>很高興你幫助到病人，也對傷寒論及辨證論治多了些了解。這是個好案例，現在中醫學校及很多中醫師都只是「一對一」的開藥，譬如把麻黃就只當成發汗用，也因此會説：「病人盜汗嚴重，為什麼還使用麻黃？」、「再用麻黃發汗，病人會大量津液流失而出問題」等等，其實，正統的中醫不是這樣辨證論治。我建議你把它寫成一個完整的醫案，一方面留給自己以後參考，另一方面也讓更多人了解中醫。</p>",
                  "level": 3,
                  "highlight": true,
                  "children": [
                    {
                      "id": "2d82c6231cac3791a7c8f138e7768615",
                      "author": "任勇伟",
                      "time": "2018年05月21日 12:44",
                      "content": "<p>李老师你好，我上次那个麻黄附子细辛汤的患者，现在的腰疼减轻了40%，以前疼的下不了地，疼痛剧烈，。现在可以下地了，有时好有时坏，舌苔也很正常，吃饭也可以，身无发热出汗，睡眠质量好大小便也正常，脉也正常，前几天吃了寒的药反而加重，现在还是疼，我想给用乌头汤了，我根据倪海厦老师讲的方法，乌头独立煎30g，煎1小时，在和蜂蜜30g煎半小时，用的时候加大拇指大小的汤勺一勺，加到 （麻黄10g，白芍10，黄芪10   炙甘草15  ）里，这是我听课总结出来的，我第一次用，所以老师把我指点一下，谢谢</p>",
                      "level": 4,
                      "highlight": false,
                      "children": []
                    },
                    {
                      "id": "4c535d829f62dadf1b1ddb2dd24a932d",
                      "author": "andy",
                      "time": "2018年05月23日 12:17",
                      "content": "<p>你為什麼想用烏頭湯？希望能藉此來改變身體什麼部分或情況？現在已經使用過的藥方為什麼沒有相似的功能？問題的癥結是否和你原來想的一樣？這些是你在改變藥方前得思考的，而不是因為烏頭比較熱，所以拿來試一試。</p>",
                      "level": 4,
                      "highlight": true,
                      "children": []
                    },
                    {
                      "id": "b25b63158b2f6c3d4977e8ef6f645356",
                      "author": "任勇伟",
                      "time": "2018年05月21日 03:21",
                      "content": "<p>我用乌头汤就是觉得他这个疼就是寒湿留在腰部的骨节中间，应为前面是少阴寒证，第二是吃了黄柏，知母的药反而加重，我给吃桂附八位有减轻但不明显，还有他以前有腰疼，但是没有这么剧烈，所以我觉得是少阴寒湿导致的腰疼。我刚看了一下倪师书里的用法，五枚乌头，为了保险，煎一小时，然后和含有50g的蜂蜜水在煎半小时，让后就是乌头蜜，然后大拇指大小的汤勺一汤勺和等量煎好的麻黄，黄芪，芍药，炙甘草，放在锅里在煮一次，煮成八分，然后就可以喝了，这个用法应该安全了，李老师不对的地方帮我指导，谢谢。</p>",
                      "level": 4,
                      "highlight": false,
                      "children": []
                    },
                    {
                      "id": "9e16617f6291106fefa3f28865db358f",
                      "author": "andy",
                      "time": "2018年05月23日 12:43",
                      "content": "<p>烏頭蜜製作的方法是可行的，不過，市面上賣的烏頭品質及藥性有不少差異，通常可以從許多位病人的反饋中推論出是否得調整煮的時間，或者改變烏頭及蜂蜜的比例。另外，烏頭湯不易去除腰部骨節內的寒濕。</p>",
                      "level": 4,
                      "highlight": true,
                      "children": []
                    }
                  ]
                }
              ]
            }
          ]
        }
      ]
    },
    {
      "id": "cdccf846237465dbb4e69ac40d00b837",
      "author": "jonsongu",
      "time": "2018年04月30日 01:49",
      "content": "<p>李医师，您好。这篇文章您有空看看，感觉此人对古中医的认识，简直莫名其妙。http://blog.sciencenet.cn/blog-222979-330328.html  。   <a href=\"https://www.letscorp.net/archives/130456\" rel=\"nofollow ugc\">https://www.letscorp.net/archives/130456</a>  阅读他的文章，不知道在说什么，广州中医药大学的朱泽伟，谢谢</p>",
      "level": 0,
      "highlight": false,
      "children": [
        {
          "id": "3be5a692092c675e0b2c60c6c40965f0",
          "author": "andy",
          "time": "2018年04月30日 11:09",
          "content": "<p>我很快看了一下，我不太清楚這位人士是認為中醫學生沒學好中醫就自己亂開藥？或者目前中醫教學有問題？還是認為中醫本身就是個問題？不過，我不了解這位人士為什麼認為藥方中有附子、澤瀉、防己等就有問題，正確的使用一味藥材，那就是好藥材，不正確的使用一味藥材，那就是不好的藥材，這是醫師的問題，並非藥材的問題。</p>",
          "level": 1,
          "highlight": true,
          "children": [
            {
              "id": "26d57ac984370f3555dc60338a1dace4",
              "author": "任勇伟",
              "time": "2018年08月15日 05:32",
              "content": "<p>李老师你好，就上面开始腰疼的特别厉害那个患者，现在还是没好起来，开始腰疼的下不了地，翻身也有点难，现在走路腰椎有点歪，活动不能动作大了，督脉命门处疼现在可以下地走路，但是走不远，腰上没有力，拍片是腰间盘突出，我给针灸了（后溪，委中，阴谷，阳陵泉，肾俞，命门，太溪，绝骨）针了十天刚针完有减轻，停俩天就又回到以前了，做艾灸也没有缓解，我以前想给乌头汤也没给用，其他都正常，后来看你文章生硫磺是治僵直性脊柱炎的猛将，以他开始时候疼的像定进钢板的疼，和这个僵直性脊柱炎疼法我觉得差不多，都是在督脉上，现在虽然不是以前那么疼，但是寒湿还在那，所以我想用生硫磺作主力，加桂枝汤重用桂枝25g 加白术茯苓去湿，生硫磺打粉12g布包提前煎30分，我买的进口生硫磺，品质保证，老师我的大方向对不，有哪不足的地方帮我指点，有的说生硫磺直接吃也可以，我是水煎，应该也有效果吧，谢谢！</p>",
              "level": 2,
              "highlight": false,
              "children": []
            }
          ]
        }
      ]
    },
    {
      "id": "f2d1b23d943f997c6370bc8c6e60ab40",
      "author": "王彦强",
      "time": "2018年05月01日 19:53",
      "content": "<p>李医师，最近从网上看到一篇关于汉唐系列讲解的文章，看文风不像是倪师的作品，目录上注有紫极书院，我想是别人杜撰的东西。</p>",
      "level": 0,
      "highlight": false,
      "children": [
        {
          "id": "19341e11c7c81b69d950bbf32ddcf9bf",
          "author": "andy",
          "time": "2018年05月01日 20:46",
          "content": "<p>倪老師對漢唐藥品系列得解釋，就只有他自己網站上的那些文章，其它部份都是其他人加上去的。</p>",
          "level": 1,
          "highlight": true,
          "children": []
        }
      ]
    }
  ],
  "page": 33,
  "order": 8
}