{
  "article_url": "https://andylee.pro/wp/?p=4333",
  "title": "康健雜誌：巴金森氏症居然是腸子搞的鬼？",
  "content": "<p>這一年來，越來越多的西醫研究顯示，巴金森氏症和老年痴呆症很可能和腸子有關，而非大腦原發性的病變。一年多前，我寫過一個病例：「<a href=\"https://andylee.pro/wp/?p=3582\">從一個奇特的病例談阿兹海默症(老年痴呆)</a>」，文章中提到，中醫兩千多年前就知道，當大腸內宿便及髒的東西累積很多以後，「沼氣」會由大腸進入肝臟，即所謂「金剋木」的現象之一，這個時候，如果肝臟也有問題，無法「解毒」，「沼氣」會沿著血脈入腦，而導致發狂、失神、失去記憶等等。而一年前病例提到的這位印度老太太，身體反應異常的快速，讓我們驗證及學習到很多。</p>\n<p>其實，現在有很多健康上的問題，中醫很早以前就已經有解釋、有解答方法，臨床治療也得到證實，很可惜，兩個原因使得這些「已有的答案」無法被人們使用：（1）現代醫學研究人員及臨床醫生，不夠虛心，覺得自己研究和治療方法是最先進的，怎麼有可能在兩千年前就已經有答案？（2）大多數的中醫師，也不夠虛心，覺得應該學習分子生物學、中西醫結合、宣傳自己什麼獨特的治療方法，卻瞧不起「黃帝內經」、「傷寒雜病論」等等中醫最經典的書籍，即使表面上背得爛熟，骨子裡卻覺得沒什麼大不了而不去深入探索其中的精髓。</p>\n<p>下面這篇康健雜誌的文章，轉述瑞典科學家的研究，探討腸子問題導致巴金森氏症的可能，其中的相關性是對的，可是把研究重心及治療方式放在切斷迷走神經是錯誤的，如果他們能虛心了解中醫，那麼研究成果會更加成功。</p>\n<p>另一方面，Google也開始進行一個創新的四年計劃，追蹤紀錄一萬人的健康情況及生活習慣，利用大數據分析， 找尋現有⻄醫學知識以外的疾病線索。花那麼多的人力物力，即使找到了一些生活習慣和健康的相關性，很可能只是中醫的皮毛而已，還不如虛心的研究中醫這古老卻高深的經典學問！</p>\n<h3>康健雜誌：巴金森氏症居然是腸子搞的鬼？</h3>\n<p><a href=\"http://www.commonhealth.com.tw/article/article.action?nid=75218&amp;page=1\">http://www.commonhealth.com.tw/article/article.action?nid=75218&amp;page=1</a></p>\n<div class=\"commonArticle\">\n<p>巴金森氏症跟失智症並列熟齡後最嚴重大腦退化問題，最新發現指出病源可能在腸道，毒蛋白順著神經向上爬，慢慢毒害大腦。</p>\n</div>\n<div class=\"commonArticle\">\n<div>\n<p>巴金森氏症給人最大的印象是手腳顫抖、肌肉僵硬痠痛、動作遲鈍，最後可能一輩子離不開輪椅。目前醫學上認為巴金森氏症是因為特定腦區中多巴胺的分泌量減少，使得控制動作的神經訊號沒辦法正常形成和送出。多巴胺莫名變少的原因還不清楚，但你想過這種腦部病變的源頭其實可能遠在腸子裡嗎？</p>\n<p>人體腸道和大腦相距足足1公尺，海角天涯的兩個器官卻出人意外地「麻吉」，這就是近10年來最吸睛的「腸—腦軸線」概念，形容雙方會透過神經訊號和分泌化學物質親密互動，像有條筆直的公路搭在中間，溝通無礙。例如多個登上國際期刊《科學》、《自然》的重量級研究已證實，主宰快樂、憂鬱情緒的不只大腦，腸也會決定你今天能不能有好心情。</p>\n<p><img alt=\"\" class=\"alignnone size-full wp-image-4335\" decoding=\"async\" fetchpriority=\"high\" height=\"350\" sizes=\"(max-width: 349px) 100vw, 349px\" src=\"https://andylee.pro/wp/wp-content/uploads/2017/06/A0762212.jpg\" srcset=\"https://andylee.pro/wp/wp-content/uploads/2017/06/A0762212.jpg 349w, https://andylee.pro/wp/wp-content/uploads/2017/06/A0762212-150x150.jpg 150w, https://andylee.pro/wp/wp-content/uploads/2017/06/A0762212-300x300.jpg 300w\" width=\"349\"/></p>\n<p>瑞典科學家從橫跨40年時間、近38萬人的研究中首次發現證據，指出巴金森氏症的病原可能順著從腦伸入腹腔的迷走神經，毛蟲攀藤蔓般一路「爬」上大腦。</p>\n<p>迷走神經主要控制身體無意識的生理活動，例如心跳速率和消化。部分罹患腸胃道潰瘍的病人會動手術切斷迷走神經，以達到抑制胃酸過度分泌侵蝕胃黏膜或十二指腸的目標。手術又分兩種，一種是切斷神經主幹，一種選擇性地切除部分神經分支。研究者指出，40年中9430人接受過迷走神經切斷手術，經過校正糖尿病、心血管疾病、關節炎、風濕、慢性阻塞性肺病等因素後，雖然整體看來是否曾經動過迷走神經手術和巴金森氏症風險無明顯關係，但 團隊發現，接受迷走神經幹切斷術已經過5年或更久的病人，可降低約40％的罹病風險 。</p>\n<p>研究人員認為：「這個結果提供了巴金森氏症可能從腸道開始的初步證據。」他們指出，該假說的旁證是巴金森病患常在罹病前幾年甚至幾十年就已有胃腸問題，例如便秘。其他研究也顯示，這些後來發病的病人腸子裡可偵測到引發巴金森氏症的關鍵蛋白質。這些蛋白質原本是人體的正常產物，但是在生成過程中出錯，分子結構異變，變成一群專搞破壞的叛軍，而且這種「變節」可能從一個細胞擴散到下一個細胞，沿神經入侵腦。</p>\n<p>團隊表示，還需要更多研究來進一步驗證這個理論，而且巴金森氏症成因複雜，很可能也不是單一因素可以解釋。這份報告已發表在《神經學（Neurology)》期刊。</p>\n<p> </p>\n</div>\n</div>",
  "article_time": "2017年06月26日 12:46",
  "comments": [
    {
      "id": "e9e4c0503fa68627c7a4b90a6b6b7211",
      "author": "琳",
      "time": "2017年07月08日 22:44",
      "content": "<p>请问这是不是代表巴金森氏和老年痴呆症大多半不是遗传性？如果大肠排泄顺畅是否能减低风险？ 或者是说排泄和排毒是两回事？</p>",
      "level": 0,
      "highlight": false,
      "children": [
        {
          "id": "12dafb93fee10a6af2b32f2a10ad9868",
          "author": "andy",
          "time": "2017年07月09日 21:05",
          "content": "<p>雖然中醫不講遺傳，你的推理並不合邏輯，因為即使巴金森氏和老年痴呆症確定是大腸沼氣入肝而轉入血脈所造成，在邏輯上，我們不能排除某些人的基因會導致他們大腸功能較差，或者肝解毒功能較差，因而比其他人容易得到巴金森氏和老年痴呆症。當然，反過來說，西醫研究說什麼基因造成什麼病，很多也不正確，很多情況下是某個基因和某個疾病有關聯性，可是因果關係並不明確，更何況那個基因可能和身體上很多情況有關聯性，並非簡單的一對一的對應。</p>\n<p>每天大便順暢，不代表沒用宿便在大腸內，不過，至少比大便不順暢好一些。</p>",
          "level": 1,
          "highlight": true,
          "children": [
            {
              "id": "ac6fba721e3aaaf98727c419908061bf",
              "author": "琳",
              "time": "2017年07月11日 08:59",
              "content": "<p>有道理。谢谢.</p>",
              "level": 2,
              "highlight": false,
              "children": []
            },
            {
              "id": "2b49a2f8652896ab9b4bc6df25bdeb34",
              "author": "gordon",
              "time": "2019年09月22日 07:36",
              "content": "<p>請問如何判斷還有沒有宿便在大腸內？觸診還是其他方法？謝謝！</p>",
              "level": 2,
              "highlight": false,
              "children": [
                {
                  "id": "d4a169e0a52a2270fbad405855261765",
                  "author": "andy",
                  "time": "2019年09月27日 15:31",
                  "content": "<p>除了基本的腹診、排便情況外，不難從病人的病史及綜合症狀下推斷，再從病人對方劑的反應來驗證。</p>",
                  "level": 3,
                  "highlight": true,
                  "children": []
                }
              ]
            }
          ]
        }
      ]
    }
  ],
  "page": 37,
  "order": 6,
  "filename": "data\\page37\\page37_order5_076cdb6cd035d235f49375ca157d1f5b.json"
}