{
  "article_url": "https://andylee.pro/wp/?p=4453",
  "title": "FM 96.1：  傳統中醫治愈躁鬱症（Bipolar）",
  "content": "<!--[if lt IE 9]><script>document.createElement('audio');</script><![endif]-->\n<audio class=\"wp-audio-shortcode\" controls=\"controls\" id=\"audio-4453-1\" preload=\"none\" style=\"width: 100%;\"><source src=\"https://andylee.pro/wp/wp-content/uploads/2017/08/drcase-20170822-533-531pm-25m06s_converted.mp3?_=1\" type=\"audio/mpeg\"/><a href=\"https://andylee.pro/wp/wp-content/uploads/2017/08/drcase-20170822-533-531pm-25m06s_converted.mp3\">https://andylee.pro/wp/wp-content/uploads/2017/08/drcase-20170822-533-531pm-25m06s_converted.mp3</a></audio>\n<p>上週二，Palo Alto Gunn High的一位十一年級升十二年級高中生在家自殺身亡，據說原因是成績不理想影響了大學的申請，想不開而自尋短見，學校和家長都十分震驚。其實細心觀察，在不幸發生之前應該有徵兆：比如本來很乖的孩子突然不說話了、晚上不睡覺、上網的頻率不正常等。李醫師臨床上見到的高中生案例比較少，更常見的是離開了父母的大學生，因為家人無法近距離觀察，所以一出就出大事：比如長時間曠課，期考缺考，騷擾同學等。傳統醫學無法給予積極地幫助，輕微的症狀或許用西藥可能讓病情好轉，但好轉的原因並不是吃了這些藥物，而是西藥暫時壓制了症狀，讓孩子的生活和人際關係正常，反饋就正常，病情才有可能轉好。可是對於很多常年累計的抑鬱，西藥就沒有效果了，反而有很多的副作用，很多精神科醫生都有這一共識。這一次台灣的精神科疾病治療的公益演講之行，與會的幾位精神科西醫表示：鑒於西藥的副作用，他們已經七、八年不開西藥了，治療以心理輔導和其它非西藥方式進行。李醫師通過演講要傳遞給主流西醫和患者的訊息是：傳統中醫對精神科疾病的治療是很有效果的。</p>\n<p>今天李医师要向大家介紹的一类精神疾病是「躁鬱症」，英文Bipolar，也稱為兩極症，其主要特徵為患者會不斷經歷「躁」(Mania) 和「鬱」（Depression）的兩種相反的極端精神狀態。病人會幾個禮拜情緒亢奮：比如講話很大聲，熱心參與各種活動，但其熱心程度超出正常人水平，甚至接近發狂的程度（maniac）而影響到周遭的 人；而幾個禮拜後情緒直轉急下，躲在家裏閉門不出。Bipolar病人肝腎都有問題，亢奮時肝陽上亢，腎陽消耗得太多，以致腎陽不足發生「斷電症」。斷電症發作時，感覺就像電源插座被拔掉，正在跑步的患者會突然倒地，而斷電倒下與一般的暈倒不同。</p>\n<p>順便提一下，除了躁鬱症，被跳蚤（tick）叮咬傳染得到的萊姆症（Lyme Disease）也會引起類似的斷電現象，原本主要活躍在美東地區的帶菌跳蚤被發現在美西也有增長的趨勢。臨床上也發現斷電症在西部有上升的趨勢，請大家出行前做好防蚊蟲叮咬的措施，尤其在春、夏跳蚤繁殖活躍的季節。</p>\n<p>言歸正題，下面是李醫師治癒躁鬱症的一個臨床案例。</p>\n<p>案例：一白人，男性，四十歲左右，患躁鬱症已五、六年。</p>\n<p>病人亢奮期間在公司做事太堅持，過於介入別人的項目，以至和同事發生爭執， 後來又進入情緒抑鬱階段，數禮拜沒去上班。李醫師辨證發現患者的肝是重要誘因。該病人從高中就開始抽大麻，經常喝啤酒，現今身體諸多現象均顯示肝有問題。</p>\n<p>中醫認為「肝主筋，其華在爪」，就是說筋是肝的系統在管理，而指甲（爪）是筋的延伸；當肝血不能潤筋時，指甲會變薄、表面凹凸不平、有奇怪的紋路，若是患者濕氣重還會出現灰指甲。另外，「肝開竅於目」，肝病患者的眼睛常常會出現視力模糊，眼壓高等症狀。肝受傷後，脾臟的吸收、運化水濕的功能會變差，長久以來就會造成惡性循環：寒濕在少腹累積、營養吸收不良引起肝血不足。肝脾兩臟從原來相互扶持制約的兄弟變成互相拖累的難兄難弟。肝的血不足，會求救於其母 – 腎，腎精消耗得太嚴重便會出現腎陽不足的現象，常見症狀表現：瞳孔對光的反應差，精神不穩定，常有恐懼不安感。</p>\n<p>那麼李醫師是怎麼治好這位患者的躁鬱症呢？鑒於病人的肚子很大，少腹寒濕累積已經有時日了，若沒有先將少腹熱起來，所有的內臟就像泡在冷水裡，清肝、健脾的效果都不會好。因此，李醫師先用經方麻黃附子細辛湯把中下焦溫起來，待少腹的寒去除後，問題就簡單化了。病人對藥的吸收變好，臨床表現在：舌苔開始退了，人比較清爽，不會咳了；李醫師再步步為營，為病人清肝、補肝血、健脾。從頭到尾大概三個月，病人在李醫師的治療下Bipolar很長時間沒有再犯。</p>\n<p>結語：治療複雜的案例要講究戰略戰術。治病辨證正確固然重要， 醫生在關鍵時候的信心、堅持，以及對劑量的拿捏也是考驗一個中醫師功力的重要方面。</p>\n<p><strong>（語音檔案由FM96.1電台提供，文章摘錄自語音檔案內容，部分文字略有異同，敬請見諒。）</strong></p>",
  "article_time": "2017年08月22日 21:58",
  "comments": [
    {
      "id": "e5bbbea88b07882c0799415a8f521880",
      "author": "魯豆腐",
      "time": "2017年08月27日 19:49",
      "content": "<p>Dr.李在治病的思路上實在令人佩服，抓對了治病的方向，再配合正確的戰略、恰如其分的戰術，終能將一切頑固的症狀解決，這種以傳統經方的思維來考量，才不致被現代西方醫學頭痛醫頭，腳痛醫腳的半調子治病想法給鬼遮眼了。</p>",
      "level": 0,
      "highlight": false,
      "children": [
        {
          "id": "50532fc8bfd193a1722353258e7aeccd",
          "author": "andy",
          "time": "2017年09月01日 15:42",
          "content": "<p>謝謝你的鼓勵！</p>",
          "level": 1,
          "highlight": true,
          "children": []
        }
      ]
    },
    {
      "id": "9986d1c1ae791b3d112ec4f17ed0ca94",
      "author": "David",
      "time": "2019年12月12日 01:07",
      "content": "<p>請問指甲旁常有皮膚倒刺的現象，可能是什麼原因，跟肝血有關嗎?</p>",
      "level": 0,
      "highlight": false,
      "children": [
        {
          "id": "029e673531083c2034d1c16356601ba4",
          "author": "andy",
          "time": "2019年12月12日 11:56",
          "content": "<p>指甲的問題，通常和肝有關聯，指甲旁邊的皮膚倒不一定是肝的問題。</p>",
          "level": 1,
          "highlight": true,
          "children": []
        }
      ]
    },
    {
      "id": "c0ea936802a85a5b5af530949fd53f62",
      "author": "Anne",
      "time": "2020年10月18日 14:03",
      "content": "<p>Please is there any way I can reach Dr. Li? My sister has suffered bipolar disorder for many years now and we have had to deal with western medicine and all the numerous side effects. We have been looking for a permanent treatment for her to no avail. Please help! Thanks!</p>",
      "level": 0,
      "highlight": false,
      "children": [
        {
          "id": "6edf4be3a2db8a0e55f4ca19408bdd73",
          "author": "李宗恩",
          "time": "2020年10月18日 15:34",
          "content": "<p><a href=\"https://andylee.pro/wp/?page_id=2115\" rel=\"ugc\">https://andylee.pro/wp/?page_id=2115</a></p>",
          "level": 1,
          "highlight": true,
          "children": []
        }
      ]
    },
    {
      "id": "19e94f4d74b9dce38603fba5fe46ab68",
      "author": "Day",
      "time": "2020年10月24日 17:24",
      "content": "<p>首先感謝李醫師提供的這篇文章，讓我治好了另一半的憂鬱症，她是在2003年診斷出來，吃了西藥改善很多，後來職場退下，她覺得沒有壓力，自行減藥，只吃半顆。也曾經停藥，需要時再回去吃。<br/>\n我看了二年倪先生的漢唐網站，2011年決定自學中醫，到了2017年底看到了陳士鐸醫學全書，解了我很多的疑惑。<br/>\n以下內容對專家來說可能很粗造，敬請指教：<br/>\n今年八月在書裏面找到了認為符合她的症狀(悶悶不樂，肝鬱)，吃了她覺得後有改善。後來，她覺得有社交恐慌症(膽怯)，也是書上有的，吃了，覺得有比較好，過一陣子，她覺得心情容易低落，也在書上找到藥方，吃了她心情比較好，結果，出現躁鬱症，一陣很high，一陣down，剛好搜尋到李醫師的這篇文章，提到肝腎兩治，書上也有肝腎兩治的方子，吃到現在，三個禮拜多，基本上她覺得人較正常，這中間她覺得心情較down，會在早上加吃心情低落的藥，本來早晚都吃，發現，晚上吃，會high過頭，現在不用吃心情低落的藥，而且肝腎兩治的藥，目前二天吃一貼，鞏固療效。<br/>\n事後發現，先治肝鬱的問題是對的，肝跟精神情志較有關係，肺燥是因肝引起的。以下藥方僅供參考。<br/>\n憂鬱症(悶悶不樂，肝鬱)<br/>\n思想結於心中，氣鬱而不舒乎？方用解鬱開結湯：生白芍一兩，當歸、生白朮各五錢，白芥子、生棗仁、丹皮、玄參各三錢，神麴、茯神各二錢，薄荷一錢，生甘草、陳皮各五分；水煎服。十劑而結開，鬱亦盡解也。<br/>\n恐慌症(膽怯)<br/>\n方用：熟地一兩，生白芍五錢，當歸、茯神各五錢，山茱萸四錢，柴胡、白芥子、生棗仁、肉桂各一錢，水煎服。<br/>\n心情容易底落(睡覺時，醒來腦筋容易想事情，停不下來，肺臟燥)<br/>\n方用轉愉湯：人參三錢(黨参六錢)，小麥、生白朮各五錢，茯神三錢，生甘草二錢，大棗十枚；水煎服。十劑痊癒。<br/>\n躁鬱症 (肝腎同治)<br/>\n方用熟地一兩，山茱萸五錢，白芍五錢，當歸五錢，柴胡二錢，肉桂一錢，水煎服。</p>",
      "level": 0,
      "highlight": false,
      "children": [
        {
          "id": "4894a184dcac658e020eadfa0af793bc",
          "author": "李宗恩",
          "time": "2020年10月24日 20:45",
          "content": "<p>謝謝你的分享！</p>",
          "level": 1,
          "highlight": true,
          "children": []
        }
      ]
    },
    {
      "id": "32924b801ca07f386242c091cab7dc1b",
      "author": "郑金宝",
      "time": "2020年10月26日 06:54",
      "content": "<p>李老师，能否讲讲白癜风的形成和诊疗思路？盼回复~</p>",
      "level": 0,
      "highlight": false,
      "children": [
        {
          "id": "abc0351aa96df759e4bb49f042c1d4f6",
          "author": "李宗恩",
          "time": "2020年10月31日 16:01",
          "content": "<p>白癜風比較複雜，通常和肝脾有關，脾無法去濕，肝無法解毒，但實際治療挺麻煩的。</p>",
          "level": 1,
          "highlight": true,
          "children": [
            {
              "id": "2dbfbfdc72f3381c75a59b5dc5f1a6ba",
              "author": "郑金宝",
              "time": "2020年11月01日 06:54",
              "content": "<p>非常感谢李医师在百忙中能予以回复。感恩中……</p>\n<p>患者是一个9岁的小女孩，最开始是在左眼皮（眉毛处攒竹穴附近）出现明显的一块硬币大小的白斑。当时参考陈杰宽医师的思路：肺属金，主皮毛，其无形之精气色白，肺气上越 ，其精气过度著于皮毛上，肺降敛收的功能减弱，是为白癜风之因。</p>\n<p>治之之法，降肺气，调营卫。益肝肾，补心阳。</p>\n<p>过则病。和则安。—-陈杰宽</p>\n<p>处方以：桂枝3 白芍3 炙甘草3  生姜3片 大枣12枚  柴胡3  郁金3 栀子3 麦门冬5  补骨脂3  白蒺藜2</p>\n<p>另外结合当地医院给开的白癜风丸以及外用药膏等，大约用了3个月的时间，白斑消失。</p>\n<p>可是现在又出现了复发的现象，位置在脑后风府穴附近，面积要比上次稍大一点儿。<br/>\n 患者睡眠好，胃口好，大便便秘较干，基本一天一次，小便深黄，<br/>\n爱口渴，喜欢喝热水，白天有时感觉身热，晚上睡觉不爱盖被子，说盖被子热。手脚温，容易出汗，感觉身体较疲惫，容易累，早上起床较懒散没精神，平时爱着急，稍有烦躁。有时会有头晕。脉浮稍数。眼诊肺区较黄浊，有点血丝。风府哑门穴位置出现一个半硬币大小的白斑。<br/>\n准备处方以：柴胡3 黄芩3 郁金5 半夏3 炙甘草3 党参2 泽泻5 补骨脂3 当归3 木通2 桂枝3 白芍3 厚朴2 枳实2 麻子仁3 杏仁3 生姜大枣<br/>\n考虑增加茯苓 白术 远志 合欢 麦门冬 栝蒌实</p>\n<p>希望李老师能在百忙中抽点时间指点一下，真诚感谢！</p>\n<p>另外，倪师提到的芝麻油与白酒混合饮用的验方可以使用吗？</p>",
              "level": 2,
              "highlight": false,
              "children": []
            }
          ]
        }
      ]
    },
    {
      "id": "6da03c9fea75544f871a32d7644a25a3",
      "author": "高云",
      "time": "2020年11月03日 07:16",
      "content": "<p>李医师您好！能告知您的电子邮箱吗？</p>",
      "level": 0,
      "highlight": false,
      "children": [
        {
          "id": "72cda080f4ced14a6da4a322ded110f8",
          "author": "李宗恩",
          "time": "2020年11月03日 14:26",
          "content": "<p>有事請和診所聯絡: <a href=\"mailto:info@youngQi.com\">info@youngQi.com</a></p>",
          "level": 1,
          "highlight": true,
          "children": []
        }
      ]
    },
    {
      "id": "83ee961a7e8839be658770e7f46208b4",
      "author": "闫中天",
      "time": "2023年11月02日 23:54",
      "content": "<p>老师，当归四逆汤和麻黄附子细辛汤同用，怕桂枝和麻黄一起会发汗太过吗？</p>",
      "level": 0,
      "highlight": false,
      "children": []
    },
    {
      "id": "a0007bdd7ac6c23d2e24c03dbd517a9f",
      "author": "shamrock",
      "time": "2024年01月07日 19:15",
      "content": "<p>请教李医师, 这案例当中如果病人肚子大，少腹寒湿，如果没有麻黄附子细辛，可以用肾着汤代替吗？</p>",
      "level": 0,
      "highlight": false,
      "children": [
        {
          "id": "73cebd33920880f54102fcb2460d61ab",
          "author": "李宗恩",
          "time": "2024年01月10日 09:49",
          "content": "<p>熱度差很多。</p>",
          "level": 1,
          "highlight": true,
          "children": []
        }
      ]
    },
    {
      "id": "52a0c8163c23dbbc59611e895edd46de",
      "author": "李梁",
      "time": "2024年06月24日 11:30",
      "content": "<p>这篇文章在切入点的顺序上非常值得引人深思，宗恩老师，我曾经在您一篇医案中做过一次笔记，也是写的一位女士肝阳上炕狂躁，治疗思路与其这位男士的治疗思路整体大方向基本没有很大偏差，唯独可能缺乏了清肝的步骤！想问一下宗恩老师，如果该案例，将清肝与温中下焦化中隔冰山两个平衡点放在一起，与其单独先温在清来对比，效果会不会差很多？</p>",
      "level": 0,
      "highlight": false,
      "children": [
        {
          "id": "6c6a53f00950f6897a59074f71704901",
          "author": "李宗恩",
          "time": "2024年06月27日 13:50",
          "content": "<p>每個病人情況不一樣。</p>",
          "level": 1,
          "highlight": true,
          "children": []
        }
      ]
    },
    {
      "id": "04bbb1dd5f365a12ad950c17cd94e5ae",
      "author": "Aihua",
      "time": "2024年09月10日 14:52",
      "content": "<p>请问李医师：在加拿大多伦多有倪师的弟子吗？谢谢！</p>",
      "level": 0,
      "highlight": false,
      "children": [
        {
          "id": "ee5d98091e4b2ba8fe766ec59d84e08f",
          "author": "李宗恩",
          "time": "2024年09月19日 11:18",
          "content": "<p>已經說過多次，不回答這樣的問題。即使是老師的學生，也不代表臨床功力足夠。</p>",
          "level": 1,
          "highlight": true,
          "children": []
        }
      ]
    },
    {
      "id": "c5482386ac7a8b00accf20caf6d678e3",
      "author": "老浩",
      "time": "2025年03月22日 18:02",
      "content": "<p>少腹寒湿，说明此时小肠温度已经不够了，那么少腹寒湿的人，他的大便是不是都是寒性不臭的？或者说少腹寒湿的人，他会不会同时大肠湿热，大便粘臭？</p>",
      "level": 0,
      "highlight": false,
      "children": [
        {
          "id": "961673dd004bbac628a4ebd527da7f3a",
          "author": "李宗恩",
          "time": "2025年03月30日 09:16",
          "content": "<p>少腹寒濕，是一個區域性的描述，其中的局部，有可能和整體不一樣。譬如，少腹寒濕的人，也可能熱入血室，導致膀胱濕熱。</p>",
          "level": 1,
          "highlight": true,
          "children": []
        }
      ]
    }
  ],
  "page": 37,
  "order": 3,
  "filename": "data\\page36\\page36_order10_60c42131b09bedee70ca0139d4366f33.json",
  "timestamp": 1744603431.9204147
}