{
  "article_url": "https://andylee.pro/wp/?p=10114",
  "title": "中時新聞網 – 治癒新冠旅美名中醫：「清冠一號」效果有限 若誤用反加重病情",
  "content": "<p>中時新聞網 – 治癒新冠旅美名中醫：「清冠一號」效果有限 若誤用反加重病情</p>\n<p><a href=\"https://www.chinatimes.com/realtimenews/20210526003707-260418\">https://www.chinatimes.com/realtimenews/20210526003707-260418</a></p>\n<figure class=\"wp-block-image size-large\"><a href=\"https://andylee.pro/wp/wp-content/uploads/2021/05/Screen-Shot-2021-05-26-at-9.00.43-AM.png\"><img alt=\"\" class=\"wp-image-10116\" decoding=\"async\" fetchpriority=\"high\" height=\"659\" sizes=\"(max-width: 951px) 100vw, 951px\" src=\"https://andylee.pro/wp/wp-content/uploads/2021/05/Screen-Shot-2021-05-26-at-9.00.43-AM.png\" srcset=\"https://andylee.pro/wp/wp-content/uploads/2021/05/Screen-Shot-2021-05-26-at-9.00.43-AM.png 951w, https://andylee.pro/wp/wp-content/uploads/2021/05/Screen-Shot-2021-05-26-at-9.00.43-AM-300x208.png 300w, https://andylee.pro/wp/wp-content/uploads/2021/05/Screen-Shot-2021-05-26-at-9.00.43-AM-768x532.png 768w\" width=\"951\"/></a></figure>\n<p>經濟日報 – 美治新冠名中醫李宗恩：台「清冠一號」誤用，反而會加重病情</p>\n<p><a href=\"https://money.udn.com/money/story/5658/5488168?fbclid=IwAR2wk8bHSjfxfgpVZl_27vvs-ZpVYfX-axcXYhyJ8DeMJc2qRJT4-esVnaI\" rel=\"noreferrer noopener\" target=\"_blank\">https://money.udn.com/money/story/5658/5488168</a></p>\n<figure class=\"wp-block-image size-large\"><a href=\"https://andylee.pro/wp/wp-content/uploads/2021/05/Screen-Shot-2021-05-26-at-8.18.29-PM.png\"><img alt=\"\" class=\"wp-image-10119\" decoding=\"async\" height=\"713\" sizes=\"(max-width: 880px) 100vw, 880px\" src=\"https://andylee.pro/wp/wp-content/uploads/2021/05/Screen-Shot-2021-05-26-at-8.18.29-PM.png\" srcset=\"https://andylee.pro/wp/wp-content/uploads/2021/05/Screen-Shot-2021-05-26-at-8.18.29-PM.png 880w, https://andylee.pro/wp/wp-content/uploads/2021/05/Screen-Shot-2021-05-26-at-8.18.29-PM-300x243.png 300w, https://andylee.pro/wp/wp-content/uploads/2021/05/Screen-Shot-2021-05-26-at-8.18.29-PM-768x622.png 768w\" width=\"880\"/></a></figure>",
  "article_time": "2021年05月26日 09:54",
  "comments": [
    {
      "id": "2e028af26d680ead278a4b9980d45f38",
      "author": "魯豆腐",
      "time": "2021年05月27日 18:27",
      "content": "<p>Dr,李：感謝您為大家上了這麼寶貴的一課<br/>\n希望真的多少能點醒一些命不該絕的人<br/>\n在這個人人自危的時間點，台灣政府一直無作為<br/>\n難怪人民陷入恐慌與無力感，只能躲避死神魔爪降臨<br/>\n看在眼裏只是無言</p>\n<p>經方子弟習以家人自保也難保他人<br/>\n每日眼見盡是無奈<br/>\n只怪世上西醫當道害人太深</p>",
      "level": 0,
      "highlight": false,
      "children": [
        {
          "id": "b7a14cef32371b8cc5e15c40c709fb3b",
          "author": "李宗恩",
          "time": "2021年05月27日 19:42",
          "content": "<p>危機也是轉機，這次中國大陸對抗新冠疫情，很多人對經方的療效大為驚嘆，連中國國務院、衛健委、中醫藥管理局都站出來推展經方為主的清肺排毒湯，對經方是很大的鼓勵，或許，台灣大眾也會因疫情而覺醒，重新認識及肯定中醫。</p>",
          "level": 1,
          "highlight": true,
          "children": []
        }
      ]
    },
    {
      "id": "3a8238b6b85b7e9ab451a8ba54151c1c",
      "author": "张婷",
      "time": "2021年06月05日 21:04",
      "content": "<p>李医生，您好。麻烦问一下，汉唐经方的中成药哪里可以买到呢？谢谢~（之前在微信公众号上给家人买的汉唐经方中成药炙甘草汤，吃了效果很好，等再买时已经没有了。）</p>",
      "level": 0,
      "highlight": false,
      "children": [
        {
          "id": "635a9a9bf704e5070c96518c88f827e3",
          "author": "李宗恩",
          "time": "2021年06月05日 21:45",
          "content": "<p>我不確定你指的是什麼漢唐中醫中成藥，在中國大陸，所有中藥成品都得國家核准，倪老師原本診所的中藥成品並沒有在大陸販售。</p>",
          "level": 1,
          "highlight": true,
          "children": []
        }
      ]
    }
  ],
  "page": 13,
  "order": 10,
  "filename": "data\\page13\\page13_order9_368afe81e4eedf802378f9df0e9d22c7.json"
}