{
  "article_url": "https://andylee.pro/wp/?p=9747",
  "title": "新書通過大陸審核銷售",
  "content": "<figure class=\"wp-block-image size-large\"><a href=\"https://andylee.pro/wp/wp-content/uploads/2021/02/Screenshot-2021-02-26-101239.png\"><img alt=\"\" class=\"wp-image-9753\" decoding=\"async\" fetchpriority=\"high\" height=\"637\" sizes=\"(max-width: 1024px) 100vw, 1024px\" src=\"https://andylee.pro/wp/wp-content/uploads/2021/02/Screenshot-2021-02-26-101239-1024x637.png\" srcset=\"https://andylee.pro/wp/wp-content/uploads/2021/02/Screenshot-2021-02-26-101239-1024x637.png 1024w, https://andylee.pro/wp/wp-content/uploads/2021/02/Screenshot-2021-02-26-101239-300x187.png 300w, https://andylee.pro/wp/wp-content/uploads/2021/02/Screenshot-2021-02-26-101239-768x478.png 768w, https://andylee.pro/wp/wp-content/uploads/2021/02/Screenshot-2021-02-26-101239-1536x955.png 1536w, https://andylee.pro/wp/wp-content/uploads/2021/02/Screenshot-2021-02-26-101239-2048x1274.png 2048w\" width=\"1024\"/></a></figure>\n<p>網頁同名新書「當張仲景遇上史丹福」繁體中文版通過中國出版管理當局審核，獲准在大陸正式銷售，經銷商的購書連結為：：</p>\n<p><a href=\"https://detail.tmall.com/item.htm?spm=a220m.1000858.1000725.6.6d4a2429RNwuDi&amp;id=633153441784\">https://detail.tmall.com/item.htm?spm=a220m.1000858.1000725.6.6d4a2429RNwuDi&amp;id=633153441784</a></p>\n<p>我們本來認爲關於連花清瘟疫、張伯禮院士手術切除膽囊及其它幾個部分的討論，有些政治敏感，會被要求修改或刪除。然而，出版管理當局並沒有提出異議，大陸經銷商在網頁上更直接拿連花清瘟疫那段來宣傳，這是我們沒有意料到的。</p>\n<p>橫式簡體中文版已經交付中國輕工業出版社發行。中國大陸核准出版醫療方面書籍的出版社不多，中國輕工業出版社為國家一級出版社，正規經營，以前也和台灣圓神及方智出版社合作過，期待在兩三個月内正式發行橫式簡體中文版。</p>\n<p>新書在台灣銷售不錯，出版兩個多月内已經第四刷了，非常感謝讀者們的支持！</p>",
  "article_time": "2021年02月26日 10:21",
  "comments": [
    {
      "id": "38b1e807d95a75829b9e3be1185929e9",
      "author": "carey",
      "time": "2021年02月28日 23:46",
      "content": "<p>期待横版简体……一定会买一本仔细拜读！</p>",
      "level": 0,
      "highlight": false,
      "children": []
    },
    {
      "id": "acd7ac88dd71aaa4d860395a684b32f7",
      "author": "青山依旧在",
      "time": "2021年03月06日 02:19",
      "content": "<p>期待简版</p>",
      "level": 0,
      "highlight": false,
      "children": []
    },
    {
      "id": "2c20769b4972070aeb17ba107d66199e",
      "author": "三三三",
      "time": "2021年03月27日 01:06",
      "content": "<p>已买，安心等待45天后发货~~~</p>",
      "level": 0,
      "highlight": false,
      "children": [
        {
          "id": "d3aa495f9149ef883d8ea2fa045ebf8d",
          "author": "三三三",
          "time": "2021年04月01日 04:46",
          "content": "<p>超级快，今天已经收到啦~~晚上回去就可以拜读啦~~~开心</p>",
          "level": 1,
          "highlight": false,
          "children": []
        }
      ]
    },
    {
      "id": "8729b03d0a526970b2efb45096c03fbd",
      "author": "慕中",
      "time": "2021年04月03日 22:39",
      "content": "<p>太好了! 希望中医不停留在很玄很难懂的空想中, 而借李医师许多深入浅出的医案激励更多人以可操作的、可印证的科学思维来认识中医。</p>",
      "level": 0,
      "highlight": false,
      "children": []
    }
  ],
  "page": 15,
  "order": 1,
  "filename": "data\\page14\\page14_order10_d6b163d7c0e0472a587029deee335b53.json"
}