{
  "article_url": "https://andylee.pro/wp/?p=11184",
  "title": "扶陽與滋陰",
  "content": "<p>上一篇文章中，我們討論了一位全身關節炎的病患，之前看診的多位中醫師使用了桂枝芍藥知母湯加減、烏頭湯加減、甚至大劑量的烏頭，那些皆為傷寒雜病論中治療歷節的知名方劑，病人的反應卻不好，我們使用了簡單的甘麥大棗湯、酸棗仁湯等加減組合，反而關節炎疼痛明顯減輕。文章得到了許多的迴響，有些人問到，經方中醫不是以扶陽為主，很少滋陰，怎麼李醫生會使用補血的藥方來治療<meta charset=\"utf-8\"/>關節炎？扶陽和滋陰，哪個才是對的？</p>\n<p>許多年前，我受邀到中國國家中醫藥管理局及廣州中醫藥大學舉辦的國際經方班教學演講，我特意討論如何理解中醫的陰陽。在陰陽的名詞上，我做了個比喻，陽好比「能改變人體物質的能量」，而陰好比「能儲存人體能量的物質」。白話一些，陰好比「充電式電池」，人體內有各式各樣不同的<meta charset=\"utf-8\"/>「充電式電池」，而陽好比電力產生的能量，無論是人體的肌肉運動或血液運送營養，在觀念上都可以比喻為能量的儲存、運送、釋放等等。換句話說，扶陽的概念好比為人體灌輸更多的能量，而滋陰<meta charset=\"utf-8\"/>的概念好比為<meta charset=\"utf-8\"/>人體添加更多的<meta charset=\"utf-8\"/>充電式電池。</p>\n<p>然而，無論扶陽還是滋陰的中藥，我們服用下去，並不是直接就能<meta charset=\"utf-8\"/>扶陽或滋陰。那些中藥只是提供基本的材料，人體必須消化、吸收、轉換、運送那些材料，才能達到<meta charset=\"utf-8\"/>扶陽或滋陰的效果。就拿滋陰做例子，不是服用了所謂的<meta charset=\"utf-8\"/>滋陰方劑，就可以增加人體內的<meta charset=\"utf-8\"/>「充電式電池」。人體內有許多的工廠，負責製造各種不同的<meta charset=\"utf-8\"/>「充電式電池」，這些工廠需要適當的材料、良好的機器、正確的管理等等，更重要的是必須有能量來運作機器，哪天電力不足了，甚至停電了，有再多的材料，工廠還是無法製造符合正規標準的「充電式電池」。同樣的，材料和成品的運送、廢料的清除、工廠的維修、工廠彼此之間的合作等等，也都需要能量來運營。正因為如此，當某類的<meta charset=\"utf-8\"/>「充電式電池」不足時，很多情況下不是缺少最上游的原材料，而是沒有足夠的能量來進行一長串、環環相扣的工作，甚至連機器故障了都無法維修好。這也是為什麼我們常常會說，把陽補足了，陰虛也會自然改善。</p>\n<p>反過來說，很多情況下，也可能真的是沒有足夠的材料。製造<meta charset=\"utf-8\"/>「充電式電池」需要材料，修理機器需要材料，清理廢物的管道也需要材料來維護。當人體匱乏那些材料時，你再怎麼提供外來的能量，工廠也不能製造良好的<meta charset=\"utf-8\"/>「充電式電池」，而缺少了<meta charset=\"utf-8\"/>良好的<meta charset=\"utf-8\"/>「充電式電池」，外來的能量也無法被儲存、運送及在適當的時機釋放出來給各種機器使用。時間再拖延，連本來有的<meta charset=\"utf-8\"/>「充電式電池」也開始敗壞、無法修補，原本儲存在那些<meta charset=\"utf-8\"/>「充電式電池」的能量也只好在不適當的情況下被迫流失、亂竄、不被人體接受使用等等。這樣的情況下，我們當然得趕緊補足材料，不然，不但陰虛了，陽也跟著虛了，那麼陰就會更虛了，畢竟工廠都停電了！ </p>\n<p>從上面的比喻，讀者應該可以理解，問題不在於「應該強調<meta charset=\"utf-8\"/>扶陽還是滋陰」，而是應該深入了解為什麼要<meta charset=\"utf-8\"/>扶陽、為什麼要<meta charset=\"utf-8\"/>滋陰，更應該釐清在整個治病過程中，各種戰略的先後順序，以及每一步應該要做到什麼樣的改變，如此才能恢復人體的平衡及正常運作。有足夠的能量來運營人體內錯綜複雜的各個部門及工廠，有足夠的材料來製造各種<meta charset=\"utf-8\"/>「充電式電池」，也才能有效的儲存、運送、釋放能量到各個需要的地方，這是一個完整的迴路，缺一不可。</p>\n<p>元朝朱丹溪說「陽常有餘、陰常不足」，或許<meta charset=\"utf-8\"/>朱氏原本的意思是指陰虛下導致的虛火，後代的醫家卻拿這句話來盲目地<meta charset=\"utf-8\"/>滋陰。如果工廠缺電，你給工廠一大堆原材料，不僅僅無法產生出成品，那些材料也只是等著敗壞腐爛，不但耗損更多的能量來清除，更把工廠的工人都毒死了！更何況就算製造了許多<meta charset=\"utf-8\"/>「充電式電池」，你沒足夠的電力充電，那些<meta charset=\"utf-8\"/>「充電式電池」也是沒用，等著過期而已。</p>\n<p>當然，人體比這樣的比喻複雜多了，遠遠不只是「電力與電池」而已，以後有機會再跟大家慢慢解釋。</p>",
  "article_time": "2022年02月13日 22:38",
  "comments": [
    {
      "id": "00d3eccfadf197dbe531d91ddf516b2a",
      "author": "Vincent.Do",
      "time": "2022年02月16日 17:37",
      "content": "<p>老师解释得极为透彻!如果都能像您这样教导，中医就完全可以被更多的人接受。</p>",
      "level": 0,
      "highlight": false,
      "children": []
    },
    {
      "id": "dfe7f783175bfa385511724f4819127c",
      "author": "xiaoyuz",
      "time": "2022年02月17日 20:08",
      "content": "<p>感谢李医生孜孜不倦的发布各篇解答博客</p>",
      "level": 0,
      "highlight": false,
      "children": []
    },
    {
      "id": "f853a8c315415b68105bf8e89102d455",
      "author": "sinozhou",
      "time": "2022年02月18日 01:57",
      "content": "<p>陰陽俱虛，顯補其陰。</p>",
      "level": 0,
      "highlight": false,
      "children": [
        {
          "id": "1222aed7b29899ce2a6fe8823c4d36c8",
          "author": "李宗恩",
          "time": "2022年02月23日 10:23",
          "content": "<p>不是那麼單純，就是這樣過於簡單的說法，導致一堆中醫師無法處理複雜一些的問題。</p>",
          "level": 1,
          "highlight": true,
          "children": [
            {
              "id": "f08778f22f6689a204317fd83785fa16",
              "author": "李阳",
              "time": "2022年02月26日 05:37",
              "content": "<p>您好李老师，我是河南的一个僵直性脊柱炎的患者，李阳，希望您发一些关于这个病的案例，给你留过一次言，不知道您有没有看到，20年认识到世界上还有经方倪师和您，我不想被僵直性脊柱炎打倒，我想学习，战胜它，请您给我指个方向，我喝过四逆汤，当归四逆汤，吴茱萸汤，身体消瘦皮包骨头。31岁，遇冷会打冷颤然后头疼，，，请您不忙了回复我一下，我会持续关注您分享的案例，我也买了一本您的新书当张仲景遇上斯坦福，我理解的斯坦福就是您，意思是古代的张仲景，如今的有您李医师，</p>",
              "level": 2,
              "highlight": false,
              "children": [
                {
                  "id": "de2fbe650bba97af23bbf256934dcb2d",
                  "author": "李宗恩",
                  "time": "2022年03月09日 16:13",
                  "content": "<p>我不在網上針對個案一一討論。</p>",
                  "level": 3,
                  "highlight": true,
                  "children": [
                    {
                      "id": "ecb5633bb384572035c00e4728bd78f3",
                      "author": "李阳",
                      "time": "2022年03月10日 17:28",
                      "content": "<p>李医师您好，之前已经给您留了三次言了，知道您忙，和您有一个共同的地方我也姓李，叫李阳，15139711838我是一个大陆的僵直性脊柱炎患者，目前在河南商丘，希望能得到您的远程视频指导，在其他日志里看到您是僵直性脊柱炎需要用到硫磺，但却不知道怎么用，我自己也看了倪师的人纪，用了一些原方，没有效果，也买了您的书，上面没有僵直性脊柱炎的课题，希望留言能被您看到，</p>",
                      "level": 4,
                      "highlight": false,
                      "children": []
                    },
                    {
                      "id": "6d57464db1a590b0f67f28c73419f940",
                      "author": "李宗恩",
                      "time": "2022年03月10日 18:49",
                      "content": "<p>我已經回答你，我不在網上針對個案一一討論。</p>",
                      "level": 4,
                      "highlight": true,
                      "children": []
                    },
                    {
                      "id": "9c785372bd5bf240405cc6837871e88b",
                      "author": "李阳",
                      "time": "2022年03月13日 16:10",
                      "content": "<p>李医师您好，看到你回复我，可以远程找您看病吗？</p>",
                      "level": 4,
                      "highlight": false,
                      "children": []
                    },
                    {
                      "id": "8300f0b07f44f6b68a46c9baa1a9a289",
                      "author": "李宗恩",
                      "time": "2022年03月13日 18:15",
                      "content": "<p>請聯絡診所:info@youngQi.com</p>",
                      "level": 4,
                      "highlight": true,
                      "children": []
                    }
                  ]
                }
              ]
            },
            {
              "id": "91a8ce0f651505e9aa760d744c310cdc",
              "author": "欧阳",
              "time": "2023年10月07日 09:42",
              "content": "<p>强阳，阴自回。我的理解是增加人体的基础代谢，也就是强心，健脾胃，让病人吸收更好。我水平有限，但我觉得酸枣仁汤和甘麦大枣汤虽然看上去是阴药，但其实都是强阳的方子。</p>",
              "level": 2,
              "highlight": false,
              "children": []
            }
          ]
        },
        {
          "id": "bc98e492d12a0e8a641f87b5eac341f6",
          "author": "李梁",
          "time": "2023年09月10日 01:28",
          "content": "<p>你这个问题没有标准答案</p>",
          "level": 1,
          "highlight": false,
          "children": []
        }
      ]
    },
    {
      "id": "daa992e14b54218f714191dba78f714d",
      "author": "秦嗷嗷",
      "time": "2022年02月18日 07:44",
      "content": "<p>李医师，我在微博看到的博文，作为更了解倪师的学生，您怎么看？(仅仅好奇，没有其他意思)“[cp]中午和师弟聊了下倪海厦，还有经方派，现在中医圈子对倪有两种比较极端的评价，一个说他是骗子、大忽悠，一个说他是经方大师、真正的中医，其实都不可取。倪海厦是一个悟性很高的人，最早师从台湾著名的针灸名家周左宇和徐济民，在台湾军中服役的时候就以针灸出名，后来的内科老师是姜佐景，也就是曹颖甫的徒弟，曹颖甫算是很多经方派很推崇的人，但是实际上他的病人并不多，远不如当时上海丁甘仁这些人。曹本身也是过于推崇经方，倪海厦的一些言论必然是受到了他师公和师父的影响。倪大概从2010年左右慢慢藉由盗版视频走红，影响了一大批中医爱好者和中医师，其实还是造成了两个不太好的后果，一个就是偏激的认为西医什么都不行，二个是认为经方可以包打天下。我观察过很多受倪海厦影响的人，甚至包括临床医师，一提温病就是你温病派如何如何，但是我估计他们连一本温病相关的书籍都没看过，实际上他们临床效果也不好，这是很致命的。但是倪的东西也并不是没有价值，他讲针灸的课程，以《针灸大成》为课本，徐徐展开，说实话，在针灸网课里很少有比他讲得好的。而且倪本身针灸水平高，对经方用药的不足也是一个很有益的补充，现在那些所谓鼓吹自己经方派的，又有几个针灸水平高的？倪海厦另外讲的伤寒和金匮，很多观点也是很能启迪思路的，就算有些诠释你不赞同，也不至于像一些人说成是骗子和大忽悠，这就走了另一个极端了。整体来说，倪海厦的东西，我觉得还是要有一定的基础以后再看，对临床是有帮助的。但是不适合初学者，特别是倪对温病的评论，基本都是错误的，千万不能受其影响……[/cp]”</p>",
      "level": 0,
      "highlight": false,
      "children": [
        {
          "id": "20922c423a0b56a6213d1440aaccc906",
          "author": "ieitZYB",
          "time": "2022年02月19日 01:43",
          "content": "<p>治好病的说了算</p>",
          "level": 1,
          "highlight": false,
          "children": [
            {
              "id": "3d3a51d0c3150bcd3768d65e0835004a",
              "author": "lmc",
              "time": "2022年02月20日 21:28",
              "content": "<p>李师，最近看到张自忠将军的贴身中医开的方子，和你们的方子截然不同，也是以经方为主，但是阳药用的很轻，主要以肠胃吸收和气血为主，四君子汤，山楂，补气加降气的为主，去风去痰等等，效果非常好。有种力拔山河的效果。</p>",
              "level": 2,
              "highlight": false,
              "children": [
                {
                  "id": "33f1f7cfaa73358d6c43579da8eee5d0",
                  "author": "李宗恩",
                  "time": "2022年02月23日 10:33",
                  "content": "<p>我不了解其中的人物及故事，但看好病的醫生說話，如果臨床上有大量急重症治癒病例，那值得多去了解及學習，如果只是解決一些讓人煩惱、卻不致命的小毛病，那就很不一樣。</p>",
                  "level": 3,
                  "highlight": true,
                  "children": [
                    {
                      "id": "06b955d9d69fe6e1a4133505204e8cd0",
                      "author": "秦嗷嗷",
                      "time": "2022年02月25日 07:24",
                      "content": "<p>我不是诋毁倪师那一类的人，相反，我曾经为了了解倪师多一点，在网络浏览有关他的消息，浏览到自己不知不觉累到睡着了。想咨询李医师，一个是更了解倪师这位我永远没有机会见到的人儿，二是中医的内容，实在庞大复杂，关于经方温病，我没有这么高的悟性去看对错。</p>",
                      "level": 4,
                      "highlight": false,
                      "children": []
                    }
                  ]
                }
              ]
            }
          ]
        },
        {
          "id": "d6410ad680e41c33f5d00490716487f4",
          "author": "Vincent.Do",
          "time": "2022年02月20日 22:28",
          "content": "<p>不同意这样评价倪师。倪师并不极端，他在讲课时（我只看过其录像)的风趣与犀利，是其对这个世界真实的看法，我坚信是对的。看其针炙课最近给患者下针及其讲解，表明其临床对患者是极其严肃认真的，是我们学习的榜样。我是初学者，我觉得非常适合我，而且很容易和实践相结合，实践一段时间再看，又会有不同的感受。实在是受益很多。反观本人早些年间看了很多大学教材，除了糊里糊涂不知所云之外，更是遇到自己或身边人有病时很无助，不懂如何辩证更无从下手。现在能给亲朋好友看一些疾病，实在是倪师的带入，让我知道怎么辩证，逐渐能够开方与下针。虽然水平很是一般，但应付一般不太复杂的问题也算得心应手。怎么能说不适合初学者呢？</p>",
          "level": 1,
          "highlight": false,
          "children": []
        },
        {
          "id": "c4c2d55c7851b54daac07ae717610d60",
          "author": "秦嗷嗷的祖宗",
          "time": "2022年02月21日 23:46",
          "content": "<p>对不起，才此圣地自私一回。<br/>\n是可忍孰不可忍！此等之人应当世代为奴，百世为狗，吃屎维生，才能解我心头之恨。。</p>",
          "level": 1,
          "highlight": false,
          "children": [
            {
              "id": "0c0ba48645b33da1d7c98f4c768f9a44",
              "author": "秦嗷嗷",
              "time": "2022年02月25日 07:31",
              "content": "<p>这位昵称为“秦嗷嗷的祖宗”的，加上看到您的文字，您年纪应该比我大，但很幼稚。</p>",
              "level": 2,
              "highlight": false,
              "children": []
            }
          ]
        },
        {
          "id": "30802e4044e75f837b23609f18925465",
          "author": "李宗恩",
          "time": "2022年02月23日 10:29",
          "content": "<p>這樣網路上的評論不值得一看，說這些話的人自己臨床功力如何、對中醫有多了解？</p>",
          "level": 1,
          "highlight": true,
          "children": [
            {
              "id": "15b62f4a339444de86e3c78c5925aa5c",
              "author": "ieitZYB",
              "time": "2022年02月23日 18:19",
              "content": "<p>就是，台湾的娱乐新闻评论员调调。<br/>\n一开始看这段就想起了我们初三开始学习写这种东西^_^<br/>\n另外早先倪师的大量时事评论网页，也是基于自己在临床一线。</p>",
              "level": 2,
              "highlight": false,
              "children": []
            }
          ]
        },
        {
          "id": "8e3757eca728737e620b3e75170d9660",
          "author": "小兵～正陽",
          "time": "2022年03月08日 20:44",
          "content": "<p>我是覺得每個人的認知水平不一樣，對同樣一句話的理解也會不一樣，就算是同一個人，十年前和十年後的理解也會不一樣。對於倪海廈老師，我目前的認知是，他更像一位衝鋒陷陣的大將軍，他需要的是當機立斷，而不能像謀士一樣面面俱到。至於傷寒和溫病，可能傷寒更加平民化，而溫病更像是給達官貴人設計的，他們想要治好病，又不想太遭罪，還有諸多禁忌。</p>",
          "level": 1,
          "highlight": false,
          "children": []
        },
        {
          "id": "bdd335a21358c56518d97899aebdf93c",
          "author": "ggy",
          "time": "2022年12月12日 03:22",
          "content": "<p>作为一个把人纪、天纪、以及各种网上能找到的资料都看完了的人，对于你对倪海厦老师的评价，我认为你是没了解他。对于倪师对西医和温病的极端态度，是基于他一心想唤醒世人的心愿，人性都是这样，你好好说当你是放屁，所以倪师是抱着“我不入地狱谁入地狱”的心态去骂。毕竟经方在中医体系中确实不可或缺但又缺乏广知、甚至是有许多误解，倪师的极端方法也是无奈的办法。还有就是真真了解他，你会发现他并不是黑白不分的一味否认西医温病，比如承认西医（拔牙，外科等）以及经方基础下用温病方子锦上添花，都可见一斑。</p>\n<p>还有就是很感谢李老师的分享案例，能让我们这些无法接触临床的人学到很多思路细节，今年20岁，庆幸遇到倪师和你，以前总觉得这个世界没意思，在接触国学体系后，迎来重生，日后必继续努力，砥砺前行。</p>",
          "level": 1,
          "highlight": false,
          "children": []
        },
        {
          "id": "8a8f1aec37f3a17354219fd3c26ee9ed",
          "author": "送你座帆船",
          "time": "2023年09月13日 01:05",
          "content": "<p>倪海厦本人是讲过的，真正的温病家在一开始是好的，整体只是在经方上做加减，达到事半功倍，他骂的是那种盲目滋阴的“温病派”你的评论说明你没有认真的看完倪海厦的视频，学习讲究是一个中虚为明，当然如果你用温病的方子给别人治好了那也无所谓，对病人好就行了</p>",
          "level": 1,
          "highlight": false,
          "children": [
            {
              "id": "6fe2a4b110bdcedb298fcb6eeec42e83",
              "author": "暗香疏影",
              "time": "2024年03月21日 23:04",
              "content": "<p>看到你两次直呼倪师名字，我想应该不是忘记了，是不是应该在倪海厦三个字后面加上老师、教授或长者这样的尊称呢？而不是直呼其名，尽管你的言论是认可倪师的！</p>",
              "level": 2,
              "highlight": false,
              "children": []
            }
          ]
        },
        {
          "id": "48b51bddfa1a9b49907e96e9d20ccc5f",
          "author": "TruthHealing",
          "time": "2025年03月03日 12:43",
          "content": "<p>西醫確實除了急救意外傷害有用以外，什麼病都治不好。病治好是要你的身體真正變好，不靠藥物而能在一般情況下正常生活作息。但所有的西藥要不吃一輩子，要不沒效，更可怕的是都有副作用，而這些副作用製造出更多的病。倪師説得沒錯，請問那個病是真正被西醫治好的？連剛發明出來堪稱神藥的抗生素，現在因為會產生抗藥性細菌的原因，變成醫學界一個大難題。你會這樣説，是因為你對中、西醫都沒有太深入的研究和經驗。現行的西醫和醫療制度根本在一百多年前就被洛克菲勒財團和藥廠控制，是拿人的生命和健康大量斂財的工具。拿科學至上的名義，打壓所有自然醫學，包括中醫，因為自然的東西不能申請專利。西醫的目的並不想真正把你治好，所有的藥物都是治標不治本，而且製造出更多的病，他們就可以一直賣藥有賺不完的錢。一出生就叫你打疫苗，你就成為他們之後長期的顧客。不僅如此，各式各樣的並且還定期的健康檢查，更是包準有賺不完的錢，一檢查出任何不健康指標（這些指標也是他們自己定的，而且可以一改再改），醫生又可以藉口叫你吃更多藥，或説是預防；若是癌症，就恐嚇你要立刻去做輻射放療，化療或開刀，這些更是暴利。而且怕窮人付不出來，還要大家加入健康保險，叫全民買單；，可能有時你也覺得不用白不用，因為每年都要繳這麼多保險費 。還有收買政客制定有利他們的法令、藥廠和醫生的收受⋯⋯等等，說都説不完。這是一個有無限商機，穩賺不賠的龐大醫療系統所布下的天羅地網。而大藥廠、醫院、醫護人員、醫療保險公司、甚至政客、媒體⋯⋯都是這共犯集團的一分子。美國人每年花在醫療上的錢最多，卻是最病弱的國家。有研究顯示美國的第三大死因是醫療用藥或錯誤的關係。這是為什麼去年川普會大勝，小羅伯特會當上美國的衛生部長。美國因為有很多人不怕死，願意説出真相（倪師也是其一），才能在去年底有如此的翻轉。我希望台灣和全球各地的人也能夠看清事實真相，不要再拿自己的生命當賭注，資助這個共犯集團了。</p>\n<p>西醫是一場百年騙局<br/>\n<a href=\"https://shennong-medicine.com/Chinese/tw/Western%20medical%20Is%20scientific/Western%20medical%20Is%20scientific_010.html\" rel=\"nofollow ugc\">https://shennong-medicine.com/Chinese/tw/Western%20medical%20Is%20scientific/Western%20medical%20Is%20scientific_010.html</a></p>\n<p><a href=\"https://www.ncbi.nlm.nih.gov/pmc/articles/PMC4046551/\" rel=\"nofollow ugc\">https://www.ncbi.nlm.nih.gov/pmc/articles/PMC4046551/</a><br/>\nDeadly medicines and organised crime<br/>\nHow big pharma has corrupted healthcare<br/>\nReviewed by James Dickinson, MB BS CCFP PhD</p>\n<p>Our prescription drugs kill us in large number ( the third leading cause of death) <a href=\"https://pubmed.ncbi.nlm.nih.gov/25355584/#:~:text=Our%20prescription%20drugs%20are%20the,of%20a%20drug%20despite%20contraindications\" rel=\"nofollow ugc\">https://pubmed.ncbi.nlm.nih.gov/25355584/#:~:text=Our%20prescription%20drugs%20are%20the,of%20a%20drug%20despite%20contraindications</a>.</p>\n<p><a href=\"https://wilsonlaw.com/blog/medical-errors-third-leading-cause-of-death-in-the-united-states/\" rel=\"nofollow ugc\">https://wilsonlaw.com/blog/medical-errors-third-leading-cause-of-death-in-the-united-states/</a></p>\n<p>Dr. Burzynski<br/>\n<a href=\"https://youtu.be/Ro8C75XykLo?si=Lhyupjqe2DGT_btM\" rel=\"nofollow ugc\">https://youtu.be/Ro8C75XykLo?si=Lhyupjqe2DGT_btM</a></p>\n<p>The forbidden cure of cancer ( including origin of medical industry)<br/>\n<a href=\"https://youtu.be/BTGye7kA6rM?si=4yLA1KO986J7l3AT\" rel=\"nofollow ugc\">https://youtu.be/BTGye7kA6rM?si=4yLA1KO986J7l3AT</a></p>",
          "level": 1,
          "highlight": false,
          "children": []
        }
      ]
    },
    {
      "id": "7b06171ede0f89da2a6d2156bb51ed67",
      "author": "ieitZYB",
      "time": "2022年02月19日 01:42",
      "content": "<p>治好病的说了算</p>",
      "level": 0,
      "highlight": false,
      "children": []
    },
    {
      "id": "92dbcf78fe17eedfe445df85c6f1a49e",
      "author": "小兵～正陽",
      "time": "2022年03月08日 20:22",
      "content": "<p>很多人都是喜歡斷章取義，喜歡說某某名人說了某某名言，卻不去考慮這句話的歷史背景，前因後果。</p>",
      "level": 0,
      "highlight": false,
      "children": []
    },
    {
      "id": "c71f69a97b23ee923ec3fcff5431f20a",
      "author": "单单",
      "time": "2025年02月18日 18:58",
      "content": "<p>甘麦大枣汤、酸枣仁汤等加减组合，居然对关节炎也有效。佩服古人的智慧，更钦佩李医生医术。本人有幸吃过李医生这个组合处方。当时胃不舒服，尤其睡不了觉，几个小时入不了睡，刚睡着身体就会抽动一下立马就醒。一点声音都受不了。而且热一阵凉一阵。整晚都是醒了睡睡了醒。看了很多医生，吃过很多中药，几个月都不见好转。可是这个处方吃了三副那些症状就大副改善，后再也不怕声音了睡着了身体也不抽动了。感恩遇见李医生！</p>",
      "level": 0,
      "highlight": false,
      "children": [
        {
          "id": "0b2f5eeecef62a2ea619b65aedd4e63b",
          "author": "李宗恩",
          "time": "2025年02月19日 12:44",
          "content": "<p>謝謝你的分享。</p>",
          "level": 1,
          "highlight": true,
          "children": []
        }
      ]
    },
    {
      "id": "11c5e3c347fe179f2d73bb12636f2c37",
      "author": "太阳是我的女神",
      "time": "2025年02月21日 05:26",
      "content": "<p>讲得太棒了！谢谢☺️<br/>\n晚上21: 24了，今天就听到这。</p>",
      "level": 0,
      "highlight": false,
      "children": []
    }
  ],
  "page": 10,
  "order": 4,
  "filename": "data\\page10\\page10_order1_39351fc867f124b63cb139c762659a5d.json",
  "timestamp": 1742357030.8917973
}