{
  "article_url": "https://andylee.pro/wp/?p=11082",
  "title": "倪海厦醫師逝世十週年紀念文選",
  "content": "<p>為紀念倪海厦老師逝世十週年，倪師母決定徵文出版紀念文集，由倪老師最早期的學生及數十年的法律顧問徐光佑律師主編， 倪師母親自寫序文，許多位倪老師學生及學生的學生提供稿件。有興趣收藏的讀者，可以直接聯絡台北漢唐中醫診所。據了解， 紀念文集為限量發行，僅公開銷售三百本，欲購從速。（書本照片由台北漢唐中醫診所提供）</p>\n<figure class=\"wp-block-image size-full is-resized\"><a href=\"https://andylee.pro/wp/wp-content/uploads/2022/01/Memorial-Book-1.jpg\"><img alt=\"\" class=\"wp-image-11076\" decoding=\"async\" fetchpriority=\"high\" height=\"862\" sizes=\"(max-width: 716px) 100vw, 716px\" src=\"https://andylee.pro/wp/wp-content/uploads/2022/01/Memorial-Book-1.jpg\" srcset=\"https://andylee.pro/wp/wp-content/uploads/2022/01/Memorial-Book-1.jpg 716w, https://andylee.pro/wp/wp-content/uploads/2022/01/Memorial-Book-1-249x300.jpg 249w\" width=\"716\"/></a></figure>\n<figure class=\"wp-block-image size-large\"><a href=\"https://andylee.pro/wp/wp-content/uploads/2022/01/Memorial-Book2.jpg\"><img alt=\"\" class=\"wp-image-11077\" decoding=\"async\" height=\"1024\" sizes=\"(max-width: 863px) 100vw, 863px\" src=\"https://andylee.pro/wp/wp-content/uploads/2022/01/Memorial-Book2-863x1024.jpg\" srcset=\"https://andylee.pro/wp/wp-content/uploads/2022/01/Memorial-Book2-863x1024.jpg 863w, https://andylee.pro/wp/wp-content/uploads/2022/01/Memorial-Book2-253x300.jpg 253w, https://andylee.pro/wp/wp-content/uploads/2022/01/Memorial-Book2-768x911.jpg 768w, https://andylee.pro/wp/wp-content/uploads/2022/01/Memorial-Book2.jpg 889w\" width=\"863\"/></a></figure>\n<figure class=\"wp-block-image size-large\"><a href=\"https://andylee.pro/wp/wp-content/uploads/2022/01/Memorial-Book-3.jpg\"><img alt=\"\" class=\"wp-image-11078\" decoding=\"async\" height=\"793\" sizes=\"(max-width: 1024px) 100vw, 1024px\" src=\"https://andylee.pro/wp/wp-content/uploads/2022/01/Memorial-Book-3-1024x793.jpg\" srcset=\"https://andylee.pro/wp/wp-content/uploads/2022/01/Memorial-Book-3-1024x793.jpg 1024w, https://andylee.pro/wp/wp-content/uploads/2022/01/Memorial-Book-3-300x232.jpg 300w, https://andylee.pro/wp/wp-content/uploads/2022/01/Memorial-Book-3-768x595.jpg 768w, https://andylee.pro/wp/wp-content/uploads/2022/01/Memorial-Book-3.jpg 1394w\" width=\"1024\"/></a></figure>\n<figure class=\"wp-block-image size-large\"><a href=\"https://andylee.pro/wp/wp-content/uploads/2022/01/Memorial-Book-4.jpg\"><img alt=\"\" class=\"wp-image-11079\" decoding=\"async\" height=\"796\" loading=\"lazy\" sizes=\"auto, (max-width: 1024px) 100vw, 1024px\" src=\"https://andylee.pro/wp/wp-content/uploads/2022/01/Memorial-Book-4-1024x796.jpg\" srcset=\"https://andylee.pro/wp/wp-content/uploads/2022/01/Memorial-Book-4-1024x796.jpg 1024w, https://andylee.pro/wp/wp-content/uploads/2022/01/Memorial-Book-4-300x233.jpg 300w, https://andylee.pro/wp/wp-content/uploads/2022/01/Memorial-Book-4-768x597.jpg 768w, https://andylee.pro/wp/wp-content/uploads/2022/01/Memorial-Book-4.jpg 1285w\" width=\"1024\"/></a></figure>\n<figure class=\"wp-block-image size-large\"><a href=\"https://andylee.pro/wp/wp-content/uploads/2022/01/Memorial-Book-5.jpg\"><img alt=\"\" class=\"wp-image-11080\" decoding=\"async\" height=\"775\" loading=\"lazy\" sizes=\"auto, (max-width: 1024px) 100vw, 1024px\" src=\"https://andylee.pro/wp/wp-content/uploads/2022/01/Memorial-Book-5-1024x775.jpg\" srcset=\"https://andylee.pro/wp/wp-content/uploads/2022/01/Memorial-Book-5-1024x775.jpg 1024w, https://andylee.pro/wp/wp-content/uploads/2022/01/Memorial-Book-5-300x227.jpg 300w, https://andylee.pro/wp/wp-content/uploads/2022/01/Memorial-Book-5-768x582.jpg 768w, https://andylee.pro/wp/wp-content/uploads/2022/01/Memorial-Book-5.jpg 1421w\" width=\"1024\"/></a></figure>\n<figure class=\"wp-block-image size-large\"><a href=\"https://andylee.pro/wp/wp-content/uploads/2022/01/Memorial-Book-6.jpg\"><img alt=\"\" class=\"wp-image-11081\" decoding=\"async\" height=\"798\" loading=\"lazy\" sizes=\"auto, (max-width: 1024px) 100vw, 1024px\" src=\"https://andylee.pro/wp/wp-content/uploads/2022/01/Memorial-Book-6-1024x798.jpg\" srcset=\"https://andylee.pro/wp/wp-content/uploads/2022/01/Memorial-Book-6-1024x798.jpg 1024w, https://andylee.pro/wp/wp-content/uploads/2022/01/Memorial-Book-6-300x234.jpg 300w, https://andylee.pro/wp/wp-content/uploads/2022/01/Memorial-Book-6-768x598.jpg 768w, https://andylee.pro/wp/wp-content/uploads/2022/01/Memorial-Book-6.jpg 1388w\" width=\"1024\"/></a></figure>",
  "article_time": "2022年01月25日 12:25",
  "comments": [
    {
      "id": "4b5ec1bd068ca909036a70232d0f8046",
      "author": "魯豆腐",
      "time": "2022年01月25日 17:29",
      "content": "<p>先師雖已遠，唯其風範及留傳的中華瑰寶(山、醫、命、卜、相)卻永留我心。睹物思先師，桃花島上的景物依舊那麼鮮明，是我們學員下課後散步流連的好地方。</p>\n<p>今生今世曾在那駐足良久與眾多同門好友一起同學，感念先師之無私傾囊相授吾願足矣。思念之情百感交集，再度感謝有那多同門一起跟診互助學習。</p>\n<p>更該感謝Dr.李，一直延續著先師傳承的香火繼續教導大眾醫助蒼生</p>",
      "level": 0,
      "highlight": false,
      "children": [
        {
          "id": "6a5178a0a2d2c3d5dae8161ffd482bc5",
          "author": "李宗恩",
          "time": "2022年01月30日 19:58",
          "content": "<p>謝謝你長年的支持與鼓勵，我們一同感念倪老師！</p>",
          "level": 1,
          "highlight": true,
          "children": []
        }
      ]
    },
    {
      "id": "3d588f7c8561768352937cf97d3a90f7",
      "author": "方学东",
      "time": "2022年01月26日 22:01",
      "content": "<p>各位同道，有渠道购买这本缅怀倪师的书籍吗？</p>",
      "level": 0,
      "highlight": false,
      "children": [
        {
          "id": "58ae01f69752118b6dda9ffca9da1bbf",
          "author": "魯豆腐",
          "time": "2022年01月27日 17:01",
          "content": "<p>請連絡:台北 漢唐經方中醫診所<br/>\n<a href=\"https://hantang-jingfang.blogspot.com/\" rel=\"nofollow ugc\">https://hantang-jingfang.blogspot.com/</a></p>",
          "level": 1,
          "highlight": false,
          "children": [
            {
              "id": "112bec23a5d38d98a96cc10240933261",
              "author": "方学东",
              "time": "2022年01月31日 12:52",
              "content": "<p>感谢，我之前也联系过汉唐，不知道什么原因，一直没有打通电话，这个网站目前也没有办法打开，可能是网络的问题。不过我已经找到办法来买到书籍了，看年后是否还有存书送到我这里。</p>",
              "level": 2,
              "highlight": false,
              "children": []
            },
            {
              "id": "fce9704bcbc00b3d2ad7147638fd91c2",
              "author": "方学东",
              "time": "2022年02月28日 06:57",
              "content": "<p>感谢你的好意，不仅告知我购买的方式，还热心的发了链接出来。我上个月就注意书籍的消息，但链接里的网站一直进不去，我不太懂网页的，这次尝试就以失败告终。宗恩老师没有回复我这一条比较无知的消息，避免了我的尴尬（笑）。后来我用其他的方式购买到了正版的书籍，真的非常开心，很兴奋！祝您身体安康，一切顺利！也祝宗恩老师身体安康，一切顺利！</p>",
              "level": 2,
              "highlight": false,
              "children": [
                {
                  "id": "44f6c67a435a232746244d7929fbe2d0",
                  "author": "卢坤",
                  "time": "2022年05月16日 20:30",
                  "content": "<p>大佬，能否匀一本给我。</p>",
                  "level": 3,
                  "highlight": false,
                  "children": []
                },
                {
                  "id": "5baaa541c72b8af838fdbd1d83531893",
                  "author": "清陽",
                  "time": "2022年06月18日 12:15",
                  "content": "<p>請問您以何種方式購買到的？</p>",
                  "level": 3,
                  "highlight": false,
                  "children": []
                },
                {
                  "id": "42a327546326227f2d51ae1f2fc78a63",
                  "author": "闫中天",
                  "time": "2023年01月05日 18:44",
                  "content": "<p>请问如何购买？国内的各大网站都搜索过，没有</p>",
                  "level": 3,
                  "highlight": false,
                  "children": []
                }
              ]
            }
          ]
        }
      ]
    },
    {
      "id": "16617047d038c06a5235681bf90f4b0a",
      "author": "圆月",
      "time": "2022年01月29日 20:39",
      "content": "<p>请大陆区域如何可以购得此书，本人比较敬佩倪海厦大师，正在学习他的中医思想。希望获得更多倪海厦大师的有关中医方面的遗作，谢谢。</p>",
      "level": 0,
      "highlight": false,
      "children": [
        {
          "id": "8836990a2767383a3c217b4bbad72bb8",
          "author": "李宗恩",
          "time": "2022年01月30日 20:31",
          "content": "<p>文中已經說直接聯絡台北漢唐中醫診所，同時，這本書不是倪老師的遺作，而是學生及學生的學生撰寫的紀念文集。我建議你閱讀時多用點心，如果你連這些寫得明明白白的簡單東西都分不清楚，學習中醫會很辛苦。</p>",
          "level": 1,
          "highlight": true,
          "children": []
        }
      ]
    },
    {
      "id": "156346ef3e89a1584767abd4a5d4201a",
      "author": "Seraph",
      "time": "2022年02月07日 11:47",
      "content": "<p>刚刚开始学中医，机缘巧合之下在YouTube看到了倪海厦的录像，讲得真好，我一个理科出身的工程师也听得欲罢不能有些上瘾。</p>\n<p>我孤陋寡闻，一直不知道他不在的事情，听了他的课一段时间后好奇查他的资料，才知道他59大限的事情。开始觉得天妒英才，可是看过他教过的内容就感觉有点理解了：他讲出了太多大自然的秘密，这是很危险的。大概老天不敢让他讲下去了，天机泄漏太多了- 天机就是天地运行的最基本的原理和推论吧？- 他讲命卦，应该知道算命算的太准的都会有一些伤病残，他对世人的贡献可比泄漏了一两句天机的神算子们来的大多了，天机也泄漏得更多了；另一个就是他讲的都是华人老祖宗的智慧，竟然没有门派区别地教给老外，也不知道张仲景和黄帝等人同不同意，说不定给黄帝拉去去撰写《外经》了-再过两百年，挖古墓时挖到《外经》，可能就是倪师在天上花了几个月写出来的…… 希望倪师在天上一切都好。</p>\n<p>所以我们事情不能做的太圆满，要给自己留一点余地。老祖宗的东西要保存好。</p>\n<p>偷偷以为，如果倪师自己没有把前面几项课程教的太快太完美，留一些空间和余地，可能他还能教我们久一些，多一些。像孙思邈，写书就慢慢地写书呗，写得庞杂一些，有些小缺陷，给老天留点面子，给自己留条后路。 </p>\n<p>倪师生前的决定师母改变主张，我觉得弟子们也不必太纠结：倪师人在家人就自然会衣食无忧，可是如果倪师不在了，可能他也希望家人能生活安逸吧？我们不必对师母太过苛求，可是如果有人打着倪师的幌子误人病情就和谋财害命没两样了，那就绝对不能理解了。</p>",
      "level": 0,
      "highlight": false,
      "children": []
    },
    {
      "id": "06d2b4a6e18356d7ac81c342e9e01ec0",
      "author": "seraph",
      "time": "2022年02月07日 12:12",
      "content": "<p>Dr.李，很感谢您一直维系着这个网站，希望大家能够将倪师的教导传承下去。</p>\n<p>孔子在世时，他的学术思想并没有很出名，张仲景在世时，也不是名扬四海。所以大家不要放弃努力，一定要将倪师教导的内容一代代传承下去 -是金子一定会发光的，等一切在历史中发光时，20年的等待和200年的等待并没有太大区别。</p>",
      "level": 0,
      "highlight": false,
      "children": [
        {
          "id": "b4a0f130161e8f8ef922a7c8f3a69e35",
          "author": "李宗恩",
          "time": "2022年02月08日 09:23",
          "content": "<p>謝謝你的支持與鼓勵。</p>",
          "level": 1,
          "highlight": true,
          "children": []
        }
      ]
    },
    {
      "id": "67794abcdb849c51b6d0e099b85545de",
      "author": "圆月",
      "time": "2022年03月04日 20:40",
      "content": "<p>我当然知道不是倪海厦大师的作品，我只是问问有没有他的作品出售，在哪里可以购买，你不明白我想表达的意思。这本学生们写的作品，也只是拿来看看。另外有件事情想问问，倪海厦汉唐中医网站为什么从2月份开始一直登录不上去了？是什么原因？盼望答复。</p>",
      "level": 0,
      "highlight": false,
      "children": [
        {
          "id": "0a15748ab4d7e82f21cccd3bffb35e3a",
          "author": "卢坤",
          "time": "2022年05月16日 20:34",
          "content": "<p>您是对遗作有什么误解吗？李先生都不想理你了</p>",
          "level": 1,
          "highlight": false,
          "children": []
        }
      ]
    },
    {
      "id": "e5496a1fc44c361cde50f9111c2fce0e",
      "author": "小兵～正陽",
      "time": "2022年03月08日 21:01",
      "content": "<p>感恩倪海廈老師！</p>",
      "level": 0,
      "highlight": false,
      "children": []
    }
  ],
  "page": 10,
  "order": 1
}