{
  "article_url": "https://andylee.pro/wp/?p=11011",
  "title": "倪海厦老師辭世十週年紀念（2） – 感念倪老師",
  "content": "<p>我不是跟隨倪老師最早的學生，也不是和他學習最久的學生，但或許是和他機緣最特殊的學生。我和倪老師的互動，或許也和絕大多數的學生們不一樣。許多人覺得倪老師很嚴厲，我從來沒有看過倪老師生氣，許多人不敢打擾倪老師，我和他半夜在網上聊天，一聊就是幾個小時，許多人見到倪老師即拘謹恭敬，他卻拉著我去飆車，尋求放開的自我 。</p>\n<p>這次倪師母決定要出版倪老師過世十年的紀念文集，好幾位師門下的前輩和後進聯絡我，希望我多聊聊我認識的倪老師。許許多多的往事，一大堆的網上對話及電郵，大多是我和倪老師的私人事情，以及彼此對許多人事物的討論，沒有什麽好公開的。不過，難得出版紀念倪老師的文集，把一些故事寫下來，一方面免得老了後都忘了，另一方面讓大家從不同角度來認識倪老師，倒也不失文人的風雅。</p>\n<p>大將風範。那一年，我和孟懷縈教授邀請倪老師到史丹福大學演講，倪老師欣然答應。本來我們已經安排好位於史丹福醫學院李嘉誠中心（Li Ka Shing Learning and Knowledge Center）的場地，那已經是校内最大的演講廰之一，可以容納三百多人。倪老師演講的消息還沒正式公佈，參與協辦的台大校友會及中國工程師學會的工作人員們都急著想先報名，預估參加人數會遠遠超過了會場的容量。我們只好尋找校外的場地，忙碌奔走後，總算訂下了聖克拉拉會議中心（Santa Clara Convention Center）的大型場地，可以容納一千多人。即使如此，訂票的數目依然超過了會場的容量，很多人得當場排隊候補。正當我忙於協調兩百多位參與協助的志工朋友時，孟教授突然急著找我，她在手機那頭大叫：「倪老師的投影片怎麽只有十幾張」！原來倪老師把演講的投影片發給我時，我還沒來得及看，就直接轉發給孟教授。她看了以後很緊張，一般而言，一張投影片講一到兩分鐘，倪老師三個小時的演講，少説也得有個七八十張投影片，怎麽只有十幾張？孟教授和其他志工朋友們，沒有一個敢問倪老師，只好由我來問老師。倪老師聽了，氣定神閒地說沒問題。果然，倪老師上台後，台風穩健，侃侃而談，根本不需要投影片。倪老師的氣勢讓一千多位聽眾全神貫注，整場演講，儼如大將揮兵前進，疾如風、徐如林、侵掠如火、不動如山、難知如陰、動如雷震，為大家帶來了難以忘懷、醍醐灌頂的中醫啟蒙教育！</p>\n<p>無時無刻不關心中醫的傳承。倪老師在舊金山灣區短暫停留期間，孟教授特別在朋友家舉辦一次聚會，請了好幾位有影響力又對中醫有興趣的朋友們，讓他們有機會向倪老師請益。聚會上擺滿了各式各樣的好酒好菜，每位嘉賓都很盡興地和倪老師及其他人寒暄，一幅賓主盡歡的畫面。然而，倪老師的心思似乎不在現場，中間空檔時間，把我單獨拉到另外一間房間，拿出一疊印好的資料，他說：「宗恩，這是我將在台北要教大家的病例，我先來跟你講解一下…」。 倪老師一個病例一個病例地解釋給我聽，也一一回答我的提問。其他人看到我們兩個單獨交談，雖然心裡急著希望倪老師返回到聚會裡，也都不好意思打擾我們。就這樣，倪老師和我撇下大家，討論了一個多小時，直到倪老師確定我完全了解那一整疊的病例，他才放心地回到餐廳，再度和大家閒聊。</p>\n<p>倪老師和我有許多共同的嗜好，其中一項是槍枝。倪老師有很多把手槍及長槍，除了擺在槍櫃裡的槍枝外，也有好幾把上了子彈的手槍藏在家裡各個房間裡。他說這樣壞人闖進家裡時，無論他在哪個房間裡，都有辦法拿到槍枝來捍衛住家。一天傍晚，倪老師及師母找我、方亮（老師的姪子）、雅晴（診所跟診班長）及伊鳴（北大留英醫學博士）到家裡來一起共進晚餐。茶餘飯後，老師和我們閒聊，我們起哄要看倪老師收藏的槍枝，老師興高采烈地從餐廳開始，一間一間地把藏好的槍拿出來給我們看，最後還帶我們到二樓主臥房，打開槍櫃，拿出一把把長槍來給我們看。方亮、雅晴及伊鳴三位對槍枝沒有什麼經驗，特別興奮，搶著把槍拿在手上，卻沒注意到槍口是不是對著人。這可把倪老師和我嚇壞了，無論槍中是否有子彈，這都是非常危險的壞習慣。 我和老師四目相對，會心地點個頭，兩人一起把所有槍枝擺回到槍櫃裡，我以老師得早點休息為理由，讓他們三位從興奮中清醒，一起向老師告辭。倪老師好幾次說要一起去靶場打靶，我也特意買了一副射擊用的護目鏡，準備在靶場給他一個驚喜。很可惜，雖然老師和我很多次一起聊天、吃飯、飆車，就是沒有一起打靶過，機緣錯失了，就再也沒機會了。現在，我每次去靶場打靶，都戴著當初為老師買的那副護目鏡。</p>\n<p>人紀與天紀。我和倪老師學習人紀之外，老師也要我學習天紀，他很早就把一套天紀教材寄給我，我也常常向老師請教。曾經有幾年，我非常熱衷於天紀，紫微斗數似乎也算得挺準。很多人知道倪老師看診時不幫人算命，大概沒幾個人知道倪老師推辭不了找他算命的人情壓力時，他會把人轉給我，由我來幫忙算命。有一次我在北京，被一些朋友灌酒灌得半醉半醒，一群人跑到我旅館房間起哄，要我幫忙算命。那天晚上不知道發了什麼酒瘋，我竟然答應了，幫忙一個接著一個算命，講出的內容讓當事人目瞪口呆，許多不為他人所知的事情竟然被我準確地說了出來！這些朋友被這樣的情況震撼住了，不但自己信服，還打電話給他們的朋友，趁我興致高昂時，要他們也趕來旅館向我請教。或許因為酒精的作用，我記不清楚當晚的事情，朋友事後告訴我，當天晚上我一連幫二三十人算命，每個人都驚訝不已，欲罷不能，直到半夜兩點多，朋友們實在不忍心再打擾我，把大家趕出我房間，幫我抬到床上睡覺。我把這件事告訴倪老師，老師一點也不驚訝地說，你現在知道到「師」和「匠」的差別了吧，「匠」是靠牢記條文去算命去看病，「師」是靠心靈感受去算命去看病，這中間的差別只能自己感受，無法用言語解釋。那件事之後，我的天紀功力似乎往上了一大層，也因此開始有些恃才傲物，幫人算命時常常會多說很多，給人許多的「指點」，自以為是幫助他人，其實只是滿足了自己的虛榮心。沒過多久，一些奇怪的事情開始蹦了出來，每次幫人算命後就會遇到一些麻煩，雖然沒有讓我實質上損失什麼，卻讓我心裡很不平靜。我向倪老師請教，老師沒有直接回答，卻說你知道為什麼「看病不算命、算命不看病」的道理了吧！我立即茅塞頓開，戒慎恐懼，保持謙虛。從此不直接幫人算命，即使人情壓力下，我也只以人生閱歷多一些的角度下，如同商業顧問一般，提供一些人生道理的咨詢。</p>\n<p>2011年四月，我回台灣，到倪老師台北基隆路的家裡問候老師。雖然老師依然侃侃而談，看得出來神情上沒有以往那股強勁的力道，老師緩緩地解釋，他前一陣子身體不舒服，因此比較少和我在網上聊天。師母趁老師不注意時，悄悄地告訴我，老師給自己開藥後，都不好好服藥，要我找機會勸勸老師，師母說大概只有我能勸得動老師。我很難過、很擔心，我正準備要和老師談這件事時，老師好像突然想起什麼事，拿起電話打給台北漢唐診所，要當時管理藥房的堯欽製作一包十棗湯膠囊。老師掛上電話後，轉頭告訴我：「你常常到各地出差，北京上海冬天很冷，你得注意身體，晚一點你去診所拿十棗湯膠囊，以後出差都帶上，以備急需….」。這讓我很感動，師母和我正在擔心老師的健康，老師自己卻想著幫我做好準備。</p>\n<p>那次到台灣，我太太和年幼的兒子正好也在台北，即使倪老師顯得有些疲憊，他堅持要帶我們全家到陽明山上用餐及參觀他新改建好的房子。老師要我先到台北診所拿十棗湯膠囊，在那等他來接我們。老師親自開車，老師說Nissan GT-R太囂張，容易被警察抓超速，Volkswagen GTI Turbo雖然只有200多匹馬力，因為車輕小，在台北市區開起來更靈活。師母坐在老師旁邊，我們三個擠在後座，還沒坐定，老師用力踩油門，衝了出去。老師把Volkswagen GTI Turbo當成Nissan GT-R來開，從台北市區一路飆上陽明山，老師開車的勁道，比我當年念台大時飆摩托車還更強大。這也讓我和太太想起來，當年我騎摩托車帶她從羅斯福路、中山北路，一路飆上陽明山、金山，再飆回天母送她回家。感受到老師這股飆勁，我們兩個不約而同地笑了出來，兒子還冒出一句：「爸爸老師好像比爸爸還會飆車」！</p>\n<p>倪老師和師母找了一家隱藏在陽明山樹林裡的餐廳來款待我們全家，老師說這裡的菜最好、最新鮮，我們也不客氣地開始享受美好的餐點。餐點用盡，正當我們準備改往老師陽明山新家時，老師開始有些喘。老師在我們面前沒有什麼掩飾，他拿出了小青龍加石膏湯科學中藥粉劑，要我幫他倒杯溫水來沖服。看到老師喝藥的樣子，我忍不住眼眶濕了，又不想掃大家的興，悄悄地轉頭把眼淚擦乾，結果還是被師母看到了，師母給了我一個無奈的眼神，似乎在提醒我多勸勸老師好好服藥，我的心都揪在一起，我真的應該常回台灣探望老師！</p>\n<p>用餐之後，我們來到倪老師陽明山的新家，老師興緻盎然地解釋他怎麼找到這塊地、怎麼把農舍改成豪宅、怎麼裝修他的個人音樂工作室等等，老師指著對面山頭的一個農舍說，他本來打算買那塊地，對方怎麼都不肯降價，交涉膠著時，現在這塊地正好上市求售，他順著機緣改買了這塊地來改建。我們讓倪老師在客廳休息，師母帶著我們全家到廣大的院子參觀，整塊地是往上爬坡的，我們一面往上，師母一面和我們閒聊他們從佛州搬回台北的過程，佛州診所由「鳥蛋」 接手經營（「鳥蛋」是李大叔Jack的外號），桃花島上的住家還空著，偶而Jack會去幫忙打理一下。參觀過倪老師陽明山新家後，老師開車送我們全家回旅館，在旅館大廳前和老師揮手道別，那是我最後一次當面見到倪老師。本來說好了十月要再回台灣看他，我因為加州的事情繁忙走不開，不得不取消了那次的亞洲行程，這也讓我錯失了再見到老師的機會。</p>\n<p>雜亂地講了幾個我和倪老師互動的故事，和我跟隨倪老師學習中醫及老師要我負責傳承他教學工作的事情沒有什麼太大的關係。這麼多年來，許多人告訴過我，他們夢到倪老師講解中醫或交待任務，就連師母也告訴過我，夢見倪老師要她把書拿給我，我卻只夢見過倪老師和我吃喝玩樂。然而，許許多多和老師互動的故事，建立了深厚的師生情誼，也徹底改變了我人生的方向。</p>\n<p>倪老師正式退休搬回台灣前，我幫老師舉辦及主持了他一生中最大型的公開演講，老師在飛來舊金山灣區前，寄了一封電郵給我，他說：「這次的演講對經方未來的發展很重要，這次由我主講，希望下次是由你擔當此重任，你是老師最看好的一位。」在倪老師的厚愛及信任下，我開始在各地重要的醫學研討會中闡述倪老師的教學內容，從中國醫藥大學五十週年特邀主講、連續幾屆的廣州中醫藥大學國際經方班、加拿大國際傳統醫學大會等，到這次新冠疫情大爆發下，中醫抗疫成效讓廣大的群眾了解倪老師經方思維的卓越。當我每次在電腦前寫文章、寫醫案時，都會想起當年半夜在網上和倪老師聊天的場景，寫下的每一個字、每一句話，都好像在跟倪老師報告我做的事情、治療的病例，戰戰兢兢，卻又有倪老師和我師生互動獨特的風趣！</p>\n<p>哲人已遠，典範長存。倪老師永遠是我這一生中最特殊、最有意義的老師！</p>\n<p>李宗恩 謹記於加州辛丑年</p>",
  "article_time": "2021年12月27日 15:54",
  "comments": [
    {
      "id": "4a1d2797219e95c0cbc871151bf61b36",
      "author": "VIP_King",
      "time": "2021年12月27日 23:54",
      "content": "<p>很羡慕你和倪医师生活和学习的点点滴滴。我们后辈只能在视频和书籍中学习他的医学思想和精神！倪医师对现代一辈中医卫道者和传承者影响是巨大的，我个人一直关注你微信和网站信息，希望你能给大家带来更多临证经验和中医相关知识带给大家。谢谢！</p>",
      "level": 0,
      "highlight": false,
      "children": [
        {
          "id": "1de725c474a664871e3009abde90f276",
          "author": "李宗恩",
          "time": "2022年01月01日 10:39",
          "content": "<p>謝謝你的支持及鼓勵。</p>",
          "level": 1,
          "highlight": true,
          "children": []
        }
      ]
    },
    {
      "id": "7478a7d4cf773cb2ee2e176122e8f05f",
      "author": "Alena",
      "time": "2021年12月28日 12:51",
      "content": "<p>写的好感人，我都快看哭了</p>",
      "level": 0,
      "highlight": false,
      "children": []
    },
    {
      "id": "ec1bddf45ee6f31fa41594e9af876d62",
      "author": "木拓",
      "time": "2021年12月28日 04:38",
      "content": "<p>虽然只看过倪师的视频和书，只学会了一点皮毛，能看看自己身边亲人的常见病，却偶尔在梦中还能见到倪师的风采，也算是一大幸事。看着李医生生动具体的描述，仿佛觉得自己也是倪师的一位弟子，在和倪师亲切的互动。希望来生有幸，可以跟随倪师学习。</p>",
      "level": 0,
      "highlight": false,
      "children": []
    },
    {
      "id": "35ef058466b31ae3d9bb09824b9eba1a",
      "author": "金无咎",
      "time": "2021年12月28日 05:28",
      "content": "<p>李博士您好:<br/>\n   我是一位大陆普通百姓，因缘际会，于今年年中看到倪师事迹，深感钦佩，想通过转发您的文章，让多一点人铭记倪师教诲。妥否。请李博士示下。</p>",
      "level": 0,
      "highlight": false,
      "children": [
        {
          "id": "f7cd6c13ff3ede6b5360fc9e3e3f3e25",
          "author": "Alena",
          "time": "2021年12月28日 17:23",
          "content": "<p>有一个微信公众号，你可以关注下，倪海厦汉唐经方全球推广网，这里面都是转发的李博士的文章和病例</p>",
          "level": 1,
          "highlight": false,
          "children": []
        },
        {
          "id": "5cf5b9c6c27564080bf7b81466a2a664",
          "author": "李宗恩",
          "time": "2022年01月01日 10:40",
          "content": "<p>轉發文章得註明出處。</p>",
          "level": 1,
          "highlight": true,
          "children": [
            {
              "id": "945f2e65da83f7a3e84db43e5524cc85",
              "author": "何紃凡",
              "time": "2023年05月10日 05:51",
              "content": "<p>感恩 倪老師為世人留下古典醫學一盞明燈，世事無常，無常亦是正常，希望您勿悲! 相信 您的恩師能把法脈傳承予您是寄予厚望…懸壺濟世的心是大醫王的德行，醫德與醫術 老師做了最好的典範，因為 老師救人的心，如 佛陀所言大慈大悲之心…臺灣的古典醫學推動者 游朱義老師非常讚嘆 倪老師精湛醫術…我相信 倪老師的精神將常留於世人心中!<br/>\n  願 倪老師的家人和弟子皆能平安喜樂</p>",
              "level": 2,
              "highlight": false,
              "children": [
                {
                  "id": "ac51b5895230710e244f9f7c2b7de0b7",
                  "author": "李宗恩",
                  "time": "2023年05月10日 16:28",
                  "content": "<p>謝謝你的支持及鼓勵。</p>",
                  "level": 3,
                  "highlight": true,
                  "children": []
                }
              ]
            }
          ]
        }
      ]
    },
    {
      "id": "464543c0278d4ab8c973e7013d1096f2",
      "author": "风者",
      "time": "2021年12月29日 06:07",
      "content": "<p>李医生您好！<br/>\n首先致敬倪师！是倪师大医精诚让传统中医得到发扬并使中医传承后继有人，李医生您不但医术精湛、医德高尚，而且文采斐然，读到感人致深的师生情，我亦为之潸然泪下。本人学习倪师视频已经一年多，受益匪浅，更敬佩倪师博爱情怀；也由于参加学习从而关注到李医生您及“倪海厦汉唐经方全球推广网”，并购买《当张仲景遇上史丹佛》拜读，每天在公众号里研读李医生文章，为李医生的医术品德所折服。多想追随李医生学习经方之道，而千万里之遥加上年过半百，只有当作是梦想了。<br/>\n梦想还是要有的，万一实现了呢？李医生您说是么？</p>",
      "level": 0,
      "highlight": false,
      "children": [
        {
          "id": "18ca2791d7c49e598ce3a3df8f2f76b1",
          "author": "李宗恩",
          "time": "2022年01月01日 10:45",
          "content": "<p>人生過半百，代表你可能還得再走個人生的50%，所以，一切夢想都依然可能實踐的！</p>",
          "level": 1,
          "highlight": true,
          "children": []
        }
      ]
    },
    {
      "id": "4dabc0af2d369baef52f210484938cd9",
      "author": "岐黄寻道",
      "time": "2021年12月29日 20:52",
      "content": "<p>我从2017年开始自学中医，2019午底偶然看到倪师的天纪片断，瞬间被吸引。之后又陆续学习人纪系列，后来发现原来视频都是盗版，非常惭愧。虽然无缘但是有分，倪师就是我心底里的恩师，引我走上学中医的正途。2020年，我通过了中医师承考试。期待有朝一日我也能成为一名真正的中医人，冶病救人，宏扬岐黄医道。</p>",
      "level": 0,
      "highlight": false,
      "children": [
        {
          "id": "40148aaf6588ddc8e5ce33a9247c0259",
          "author": "ieitZYB",
          "time": "2021年12月30日 16:03",
          "content": "<p>2017年开始，师承合同3年，2020出师，不错。</p>",
          "level": 1,
          "highlight": false,
          "children": []
        },
        {
          "id": "c8f868ec86b5a623066b3a2b527ac3c6",
          "author": "李宗恩",
          "time": "2022年01月01日 10:45",
          "content": "<p>不忘初衷，加油！</p>",
          "level": 1,
          "highlight": true,
          "children": []
        }
      ]
    },
    {
      "id": "564da26b065826fb1f848a6b2f2a0caf",
      "author": "李樹根",
      "time": "2021年12月30日 12:22",
      "content": "<p>倪老師的精神一直鼓舞著我們，感恩倪老師帶領我們進入經方的世界，非常感謝Dr.Lee的分享，願中醫有一日能夠成為主導！！！</p>",
      "level": 0,
      "highlight": false,
      "children": [
        {
          "id": "09858194f957ccb14ca65ae0d9ed3475",
          "author": "李宗恩",
          "time": "2022年01月01日 10:46",
          "content": "<p>謝謝你的支持及鼓勵！</p>",
          "level": 1,
          "highlight": true,
          "children": []
        }
      ]
    },
    {
      "id": "4010084f47c0d64e7763b1eacb25c044",
      "author": "莫桥兰",
      "time": "2021年12月30日 01:03",
      "content": "<p>怎么才能成为传承经方的一份子，我也想学，大陆哪里可以学习？</p>",
      "level": 0,
      "highlight": false,
      "children": [
        {
          "id": "74d043f38ac309f1a81a1cf4129e7065",
          "author": "李宗恩",
          "time": "2022年01月01日 10:46",
          "content": "<p>從倪老師的人紀中醫教材內容開始學習。</p>",
          "level": 1,
          "highlight": true,
          "children": []
        }
      ]
    },
    {
      "id": "42376c9d3ffd9f76efd26f7c4964356b",
      "author": "Lynn",
      "time": "2021年12月31日 15:53",
      "content": "<p>到现在元旦已经过半，这篇文章是我看到最有价值的文章了，感谢李宗恩老师送给我们这么好的开年大礼！</p>",
      "level": 0,
      "highlight": false,
      "children": []
    },
    {
      "id": "205456ce2521e032e6f493d2e2fc2ca7",
      "author": "不忘初心",
      "time": "2022年01月01日 23:26",
      "content": "<p>李老师，您好。感谢您跟我们分享这些跟倪师一起的美好回忆。我也是倪师人纪的学习者和传播者。只是这样未经倪师认可就传播他的作品和精神不知道是否妥当。我也只是一心想把倪师这一生的心血能让更多的国人所熟知，让更多人能重新认识、了解、学习和运用中医，让中医好的东西能更好的传承。有时候我很疑惑。李老师，您是倪师最喜爱和最信任的弟子。您能告诉我传播倪师的授课视频，引导大家去学习，这样对吗？因为我想让倪师离他的梦更近一些，更多人能学习经方，把经方传承和弘扬。也因此写了一首诗，与大家共勉。<br/>\n莫叹世间无良医，千年经方渡缘人。<br/>\n觉醒自学仍未晚，传承弘扬护健康。<br/>\n如果我这样有违倪师初衷，我就不再传播了。劳烦李老师您告诉我，谢谢。</p>",
      "level": 0,
      "highlight": false,
      "children": [
        {
          "id": "d804270e1b459cc3705be331bea02810",
          "author": "李宗恩",
          "time": "2022年01月21日 09:25",
          "content": "<p>倪老師教學著作版權為倪師母擁有，倪師母自己管理，其他人沒有辦法回答。</p>",
          "level": 1,
          "highlight": true,
          "children": []
        }
      ]
    },
    {
      "id": "7175f2c2a21360e98f97634649cd23b2",
      "author": "carey",
      "time": "2022年01月03日 18:43",
      "content": "<p>倪師千古！ 相信時間會證明一切！<br/>\n感謝李博士的分享， 讓我們見到了有血有肉的倪師！除了經方，還愛飆車，音樂，射擊……</p>",
      "level": 0,
      "highlight": false,
      "children": []
    },
    {
      "id": "b8deeb03f73e64bf3d17debc894a0fe3",
      "author": "厦门DCM 戴",
      "time": "2022年01月04日 18:45",
      "content": "<p>深受倪师的恩惠，正在努力研习经方，随时期待并响应李博士举起的中医复兴大旗。</p>",
      "level": 0,
      "highlight": false,
      "children": []
    },
    {
      "id": "9df0381bdaae6145b152414112720961",
      "author": "R",
      "time": "2022年01月05日 01:55",
      "content": "<p>请问倪师早逝是因为之前帮人算命的缘故吗？有人说倪师因为帮人算命改命以及治病救人使得病人的冤亲债主抱冤无门，所以就找上了倪师…一直想不通以倪师的能力为啥不化解自己的劫呢？还是说改命也是有限度的？太强大的业力就无法靠人力来改变了？</p>",
      "level": 0,
      "highlight": false,
      "children": []
    },
    {
      "id": "6254201c42204e880a2243a1f3a6984f",
      "author": "山林雾霭",
      "time": "2022年01月06日 20:13",
      "content": "<p>明师难遇，高徒难求。一方能觅得心仪的另一方，都是难得的缘分。希望敬爱的李医师将正统的经方传承下去，造福世人。新年快乐，身体健康！</p>",
      "level": 0,
      "highlight": false,
      "children": [
        {
          "id": "acc9d0207d6e57d1b7f571504670ccf5",
          "author": "李宗恩",
          "time": "2022年01月21日 09:30",
          "content": "<p>謝謝你的祝福！</p>",
          "level": 1,
          "highlight": true,
          "children": []
        }
      ]
    },
    {
      "id": "d1964a44bc15190f067240062b3f3b68",
      "author": "卢晨",
      "time": "2022年01月16日 06:59",
      "content": "<p>太有画面感了，看得有些莫名的心酸，虽然我是在时间空间上距离倪老师很遥远，但是也会梦到倪老师。虽然只是网络上看到倪老师，但这已然是三生有幸得的缘分，影响吾一生的“恩师”，感谢李医师分享的回忆！</p>",
      "level": 0,
      "highlight": false,
      "children": []
    },
    {
      "id": "9590de5c3a7bdec7afa4089bb467f6b7",
      "author": "感染新冠求助",
      "time": "2022年01月18日 19:33",
      "content": "<p>尊敬的李老师您好，我朋友家姑娘在美国留学，感染了新冠，目前已不在发烧，干咳有点严重，咳的胸有点痛，请问这种情况吃些什么药，望回复，谢谢！</p>",
      "level": 0,
      "highlight": false,
      "children": [
        {
          "id": "625665ae6f227509119f97162183e4d8",
          "author": "小瑞",
          "time": "2022年01月19日 13:49",
          "content": "<p>试试清肺排毒汤吧，这个是根据李医生最早治疗新冠病人的处方设计出来的。在李医生回复你之前你可以试试这个。</p>",
          "level": 1,
          "highlight": false,
          "children": []
        },
        {
          "id": "1b56063d914a82256b177b90f6938bfe",
          "author": "李宗恩",
          "time": "2022年01月21日 09:42",
          "content": "<p>不是憑一兩個症狀來診斷。</p>",
          "level": 1,
          "highlight": true,
          "children": []
        }
      ]
    },
    {
      "id": "a5e7156bfac89ffa8bea76aaf8ae78e2",
      "author": "感染新冠求助",
      "time": "2022年01月19日 17:18",
      "content": "<p>谢谢您的建议</p>",
      "level": 0,
      "highlight": false,
      "children": []
    },
    {
      "id": "a834cfb095c28c711753ad3a9e91faa4",
      "author": "文凯",
      "time": "2022年01月20日 12:01",
      "content": "<p>李博士，我诚心想拜您为师，不知需要达到什么条件！</p>",
      "level": 0,
      "highlight": false,
      "children": []
    },
    {
      "id": "f55154ad735537c43b369688137c8c3d",
      "author": "Keyi Shan",
      "time": "2022年11月17日 06:59",
      "content": "<p>李医生您好，我因为家人的生病开始了解中医，父亲在今年被查出肺癌早期，医院二话不说建议立即切除肿瘤以及一片肺叶，在查出来的第四天我的父亲就接受了西医的手术，而当时的我对此治疗方案感到了深深的不解，医生几乎没有解释任何恶性肿瘤的产生与发展的成因，而是根据一个诊断而直接给出切肺叶的诊断方案，我对此很迷茫也很痛心。在这之后我开始了解中医，开始听倪师的课程，一边深深赞叹中医的智慧，一边有些懊悔没能早一些学习。而这段时间的学习也让我想好了之后的人生方向，所以想请问您是否还收徒呢，是否有机会能接受您的教导和跟随您学习？如果能得到您的回复，感激不尽。</p>",
      "level": 0,
      "highlight": false,
      "children": [
        {
          "id": "6e267d5d0172fda043cc70de053849d7",
          "author": "李宗恩",
          "time": "2022年11月22日 11:39",
          "content": "<p>教學的規劃會逐步在網上公佈。</p>",
          "level": 1,
          "highlight": true,
          "children": []
        }
      ]
    },
    {
      "id": "79b8e52d7bc339637d30632d0c5262ce",
      "author": "陸小闞",
      "time": "2023年03月05日 22:02",
      "content": "<p>好羡慕你，我还老幻想那种玄幻小说里面的情节，倪师被妖人所害，困于特殊的容器之间，然后我意外解开了禁锢，倪师遂收我为徒之类的。现在也只能一遍一遍地人纪，然后看看您的直播视频，感觉每次都有新发现，哈哈</p>",
      "level": 0,
      "highlight": false,
      "children": []
    },
    {
      "id": "4ec0cff7827c44a40474161011c23722",
      "author": "知守",
      "time": "2023年04月01日 01:43",
      "content": "<p>才高为师，心正为范<br/>\n哲人已远，典范长存</p>",
      "level": 0,
      "highlight": false,
      "children": []
    },
    {
      "id": "2501bdce4ccd195bef1364dbdba0de0e",
      "author": "知守",
      "time": "2023年06月26日 12:31",
      "content": "<p>今夜有幸找到叶昭呈医师的网站(<a href=\"http://www.lightofheart333.com/\" rel=\"nofollow ugc\">http://www.lightofheart333.com/</a> ​)，阅读了他南印度义诊和青海义诊的故事，十分感动，让人联想到药师佛……<br/>\n更深入地体会到了李医生说的学医和修行之间的联系，感觉人生又莫名充实了不少。<br/>\n感触颇深，没忍住跑来留言，多有打扰，为诸医师祈福。<br/>\n感念倪师在天之灵。</p>",
      "level": 0,
      "highlight": false,
      "children": [
        {
          "id": "cada996b98b81d96024879d15e5e44e7",
          "author": "李宗恩",
          "time": "2023年06月27日 20:16",
          "content": "<p>謝謝你的分享。</p>",
          "level": 1,
          "highlight": true,
          "children": []
        }
      ]
    },
    {
      "id": "f0050e15427dc322dd2f3b70fcd998cd",
      "author": "gkr",
      "time": "2023年11月09日 14:50",
      "content": "<p>感谢倪医生，大恩大德。今早特来还愿。我在十五六岁的时候口眼歪斜了，当时并不知道怎么回事。即使后面学习了中医也没有解决。 从玄学的看，今年正好是我转运，然后问题开始在今年下半年变得严重，我每晚小腹，两肾的位置发烫，好热，按了会痛，小便不出来或者没用小便的样子，整个人害怕得不正常，用各种方剂治疗无效，我并不是专业的中医师，但是我也不知道哪里能够找到，我确定西医应当没有办法解决我的问题。一开始觉得太溪穴有点压痛的样子，用了猪苓汤，前几天有效后面就无了，脚上穴位的压痛似乎消失了，但这些症状还有。一路坎坷下的机缘巧合，推导和各种方剂尝试过了，最后确认是心脏的问题影响到肾，一开始（直接跳到看倪医生讲肾经和心经的下针）下针肾经的然谷，太溪，筑宾，大钟，有用但是不多，针拿掉之后又有，心脏的神门少府，少冲，有用但是不多，针拿掉之后也是会。最后我朋友跟我说，这不是反晦吗？ 我想起来倪讲的五脏不平衡用井穴，其实我对这些没有特别明了，但是还是下了，心的井穴效果不大，但是下了肾的井穴，涌泉时候。当下没有感觉特别，只是觉得确实井穴比较痛，但是当晚能够入睡了，我入眠之后几个小时起来上厕所。结果尿尿，尿出来看着是淡黄的，但是在池子里变出红色一样的，不是血，但是整体看淡黄色透出红来。我当时回到床上，想了个大概，会不会是心脏的红色的营养进入肾里面了，肾的正常的黑色营养没办法进去，所以我整个人面色和肤色都会有点发黑，其次有时候皮肤长出奇怪的纹路（有一次晚上又不舒服，让老爹给我艾灸肾俞，他说他亲眼看见我背上有种条纹，然后在艾灸之后消失了，还拍了照片，就是我之前身上会莫名其妙长的那些），因为肾主生殖，会不会是这样呢。<br/>\n而且很久之前经常有人说我聊天的时候激动就脸发红，是不是那个时候心脏的营养就不正常了，我那个时候经常吃维生素和钙片，abcd都吃。<br/>\n这次尿出红之后，感觉左肾完全好了，但是右边还有一点不舒服，我又给自己下涌泉（真是奇怪哦，为什么就是井穴有用其他肾经的穴位我下了都不会有这种效果，我现在还学艺不精，之后在好好学下去）。这次下了感觉右边的肾脏一直以来有所感觉的什么东西在被拿走，然后我的脸也有感觉，差不多两个小时之后咔擦了一声，我以前脸歪的时候也是慢慢歪接着咔擦一声。我想起来我好像自从某个时间开始右边的肾脏晚上就有一些发烫感，发热难受感，或者运动的时候。但是我没有在意。<br/>\n现在真的，舒服好多好多，我感觉自己会变成一个健康人了，一个正常 的健康人。我觉得自己好幸运，凌晨太阳还未完全升起，空气中透出的淡蓝色。我觉得万物复苏，一切生命开始重生。<br/>\n健康是最重要的，特别感谢倪医生，也感谢李医生。我把这个案例分享给你。我现在几乎可以确认这是一次课题，一次幸运，或者生命对我的考验。我的亲人找的 人说我就在今年有个门槛，过去了就很好。我想就是这个，很痛苦最初。但现在我很感谢一切事物。<br/>\n感谢倪医生，南无地藏菩萨摩诃萨。如果我以后出人头地，我会在社会的层面尽可能为中医的传承作出贡献。</p>",
      "level": 0,
      "highlight": false,
      "children": [
        {
          "id": "0a85aa46ddbcd86a1b684131b733e8d4",
          "author": "李宗恩",
          "time": "2023年11月14日 09:58",
          "content": "<p>謝謝你的分享。</p>",
          "level": 1,
          "highlight": true,
          "children": []
        }
      ]
    },
    {
      "id": "cfa861d0521679344082f482fcf91468",
      "author": "gkr",
      "time": "2023年11月12日 08:47",
      "content": "<p>事实上在那下针之后的早晨面部的响声使我我太兴奋了来留言，实际上事后发现好像并没有根本解决。脸又在一天下午还是什么手回去了，那些症状也没有完全消失，仔细把脉发现自己的脉跳两下就停一下，而且不舒服的位置好像在肠道只是靠近肾而已。细想一直以来心脏都会有悸动。用了炙甘草汤，结果效果很好。睡眠还是各方面的进步都是，令我百思不得其解。抱歉我没有在观察一段时间而只是试了一下什么东西而得到一个现象之后马上就来留言。我不希望误导别人，当时太过于激动了。 人体太奇妙，我还是太浅薄了。</p>",
      "level": 0,
      "highlight": false,
      "children": []
    },
    {
      "id": "496b6910b0bb7c1a80270bd405cc8781",
      "author": "13397754756曾",
      "time": "2023年11月17日 20:11",
      "content": "<p>艾灸肾俞？？究竟是哪个环节弄好了你的歪脸？</p>",
      "level": 0,
      "highlight": false,
      "children": []
    },
    {
      "id": "4226e92ebf5d1698190f287fde942d09",
      "author": "喜欢学习",
      "time": "2024年05月08日 20:52",
      "content": "<p>每次幫人算命後就會遇到一些麻煩，雖然沒有讓我實質上損失什麼，卻讓我心裡很不平靜。我向倪老師請教，老師沒有直接回答，卻說你知道為什麼「看病不算命、算命不看病」的道理了吧！   (您好：请教一下如果理解「看病不算命、算命不看病」？ 为何算命後就會遇到一些麻煩？是某些力量提醒不让算？那为何古人还传下来那么多预测的方法？关键点在那儿这里如何平衡？这个问题思考了好长时间一直找不到相对合适的答案。李博士有看到麻烦指点一下。感谢！</p>",
      "level": 0,
      "highlight": false,
      "children": [
        {
          "id": "b9330c07a76e1e7424bcf99480327233",
          "author": "李宗恩",
          "time": "2024年05月09日 13:29",
          "content": "<p>古人傳了預測的方法，那是知識學問，就像學習武術，不代表你就非得要去和人打架。</p>",
          "level": 1,
          "highlight": true,
          "children": []
        }
      ]
    },
    {
      "id": "59deb506699976527a6da69f13d8a2d7",
      "author": "木子",
      "time": "2024年08月16日 02:01",
      "content": "<p>感謝李醫師的分享。<br/>\n倪師這把火，聚集了熱愛中醫、相信中醫的我們，爾我們會散成滿天星光，照亮世人。<br/>\n願「為天地立心，為生民立命，為往聖繼絕學，為萬世開太平。」<br/>\n願「中華醫學普濟天下，華夏聖賢萬古流芳。」</p>",
      "level": 0,
      "highlight": false,
      "children": []
    }
  ],
  "page": 10,
  "order": 7,
  "filename": "data\\page10\\page10_order6_5cf5b9c6c27564080bf7b81466a2a664.json"
}