{
  "article_url": "https://andylee.pro/wp/?p=3671",
  "title": "再談心律不整及心房顫動",
  "content": "<p>因為台灣全民健保很便宜，許多旅美華人趁著暑假回台灣度假時，去做全身健康檢查。現在學校快開學了，大家陸陸續續回到了加州。結果，這兩週一連來了好幾個心律不整及心房顫動的病人到診所看診。</p>\n<p>這些病人有的平時沒有什麼感覺，有的偶而有胸口緊的感覺，有的更嚴重一些。在健康檢查時，他們都被認定有心律不整或心房顫動。同時，他們都遇到了一樣的疑問：自己為什麼會有心律不整或心房顫動？很遺憾的，為他們檢查的西醫都無法解釋他們心臟跳動不規律是如何產生的。然而，他們的西醫都以一樣的方法來治療，那就是給他們服用「beta blockers」的藥物。Beta blockers是什麼？讀者可以自己上醫學網站上查詢，這裡是知名的Mayo Clinic給的解釋：</p>\n<p>「Beta blockers, also known as beta-adrenergic blocking agents, are medications that reduce your blood pressure. Beta blockers work by blocking the effects of the hormone epinephrine, also known as adrenaline. When you take beta blockers, <strong>your heart beats more slowly and with less force</strong>, thereby reducing blood pressure. Beta blockers also help blood vessels open up to improve blood flow.」</p>\n<p>簡單的解釋，Beta blockers讓病人的心臟比較弱，無法跳動得比較快，因此相對之下心臟跳動也就「比較規律」，病人自己可以感覺到「服藥的效果」，也就覺得西藥有效。</p>\n<p>然而，這樣的治療讓很多人覺得違背「common sense」，如果不知道心臟為什麼會跳動不規律，那麼如何有效治療病因呢？如果只是用藥物讓心臟無法跳快一些，是不是像是把那些喜歡一下子走快一下子走慢的行人給打瘸一隻腳，所以他們都變得「很規律地慢慢走」？</p>\n<p>那麼中醫是如何看待心律不整及心房顫動？大多數的心臟跳動不規律，是因為心陽虛心血虛導致的，當心臟無法提供足夠的能量及養分到身體其它部分，心臟會得到「反饋訊息」，要心臟「多加努力」，這是人體自救的機制。所以，由臨床觀察可以看到，心臟剛剛開始虛弱時，心臟跳動的速率會加快，如此可以減少對身體其它部分的影響。如果心臟虛弱的情況沒有改善，心臟無法一直維持在較快的速率下跳動，因此開始有心律不整的現象出現，心臟一下子跳快一些，一下子跳慢一些。如果心臟虛弱的情況變得更差，心跳不規律變得更加嚴重，這時後會出現跳幾下停一下的情況，也就是西醫觀察到的心房顫動。如果再嚴重下去，心臟跳動速率會大幅下降，伴隨這心律不整或心房顫動的現在。再嚴重下去，在中醫的脈象上會出現比較危險的情況，譬如像蛇行一樣，脈會左右飄動等等。</p>\n<p>換句話說，大多數的心律不整及心房顫動的根源在於心陽虛心血虛，正確治療的方式當然也就是想辦法讓心陽心血恢復正常，視嚴重的程度，從一般常用的補血藥物，知名的炙甘草湯，到藥性較強的生附子等等，中醫治療的效果通常都很不錯。</p>\n<p>我們回頭來看看西醫用來治療心律不整或心房顫動的Beta blockers，以及常常用來搭配的血液稀釋劑。這些藥物在中醫看來，都是「減少心陽」及「攻血」的藥物，只能暫時掩蓋心跳不規律的現象，服用久了，會把心陽及心血弄得虛，不但心臟變得更差，其它內臟也會跟著出問題。這樣的治療是本末倒置，反而害了病人。</p>\n<p>而臨床上，我們最常遇到兩個問題：第一是心律不整或心房顫動的病人服用西醫開的Beta blockers，覺得有些效果，剛開始服用中藥時，心跳不規律的現象反而加重，病人對中醫治療產生疑問。如上面解釋的，Beta blockers讓心臟更衰弱，心臟跳不快，當然跳動不規律的現象減少，而服用中藥後，心臟功能加強，但還沒有到健康標準以上，當然會有更多心律不整的現象，這只是暫時性的，只要中醫師適當使用一些活血化瘀的中藥，不用擔心西醫認為心律不整會導致凝血阻塞的現象。第二是病人堅持一直服用Beta blockers及血液稀釋劑，不肯試一試停止使用這些西藥，希望能「中西醫合併」，這等於是一邊想辦法讓心臟變強，一邊想辦法讓心臟變弱，這樣是行不通的，更何況在西醫回診時，看到心律不整的現象仍存在，於是加大西藥的劑量，讓病人的心臟更加衰弱，那麼請問中醫要如何幫你「中西醫合併」來治療？</p>\n<p>所以，如果病人不相信中醫，不肯試一試停止使用西藥，那麼也就不用來找中醫治療了，不要浪費中醫的時間及精力，也為自己省下兩邊合併治療的麻煩。而在病情不那麼嚴重的時侯，都不相信中醫了，等到心臟更加衰弱，身體其它部分出更多問題，當然就更不相信中醫可以治療。就像這次奧運許多歐美的選手使用中醫的拔罐及針灸，他們以自己身體的感受來說明真的比其它方法有效時，還是有許多歐美記者，甚至華人自己，竟然還說用罐子來拔罐治療，不如吃掉罐子裡原來裝的果醬！科學是從假說到實務驗證的方法學，而不是你現在頭腦裝有什麼用來解釋現象的認知 。套一句上次我到台灣巡迴演講時，一位國際知名的科學家在晚餐上和我相聚甚歡時分享的一句話：「有獨立思考能力的人，其實是瀕臨絕種的稀有動物！」</p>\n<p> </p>\n<p> </p>",
  "article_time": "2016年08月09日 15:55",
  "comments": [
    {
      "id": "a626eeb1f8c397ca6422af02c26666e6",
      "author": "逍遙中醫",
      "time": "2016年08月09日 17:54",
      "content": "<p>臨床上的確遇過這種患上類似心悸的病人，<br/>\n他們都看過西醫，未能解決問題才來看中醫，<br/>\n大都服用一段時間中藥後，能有不錯的療效。</p>\n<p>在香港，接受針灸及拔罐的外國人也不少呢，<br/>\n因為這種治療，能立竿見影，<br/>\n尤其是針對痛症，療效顯著，<br/>\n現在的　＜手機低頭族＞，去找物理治療師，<br/>\n其實也得用上中醫的針灸推拿與拔罐治療。。。</p>",
      "level": 0,
      "highlight": false,
      "children": []
    },
    {
      "id": "b200918163a6699c64e3b0e3943e6c19",
      "author": "阿汪",
      "time": "2016年08月09日 22:41",
      "content": "<p>請問, 已經裝上心律調整器的人看中醫還有救嗎?</p>",
      "level": 0,
      "highlight": false,
      "children": [
        {
          "id": "1b98e3111e21ab091017e71f18eb0c4d",
          "author": "andy",
          "time": "2016年08月10日 11:56",
          "content": "<p>比較麻煩。是可以先辦法強心陽、補心血，但是，身體的反應比較難以預期及評估。同時，如果中醫認為已經大有進步，那病人是不是要去除心律調整器？這可能會讓不同意見的病人及親屬超翻天。</p>",
          "level": 1,
          "highlight": true,
          "children": [
            {
              "id": "8fef27ca5ac7b948fcd1b247d445537b",
              "author": "梅子",
              "time": "2021年01月13日 03:48",
              "content": "<p>李医生您好，现在的起博器是自动调节的，如果是自身心脏的功能恢复了，起博器就不工作了。</p>",
              "level": 2,
              "highlight": false,
              "children": [
                {
                  "id": "0851a680ecd926748321452c14a98d67",
                  "author": "李宗恩",
                  "time": "2021年01月13日 15:18",
                  "content": "<p>謝謝你告訴我，我知道，然而，沒有多少病人長期使用心律調整器後，心臟還能恢復正常而能放心地移除心律調整器。</p>",
                  "level": 3,
                  "highlight": true,
                  "children": []
                }
              ]
            }
          ]
        }
      ]
    },
    {
      "id": "5ab94e2ffff334b66cf6e2e959185cc5",
      "author": "myhoursgood",
      "time": "2016年08月19日 01:03",
      "content": "<p>心律不整的原因很多，但見過最多的是長短腳(高低肩)，髂骨不正的，常見的右腳長的比較多，想像心臟像pump，原本打了，身體兩側應能正常回流，但右側變長，身體告訴心臟說不夠，有時就會莫名其妙多打幾下，通常一開始就算照動靜態心電圖也找不到原因，但久了，就造成瓣膜脫垂、血管剝離、出血、心肥大種種的問題。</p>",
      "level": 0,
      "highlight": false,
      "children": [
        {
          "id": "ec8c9b739355015af182b60c587247ef",
          "author": "andy",
          "time": "2016年08月22日 16:40",
          "content": "<p>靜脈血液回流，並不是直接靠心臟跳動，而是藉由呼吸運動及肌肉運動造成壓力差，加上靜脈內的閥門，中醫上講脾主四肢、主肌肉、「統血」。所以，或許身體的不對稱可以導致某部分病人的心律不整， 但是，臨床看來還有很多其它更重要的原因會造成心律不整。</p>",
          "level": 1,
          "highlight": true,
          "children": [
            {
              "id": "f74a94a37a4c1bd4de8d96ceab7b2ce7",
              "author": "Wenyen",
              "time": "2021年01月09日 22:25",
              "content": "<p>李醫師，我是執業律師，三年前被診斷有心房顫動，因為沒有太多症狀， 除了短期吃了beta blocker and blood thinner, 沒有做其他治療，最近可能因為比較緊張，有頭暈，心悶的症狀，且心跳更不規則。希望能夠在再看西醫前，得到您的建議與治療。</p>",
              "level": 2,
              "highlight": false,
              "children": [
                {
                  "id": "8cd5fcc1c2276c6ebfb9fec28300ab23",
                  "author": "李宗恩",
                  "time": "2021年01月10日 18:45",
                  "content": "<p>如文章中說的，西醫的治療方法有限，即使用燒的，也只是讓病人舒服些，並非治癒，反而損傷心臟功能。中醫可以治療，你得找中醫師看診。</p>",
                  "level": 3,
                  "highlight": true,
                  "children": []
                }
              ]
            }
          ]
        }
      ]
    },
    {
      "id": "ae31fd8e29ef01da05b378a1f2e9b635",
      "author": "新小岩",
      "time": "2016年08月22日 01:32",
      "content": "<p>「有獨立思考能力的人，其實是瀕臨絕種的稀有動物！」<br/>\n这句话说得太好了。<br/>\n学中医的人，都有不思考的呢，更何况是一般人士。</p>",
      "level": 0,
      "highlight": false,
      "children": []
    },
    {
      "id": "89f7b9018de346fad095b41d580f7141",
      "author": "阿汪",
      "time": "2016年10月31日 05:36",
      "content": "<p>有親友每年檢查身體. 去年醫生就告訴他心律不整, 吃了兩個月西藥後, 因為沒不舒服, 就沒吃了.</p>\n<p>今年醫生說, 他有風濕性二尖瓣膜狹窄, 心臟衰竭 (比起五年前的數字), 心律不整. 建議他開刀.</p>\n<p>這位親友就去另外一家多年前看心臟內科的醫生複查. 醫生調出舊資料比較, 說他左心室肥大及二尖瓣膜狹宅, 餓尖瓣膜狹窄是容易引起心律不整. 但這位醫生說, 應該還不到要換瓣膜的地步. 同時, 現在手術比以前進步, 可以擴大瓣膜.  因此, 他建議這位親友去一家醫院就診一位有名的心臟外科醫生.</p>\n<p>請問, 這樣的問題, 現在看中醫可以嗎? 如果初診後, 用遠距離來診斷可以嗎?</p>",
      "level": 0,
      "highlight": false,
      "children": [
        {
          "id": "f51122447e3dd3fcf1a05dc4eaa831f1",
          "author": "andy",
          "time": "2016年10月31日 08:57",
          "content": "<p>應該可以。</p>",
          "level": 1,
          "highlight": true,
          "children": []
        }
      ]
    },
    {
      "id": "3fd18eacde3ad2d264c8e8f9e82747d6",
      "author": "Jessica",
      "time": "2021年02月25日 01:35",
      "content": "<p>李醫師,我是透析患者,2019年5月開始心律不整,西醫說心房撲動,2019/9月電燒,電燒後隔天又有心房顫動.先吃藥無效,於是2020/6月進行第二次電燒只維持了約20天正常心跳,於透析中又引發房顫（每次透析皆會引發房顫持續5～12小時不等）。2020/10/2透析中引發房顫至今未停，吃藥也無法降下來，目前心跳約120～150，極痛苦,西醫建議再電燒試試或燒掉裝節律器。可是我不願意，李醫師有辦法幫我嗎？</p>",
      "level": 0,
      "highlight": false,
      "children": [
        {
          "id": "713d8e742ac7efcd79fce1c6bee7e682",
          "author": "李宗恩",
          "time": "2021年02月27日 16:07",
          "content": "<p>我不在網上針對個案一一討論。</p>",
          "level": 1,
          "highlight": true,
          "children": []
        }
      ]
    },
    {
      "id": "d1f64a60146a8b35e5bf283af834e65d",
      "author": "Hank",
      "time": "2021年02月26日 22:52",
      "content": "<p>可是我是先看了中醫20幾年 心臟還是跳很快，幾乎吃了所有傷寒論方劑(桂枝甘草湯 炙甘草湯 生脈散 苓桂朮甘湯 真武湯 五苓散 黃連阿膠湯 半夏瀉心湯 四逆湯…等等）都沒有用。最後還是只能吃beta blocker….</p>",
      "level": 0,
      "highlight": false,
      "children": [
        {
          "id": "fffe080d9a7089f5d7a163a3d6fe0cb3",
          "author": "李宗恩",
          "time": "2021年02月27日 16:09",
          "content": "<p>不是直接套用各種方劑就能治療。</p>",
          "level": 1,
          "highlight": true,
          "children": []
        }
      ]
    },
    {
      "id": "ac1f91af1201bcb78c6bd1335f210f35",
      "author": "Vincent.Do",
      "time": "2021年06月02日 07:00",
      "content": "<p>老師好，<br/>\n    最近一直疑問對于做了心臟支架病人如何妥善處理。如果病人已安裝支架甚至已經多年，現在用活血化瘀、溫通藥物會不會䢪成支架的松動甚至脫落等問題？不知老師這方面是如何處理的？謝謝老師。</p>",
      "level": 0,
      "highlight": false,
      "children": [
        {
          "id": "a4a039fd7f52f800cf4829a99151a367",
          "author": "李宗恩",
          "time": "2021年06月02日 10:39",
          "content": "<p>做過stent的病人，西醫要求他們終身服藥抗凝血西藥，但也不會擔心這樣的問題。</p>",
          "level": 1,
          "highlight": true,
          "children": [
            {
              "id": "eb82d5fd882c5515e85369fd554c9dc5",
              "author": "Vincent.Do",
              "time": "2021年06月02日 17:07",
              "content": "<p>謝謝老師。受教了。</p>",
              "level": 2,
              "highlight": false,
              "children": []
            }
          ]
        }
      ]
    },
    {
      "id": "a03f8df1261dc2cfcfe1652474824219",
      "author": "马荣",
      "time": "2021年07月12日 01:00",
      "content": "<p>请问李医师 早搏治好之后 复发的概率大吗</p>",
      "level": 0,
      "highlight": false,
      "children": [
        {
          "id": "1c11cfdbd8360b74dc0a2269e9bccb3c",
          "author": "李宗恩",
          "time": "2021年07月14日 12:15",
          "content": "<p>生活習慣及年齡有很大的影響。</p>",
          "level": 1,
          "highlight": true,
          "children": [
            {
              "id": "fde3f6c1af70d48f1973b5da447bf614",
              "author": "马荣",
              "time": "2021年07月16日 02:35",
              "content": "<p>那再复发之后治疗困难吗 感觉这真是个世界难题</p>",
              "level": 2,
              "highlight": false,
              "children": []
            }
          ]
        }
      ]
    },
    {
      "id": "a15c12660edf6a62c04dfd1656328d08",
      "author": "马荣",
      "time": "2021年08月29日 01:45",
      "content": "<p>请问李医师 您这篇文章里的心房颤动 和房颤是（atrial fibrillation）一个疾病吗？</p>",
      "level": 0,
      "highlight": false,
      "children": [
        {
          "id": "cb2331b0aedb401efcea03daa6c6dca8",
          "author": "李宗恩",
          "time": "2021年08月29日 12:25",
          "content": "<p>Atrial Fibrillation是西醫的一個病症名稱。</p>",
          "level": 1,
          "highlight": true,
          "children": []
        }
      ]
    },
    {
      "id": "b5a4c6ad7952e00c7138c13cf8ade866",
      "author": "KEVIN88",
      "time": "2021年12月20日 19:02",
      "content": "<p>請問李醫師!控制心房顫動的中藥，可以搭配靈芝膠郎 使用嗎?</p>",
      "level": 0,
      "highlight": false,
      "children": [
        {
          "id": "5e6998c5a343117164b3011d24c93cd8",
          "author": "李宗恩",
          "time": "2021年12月22日 16:22",
          "content": "<p>你為什麼要服用靈芝膠囊？就只是廣告說靈芝膠囊強身健體嗎？</p>",
          "level": 1,
          "highlight": true,
          "children": []
        }
      ]
    },
    {
      "id": "2b52b5baa77ced4dbfe918e25aa34281",
      "author": "阮先生",
      "time": "2023年02月17日 01:47",
      "content": "<p>請問，心房顫動可用炙甘草湯+真武湯嗎？</p>",
      "level": 0,
      "highlight": false,
      "children": [
        {
          "id": "c0e32c38081fde34a11bda7c3f6d8c0d",
          "author": "李宗恩",
          "time": "2023年02月20日 10:17",
          "content": "<p>每個病人不一樣，不是西醫說心房顫動，就服用哪個中藥方劑。</p>",
          "level": 1,
          "highlight": true,
          "children": []
        }
      ]
    },
    {
      "id": "110d80395944956c0d56622f3e5f4fa1",
      "author": "暗香疏影",
      "time": "2024年03月26日 20:25",
      "content": "<p>做当代有良知有技术的中医比仲景先师辛苦太多，要治病还要帮西医擦屁股还要了解西医的罪行解释给患者听，患者不听还捉急上火！唉……倪师每次骂人我都觉得过瘾！</p>",
      "level": 0,
      "highlight": false,
      "children": []
    }
  ],
  "page": 42,
  "order": 10
}