{
  "article_url": "https://andylee.pro/wp/?p=6036",
  "title": "FM96.1：中醫藥正式列入ICD遭反對 經絡沒根據？草藥有毒性？",
  "content": "<figure class=\"wp-block-audio\"><audio controls=\"\" src=\"https://andylee.pro/wp/wp-content/uploads/2019/06/S-05282019中醫藥正式列入ICD遭反對-經絡沒根據？草藥有毒性？.mp3\"></audio></figure>\n<p>（語音檔案由<strong>F</strong>M96.1電台提供，文章摘錄撰寫中，請稍加等待謝謝。）</p>",
  "article_time": "2019年05月28日 14:21",
  "comments": [],
  "page": 27,
  "order": 10,
  "filename": "data\\page27\\page27_order9_3c5dfaf60f3f662bd71f88f7dcc134b4.json"
}