{
  "article_url": "https://andylee.pro/wp/?p=6046",
  "title": "時隔十年，回顧倪老師病例「荷蘭小公主」",
  "content": "<p>許多倪海廈老師的學生及粉絲都聽聞過這個「荷蘭小公主」的病例故事，十年左右過去了，小女孩長大了，現在情況如何？我們先來簡單陳述一下當年的病情。</p>\n<p>小女孩全家長年住在荷蘭，2004年小女孩4歲多，隨著家人到中國大陸及香港遊玩，在離開香港回荷蘭的前一晚發燒，回到荷蘭後發燒了幾次，服用西醫退燒，沒隔多久，小女孩出現右手指抽搐的現象，被診斷為癲癇。接下來的幾個月，病情惡化，每天都發作，臉部右側、右腿等也開始抽搐，發作頻率增加到幾乎每分每秒都在抽搐，西醫診斷為「Rasmussen Syndrome」（一種罕見及嚴重的腦部神經發炎病症），給予大量的抗癲癇藥物Keppra(Levetiracetam)、Trileptal(Oxcarbazepine)等等。那些抗癲癇藥物造成許多嚴重的副作用，身體右側出現萎縮、脊椎側彎，然而，依然無法有效控制癲癇，西醫告知小女孩的父母，如果藥物再無法控制病情，將採取極端的治療方法，把小女孩的左大腦半球切除！</p>\n<p>2008年十月初，病人媽媽帶著小女孩從荷蘭飛到美國佛羅里達州，請求倪老師救救小女孩，不然小女孩的左大腦將被切除，那會是怎麼樣的人生？沒人敢想像。根據診所及在場跟診學生的紀錄，小女孩第一次看診時，無法自己走路，由媽媽背著進診所，身體右側萎縮、頭向右側傾斜、身體多處不自主的抽動，小女孩的痛苦及媽媽的無助，讓人看了就掉淚。</p>\n<p>倪老師看診很快就認定為「痰飲在血脈神經」，得使用吐法來治療。使用什麼藥方？治療細節如何？我們這裡先不深入解釋，以後我再找時間，從我治療過多個嚴重癲癇的病例來交叉比對討論。一開始病人媽媽非常擔心讓小女孩停止服用抗癲癇藥物，造成倪老師的困擾，但是，病人媽媽很快看到了中醫療效而轉變思維，全心全意的接受中醫治療。在短短的五週內，小女孩的病情大幅好轉，十一月中離開美國回荷蘭時，癲癇幾乎已經全好了，身體各處幾乎都沒有抽搐，頭部及身體右傾大幅恢復，小女孩精神很好，重拾以往的笑容，開心地和大家互動，因為小女孩非常乖巧可愛，倪老師以「荷蘭小公主」來稱呼她。2008年十二月，小女孩已經完全恢復正常，開心的回學校上課。2010年九月，病人媽媽特意寄了三張小女孩的照片給倪老師，向倪老師報告一切正常，小女孩有個非常快樂的童年，三張照片都是小女孩的笑容及可愛的身影。</p>\n<p>現在已經是2019年了，許多年過去了，倪老師辭世了，這個世界也經歷了很多的改變。因緣際會，倪老師數十年的摯友、診所的總管Jack大叔再次見到了這位「荷蘭小公主」，當年的小女孩婷婷玉立地長大了，已經是20歲的大學生了，笑容滿面，美好的未來正等著她去開展。Jack大叔特意把合照寄給了當年和倪老師親近的我們，Jack大叔在微信上寫了「我替海廈充滿榮耀」簡單的幾個字，我看了雙眼忍不住淚下了，許多往事再次浮現在心頭。</p>\n<p>一個偉大的醫家，不僅僅改變病人的一生，拯救了許多的家庭，更感動了無數的心靈。試想，如果你或你的女兒，被切除整個左大腦半球，那麼你的一生將會如何？感恩的心，讓這個世界更美好！</p>",
  "article_time": "2019年06月26日 10:39",
  "comments": [
    {
      "id": "32115ceb8484adde1012e27352f4ec36",
      "author": "Andrew",
      "time": "2019年06月26日 14:41",
      "content": "<p>又是一个感动人心的故事。</p>\n<p>西医的诊断需要切除整個左大腦半球，可以想象当时父母的害怕的心情。</p>\n<p>西医给的复杂的病名，「Rasmussen Syndrome」，又是如此严重的病情，倪老師看診很快就認定為「痰飲在血脈神經」。</p>\n<p>我们再看看中医如此简单又带有无限的智慧的解释：只是「痰飲」，「血脈」的概念。</p>\n<p>这个概念背后，不能缺少基本中医的哲学观：阴阳，气，五行，。。</p>\n<p>非常感谢【當張仲景遇上史丹佛】医师用心写出如此动人的故事和我们分享，让我们体会古人智慧的伟大。</p>\n<p>小弟学习黄帝内经，今天脑里很自然的用“阴阳，气，五行”的概念看世界。 今天香港的抗议活动，小弟也写出我的感想，应用古人的智慧在政治，在人的思维模式，和大家分享。</p>\n<p>文明文化 ：对中国的恐惧与尊重</p>\n<p><a href=\"https://www.linkedin.com/pulse/%E6%96%87%E6%98%8E%E6%96%87%E5%8C%96-%E5%AF%B9%E4%B8%AD%E5%9B%BD%E7%9A%84%E6%81%90%E6%83%A7%E4%B8%8E%E5%B0%8A%E9%87%8D-andrew-wong/\" rel=\"nofollow ugc\">https://www.linkedin.com/pulse/%E6%96%87%E6%98%8E%E6%96%87%E5%8C%96-%E5%AF%B9%E4%B8%AD%E5%9B%BD%E7%9A%84%E6%81%90%E6%83%A7%E4%B8%8E%E5%B0%8A%E9%87%8D-andrew-wong/</a></p>",
      "level": 0,
      "highlight": false,
      "children": []
    },
    {
      "id": "b87f2e88d68be4a8a8992d3c011efdde",
      "author": "Ferry瑞芳",
      "time": "2019年06月26日 15:38",
      "content": "<p>感恩!</p>",
      "level": 0,
      "highlight": false,
      "children": []
    },
    {
      "id": "def384a4443512dc691690736858c781",
      "author": "ieitZYB",
      "time": "2019年06月27日 05:16",
      "content": "<p>一直收藏倪师这篇日志：<br/>\n<a href=\"http://www.hantang.com/chinese/ch_Articles/rasmussen.htm\" rel=\"nofollow ugc\">http://www.hantang.com/chinese/ch_Articles/rasmussen.htm</a></p>",
      "level": 0,
      "highlight": false,
      "children": [
        {
          "id": "db1987096485632f78e404dd97e940a1",
          "author": "暗香疏影",
          "time": "2024年03月25日 04:13",
          "content": "<p>感谢分享，看后不竟让我既伤心又开心，伤心的是倪师就这样突然走了（但我相信倪师肯定是躲起来写地纪去了），开心的是李博士青出于蓝而胜于蓝，和倪师完成了完美的交接，没有让真正可以治病救人的传统中医丢失，虽然我信世间有定数不惧未来，但依然隐隐担忧，所以博士赶紧正式系统授课吧，不是否定您其他方式对中医的贡献，只是觉得正式传承更重要‼️</p>",
          "level": 1,
          "highlight": false,
          "children": [
            {
              "id": "5095792cca0c0e9521117027effa09a0",
              "author": "暫停",
              "time": "2024年03月25日 06:29",
              "content": "<p>李博士已經再三的說過這麼多次，時間到了就會系統教學，為什麼還要每天這樣強迫症似的不斷催促，製造無謂的壓力呢？只是從旁看著都覺得累呢。授課要準備教材和系統也是需要很多時間和精力的，就不能換位思考，給李博士一些準備的時間和空間，而不要只想著自己要得到什麼，就馬上要到？自己可以學的總是還有很多很多，包括讓自己的心安靜下來。</p>",
              "level": 2,
              "highlight": false,
              "children": []
            }
          ]
        }
      ]
    },
    {
      "id": "2b63d7a39eac4e4c790d68eef310b5fe",
      "author": "Gordon",
      "time": "2019年06月27日 05:27",
      "content": "<p>太感人，当时在汉唐的网站上看到这个医案时，感到中医很厉害，可以改变一个人的人生轨迹和病患的家庭。遇到好的中医也是缘分！</p>",
      "level": 0,
      "highlight": false,
      "children": []
    },
    {
      "id": "3ce4c52ddb0573cde057456be8c83f87",
      "author": "123-精进",
      "time": "2019年08月01日 18:11",
      "content": "<p>我一直不相信倪师辞世这件事，怎么可能呢？<br/>\n直到今天看见这句话:  “現在已經是2019年了，許多年過去了，倪老師辭世了，這個世界也經歷了很多的改變”（以前看到网站也有传言，一直不敢相信，也不愿意面对网上所说的辞世一说）有种说不出的难过与失落。</p>\n<p>但我还是不相信</p>",
      "level": 0,
      "highlight": false,
      "children": []
    },
    {
      "id": "e0dcf6acbdae15ca79dedfde6e917dd4",
      "author": "难治型癫痫",
      "time": "2020年01月29日 04:49",
      "content": "<p>您好！andy！<br/>\n   我家孩子患有癫痫，二个月时发病（诱因是感冒，未发现发烧） 大脑发育不良，1岁前每隔1～2周进入一个发作期，发作期持续3天左右，发作期内每隔10分钟一次，每天最多时近百次。这种情况下只能去医院打镇静剂。现在孩子3岁半多，每天发作1～2次，四肢强直，向前弯曲。西药效果不好，吃的也不多，我十多年前就了解过倪师，一直也在能给孩子治疗的中医，在深圳找过施合一大夫 不知您能否接诊此病？如果可以 请留下联系方式，我发孩子详细的病历过去。非常感谢！</p>",
      "level": 0,
      "highlight": false,
      "children": [
        {
          "id": "6149b52330298ff853aa78ae59bfd93c",
          "author": "andy",
          "time": "2020年01月30日 11:55",
          "content": "<p>如果沒有特別的因素，中醫是可以治療癲癇的。這樣的病例，得親自看診，不適合遠距離治療。</p>",
          "level": 1,
          "highlight": true,
          "children": [
            {
              "id": "c15413b0dd1aa9e55574ce6c1d75a28e",
              "author": "癫痫",
              "time": "2020年02月06日 21:59",
              "content": "<p>非常谢您的回复！去美国确实有些困难。另外，孩子坐飞机后，病情加重。第一次出现每十分钟发作一次的频繁发作就是在坐飞机落地后的当晚。不知您何时会回大陆或者台湾？这个孩子非常需要接受您的治疗。</p>",
              "level": 2,
              "highlight": false,
              "children": []
            }
          ]
        }
      ]
    },
    {
      "id": "c8c61340d29435347a712376253d48bb",
      "author": "晨翔",
      "time": "2020年05月28日 12:08",
      "content": "<p>泪如雨下…值得敬重的好医生…～</p>",
      "level": 0,
      "highlight": false,
      "children": []
    },
    {
      "id": "25c718ea6d9982d3cc4fabbb3f214c51",
      "author": "carey",
      "time": "2021年01月05日 12:59",
      "content": "<p>“我替海廈充滿榮耀”看到这句话， 顿时泪如雨下， 百感交集，<br/>\n对倪师的了解也仅限于网络， 但又是那么的让人震撼，<br/>\n自己都不敢相信为何那么喜欢听倪师讲课，那么的相信他！<br/>\n他若还活着该多好！</p>",
      "level": 0,
      "highlight": false,
      "children": []
    },
    {
      "id": "2c6f7dc7e97c1175a95d51d5736d5816",
      "author": "黄种人",
      "time": "2024年04月22日 20:44",
      "content": "<p>好奇问下，治疗是不是以防己黄芪汤为主力处方，在此基础上加减。</p>",
      "level": 0,
      "highlight": false,
      "children": [
        {
          "id": "4902438850fe9aa0db4cf84dbbff95bf",
          "author": "李宗恩",
          "time": "2024年04月23日 16:18",
          "content": "<p>不是。</p>",
          "level": 1,
          "highlight": true,
          "children": []
        }
      ]
    },
    {
      "id": "6585228d09b6d9a5a57069f7d99550b5",
      "author": "guangtao xu",
      "time": "2025年03月08日 02:12",
      "content": "<p>看视频有个方专治血脉神经的痰饮好像叫：黎芦甘草汤</p>",
      "level": 0,
      "highlight": false,
      "children": [
        {
          "id": "3f84e38f39801315edeee8556f2c5299",
          "author": "李宗恩",
          "time": "2025年03月08日 08:05",
          "content": "<p>不是什麼病名就使用什麼方劑。</p>",
          "level": 1,
          "highlight": true,
          "children": []
        }
      ]
    },
    {
      "id": "041ce9ef2101c2cd50854ef0c279f4e3",
      "author": "吴茱萸",
      "time": "2025年03月18日 19:42",
      "content": "<p>李师，请问一下，这个荷兰小公主是不是倪师斯坦福大学演你开场白讲的那个天使人证的故事？谢谢</p>",
      "level": 0,
      "highlight": false,
      "children": [
        {
          "id": "cde4f8efae05097d71a57a9004f81d5b",
          "author": "李宗恩",
          "time": "2025年03月19日 17:14",
          "content": "<p>是的</p>",
          "level": 1,
          "highlight": true,
          "children": []
        }
      ]
    },
    {
      "id": "9594fe5a2b3b4174723ad480b76e854b",
      "author": "吴茱萸",
      "time": "2025年03月20日 12:28",
      "content": "<p>中医真的是慈悲的医学。希望李师在地球村发扬光大。某个大陆，白眼狼太多，只喜欢在粪坑里自嗨，不值得打救。李师可以抛弃某大陆了。可参考李超人，做了那么多慈善，留下无数骂名。</p>",
      "level": 0,
      "highlight": false,
      "children": [
        {
          "id": "67cba2252826b393a9a690bb03289f45",
          "author": "李宗恩",
          "time": "2025年03月30日 09:06",
          "content": "<p>每個地方都有中醫黑，重點是我們自己有沒有做到該做的事情。</p>",
          "level": 1,
          "highlight": true,
          "children": []
        },
        {
          "id": "d1ea4a21ee13c662962578d835570d97",
          "author": "Z",
          "time": "2025年03月31日 07:07",
          "content": "<p>李医师之前说过自己的评论区不要谈论政治，但是看到您这么这么偏激的评论还是想说两句，不可否认李在国内做了很多慈善贡献，但是如果只用做慈善的多少来评价一个人时有失偏颇的，这些年李做的一些事情就不评价了，这一次出售口岸完全是弃国家利益而不顾，可以理解企业家不想掺和政治，但是这不是企业家自己能左右的，经济永远是和政治挂钩的，如果你认为中国不应该插手企业的商业行为，那么你又如何看待美国对华为的制裁对TikTok强制出售？美国会给他们“在商言商”的机会吗？况且李这一次没有公开招标直接越过国家和美交易才让人们更加愤怒。（很抱歉，如果李医师觉得在这里谈论政治不妥当可以直接删掉）</p>",
          "level": 1,
          "highlight": false,
          "children": []
        }
      ]
    }
  ],
  "page": 27,
  "order": 4,
  "filename": "data\\page27\\page27_order1_79963fb1440fda7a9c54c2697945b585.json",
  "timestamp": 1744689795.917154
}