{
  "article_url": "https://andylee.pro/wp/?p=5969",
  "title": "兩百多集廣播節目收聽與下載",
  "content": "<p>這兩週來，好幾位非舊金山灣區的讀者不約而同地問，在外地如何能聽到我的廣播節目？特別是中國大陸地區的讀者，因為跨太平洋的網速不足及其它種種原因，無法在廣播電台的網站上聽我的廣播節目。</p>\n<p>診所同仁本來一直都有把廣播錄音襠轉載到我的網頁，同時加上文字轉譯，方便讀者先大致了解該集廣播的內容。去年初開始，因為診所事務繁忙，診所同仁沒有太多時間做文字轉譯，因而有一半的廣播節目沒有轉載。然而，基於讀者們的需求，我們決定改變方式，即使來不及做文字轉譯，也先轉載所有廣播節目的錄音襠，方便世界各地讀者收聽。同時，診所同仁會事先把檔案壓縮好，減少網路頻寬需求，避免網速不足造成音訊斷斷續續，另外也加上檔案下載的功能，讓讀者下載，以便在沒網路連結的時候聽節目內容。</p>\n<p>目前廣播節目有兩百多集，涵蓋中醫藥許多不同的範圍，及一些醫學相關的時事評論，也有不少聽眾打電話提問及解說。廣播節目檔案放在網頁上文章分類「電視廣播」裡，或者直接點選 <a href=\"https://andylee.pro/wp/?cat=9\">https://andylee.pro/wp/?cat=9</a>。</p>\n<p>P.S. 中國大陸有人私自下載了我的廣播節目，打包來販賣，聽說還賣得不錯。其實不需要花錢買，我的廣播節目本來就是公益活動，讓大家免費聽，只可惜之前因為沒有即時轉載錄音檔及做適當的檔案壓縮，讓人有機可乘來盜版販賣。</p>",
  "article_time": "2019年06月06日 14:59",
  "comments": [
    {
      "id": "0c00ce9201d839aea2b6e21463fd9c96",
      "author": "Ferry瑞芳",
      "time": "2019年06月07日 17:07",
      "content": "<p>善哉！</p>",
      "level": 0,
      "highlight": false,
      "children": []
    },
    {
      "id": "b42360450cbbe3dc064eaab71b2a34bc",
      "author": "Gordon",
      "time": "2019年06月26日 05:11",
      "content": "<p>李医师，我想把你的录音放到喜马拉雅平台上，供大家收听，这样应该就不会出现盗版了。希望您允许我这样做，等待您的回复。谢谢！<br/>\n喜马拉雅FM的APP有些功能比较方便，音频放在一起容易按日期连续收听，还可以调整倍速收听，可以节省时间；遇到广告可以快进。</p>",
      "level": 0,
      "highlight": false,
      "children": [
        {
          "id": "72d4d4be5cc083b562ebbc5e9b81ba47",
          "author": "andy",
          "time": "2019年06月27日 10:36",
          "content": "<p>我對喜馬拉雅平台不熟悉，不知道是不是上傳後就等同放棄版權（如YouTube)?</p>",
          "level": 1,
          "highlight": true,
          "children": [
            {
              "id": "76f2928770f4ecab422d5fe7dc940218",
              "author": "Gordon",
              "time": "2019年06月29日 21:32",
              "content": "<p>看了一下喜马拉雅的版权声明，上传的音频还是属于原版权方。不过如果别人上传您的音频，还需要您提供的授权书。<br/>\n<a href=\"https://www.ximalaya.com/search/%E7%89%88%E6%9D%83%E5%BD%92%E5%B1%9E\" rel=\"nofollow ugc\">https://www.ximalaya.com/search/%E7%89%88%E6%9D%83%E5%BD%92%E5%B1%9E</a><br/>\n如果要上传到喜马拉雅平台，我觉得还是您自己传会更好。</p>",
              "level": 2,
              "highlight": false,
              "children": []
            }
          ]
        }
      ]
    },
    {
      "id": "b355e9359603e8920077503d3f3653d1",
      "author": "小小",
      "time": "2019年11月22日 21:26",
      "content": "<p>李博士，希望早日看到这个网站上的文章能集结成书出版，在大陆发行。</p>",
      "level": 0,
      "highlight": false,
      "children": [
        {
          "id": "a7f455ed187223ead594b6a570f17f41",
          "author": "andy",
          "time": "2019年11月26日 12:04",
          "content": "<p>感謝支持，出書得花很多時間，有在考慮，但可能還需要一段時間。</p>",
          "level": 1,
          "highlight": true,
          "children": []
        }
      ]
    },
    {
      "id": "1e23173a7956789c0a4c112507343547",
      "author": "生姜",
      "time": "2024年11月05日 05:23",
      "content": "<p>李博士您好，我想把您讲的这些音频免费发布在哔哩哔哩上面供大家学习，我不作任何的盈利。我也是在哔哩哔哩平台看了您的演讲认识到您。我还发现您分享的这些广播有人作为盈利来使用，既然这样那我不如直接免费分享出去；免得大家花冤枉钱</p>",
      "level": 0,
      "highlight": false,
      "children": [
        {
          "id": "d474c889c5d771b40c2e4cbca965b577",
          "author": "李宗恩",
          "time": "2024年11月19日 09:09",
          "content": "<p>謝謝你告訴我，已經有許多人在沒有許可下在各個社群媒體轉載。</p>",
          "level": 1,
          "highlight": true,
          "children": []
        }
      ]
    }
  ],
  "page": 27,
  "order": 9,
  "filename": "data\\page27\\page27_order6_1e23173a7956789c0a4c112507343547.json"
}