{
  "article_url": "https://andylee.pro/wp/?p=5883",
  "title": "FM96.1：科學發現“新器官”支持中醫“三焦”理論",
  "content": "<figure class=\"wp-block-audio\"><audio controls=\"\" src=\"https://andylee.pro/wp/wp-content/uploads/2019/06/S-20180417科學發現“新器官”支持中醫“三焦”理論.mp3\"></audio></figure>\n<p>（語音檔案由希望之聲電台提供，文章摘錄撰寫中，請稍加等待謝謝。）</p>",
  "article_time": "2018年04月17日 11:48",
  "comments": [],
  "page": 34,
  "order": 4,
  "filename": "data\\page34\\page34_order1_b5156e6b32b029debc30a77ded9a0e2f.json"
}