{
  "article_url": "https://andylee.pro/wp/?p=4635",
  "title": "高齡懷孕",
  "content": "<p>今天下午心情很好，因為一位45歲還想懷孕的病人，剛剛告訴我她懷孕了！</p>\n<p>這位病人之前來看診，主要是因為心跳不規律、心房顫動、胃酸反逆，外加一般更年期快開始的潮熱症狀等等。病人來看診了幾次，症狀沒有了，整體還沒達到我想要的水準，就不見人影。大半年過去後，又有些症狀浮現，就再度在診所現身兩三次。</p>\n<p>四個月前，這個病人又來診所，我以為又是老毛病，還沒開口問，病人就説她想要懷孕生小孩。我當時有些愣住，倒不是因為45歲不可能懷孕，而是到了這個年齡想要懷孕生小孩，是需要不少勇氣的，人過了半百時，小孩子也才沒幾歲，陪伴小孩子玩耍成長，是需要很多體力的！</p>\n<p>因為之前的治療，我知道這位病人肝血虛、心陽不夠強，想要懷孕必須從根本做起，得把心陽提升起來，同時讓心陽順利下行到小腸，小腸熱，子宮的熱度才有可能足夠懷孕。藥方倒是很簡單，當歸四逆湯為主，加上溫肝、補血、祛濕的藥材。因為病人不想要一直服用中藥，我勉為其難的讓她在排卵期前服用兩週中藥，排卵期到月經來時不用服用中藥。我覺得我的心還是挺軟的，病人提出什麼奇奇怪怪的要求，除非是病情危急，我都會盡量想辦法來配合他們的要求。</p>\n<p>今天病人來複診，告訴我她已經懷孕五週了，看來是開始用中藥來助孕後的第三次排卵就懷孕了，這讓我很高興，畢竟在診所看診，每天看到面對「老、病、死」的病人，當看到面對「生」的病人，就會把心情提升不少，更何況是高齡懷孕！</p>",
  "article_time": "2018年01月12日 16:41",
  "comments": [
    {
      "id": "b8b020f672b6dcfcfffdbd419aa7a116",
      "author": "Mrs Chen",
      "time": "2018年01月12日 16:51",
      "content": "<p>醫生你好<br/>\n請問你有在美國灣區執業嗎？<br/>\n方便分享診所住址嗎？<br/>\n謝寫</p>",
      "level": 0,
      "highlight": false,
      "children": [
        {
          "id": "6cae32a0a328ab04b858fe96afe0cd2a",
          "author": "andy",
          "time": "2018年01月12日 18:05",
          "content": "<p><a href=\"https://andylee.pro/wp/?page_id=2115\">https://andylee.pro/wp/?page_id=2115</a></p>\n<p>2905 Stender Way, #82, Santa Clara, CA 94054. (650) 917-2355</p>",
          "level": 1,
          "highlight": true,
          "children": []
        }
      ]
    },
    {
      "id": "9ab91ece6dff037379f237686f50745d",
      "author": "魯豆腐",
      "time": "2018年01月12日 19:23",
      "content": "<p>聽到患者的好消息總覺得在費神操勞之餘是給自己的一大肯定，對證的中藥令人有無限的感動，更何況還不是很喜歡中藥的粉絲</p>",
      "level": 0,
      "highlight": false,
      "children": []
    },
    {
      "id": "f76cd32b6f796f34fe07060fa133746c",
      "author": "山林霧靄",
      "time": "2018年01月12日 19:34",
      "content": "<p>真是個好消息！同樂:)</p>",
      "level": 0,
      "highlight": false,
      "children": []
    },
    {
      "id": "6ae90a3febf412e4caeba77c68f08a50",
      "author": "遠方的人",
      "time": "2018年01月16日 17:51",
      "content": "<p>請問李醫師，可以透露這位病人是第一次懷孕嗎？</p>",
      "level": 0,
      "highlight": false,
      "children": [
        {
          "id": "54fea79435dca9773728d9052270cf7e",
          "author": "andy",
          "time": "2018年01月16日 21:01",
          "content": "<p>這位病人幾年前懷孕過，不過在2～3週就流產了，之後試著懷孕，但是沒有成功。</p>",
          "level": 1,
          "highlight": true,
          "children": []
        }
      ]
    },
    {
      "id": "ed37287eaf35e2eb9886152810e0cce1",
      "author": "小李",
      "time": "2018年01月16日 22:32",
      "content": "<p>李医师您好，不好意思又来麻烦您了，我想问一下当归四逆汤中的通草到底是什么，有些说是木通，有些说是通草，而通草又有大通草和小通草之分，这到底是用什么的？还有就是炙甘草汤中的阿胶能用其它什么药物替代的吗？现在阿胶特别贵而且是整盒的卖。（谢谢）</p>",
      "level": 0,
      "highlight": false,
      "children": [
        {
          "id": "d3f9e091d20e5f660d686d18fb14dd49",
          "author": "andy",
          "time": "2018年01月17日 19:57",
          "content": "<p>木通及通草，市場上的說法有些雜亂。一般的共識是，古代說的通草，是今日的木通，而木通有好幾種，為避免馬兜鈴酸，現在多用川木通，而不用關木通。至於現在的通草，一般認為是古代的通脫木，藥性和木通有些相似，因而有時也被拿來入藥。</p>",
          "level": 1,
          "highlight": true,
          "children": []
        }
      ]
    },
    {
      "id": "d55c4f3b0ab490d5c4a53229f39df7b5",
      "author": "Ferry瑞芳",
      "time": "2018年01月17日 05:00",
      "content": "<p>李医师好厉害!看到这个消息我也很开心，未来我极有可能是’高龄怀孕’，因为现在的我已过而立之年，还没有BF，只能坐等’高龄怀孕’啦</p>",
      "level": 0,
      "highlight": false,
      "children": [
        {
          "id": "cf74cc907b94a11f5e4d6bed333792c1",
          "author": "andy",
          "time": "2018年01月17日 20:06",
          "content": "<p>Well, 除非妳想借用精子銀行或友人幫忙，可能得先找到願意和妳共同扶養小孩的男朋友，不過，在美國借精子來懷孕生小孩的女士還挺多的，我有一對女女戀人的病人，她們為了有小孩，就決定找專業精子銀行來幫忙，來找我看診是希望用中醫的方法來幫助卵子品質及著床順利。</p>",
          "level": 1,
          "highlight": true,
          "children": [
            {
              "id": "cfcec7e001508bcd2f141f763fe7a388",
              "author": "Ferry瑞芳",
              "time": "2018年01月18日 01:12",
              "content": "<p>Good idea! 我在等两年，等我过了35岁，如果还没有遇到合适的BF出现，我就考虑采用此方案。</p>",
              "level": 2,
              "highlight": false,
              "children": []
            }
          ]
        }
      ]
    },
    {
      "id": "8d7230e0d1079fda671f641e441c4ae2",
      "author": "yihone",
      "time": "2018年01月17日 06:51",
      "content": "<p>李醫師，請問你有聽過”周腦室白質軟化症“<br/>\n嬰兒如果有的一種腦部缺氧造成的病症，會讓孩子肌肉張力不足或下肢發展動作不好。 目前孩子剛出生照腦部超音波，疑似有此現象要再追蹤。想請問中醫是否有解決方案，剛初生的嬰兒如何治療。了解中醫是不看西醫的病名，但剛初生的嬰兒真不知道如何描述証狀。不好意思打擾您，心急的家長不知如何處理。</p>",
      "level": 0,
      "highlight": false,
      "children": [
        {
          "id": "eb5ce5766a1b9ab5da1c95f65c204a28",
          "author": "andy",
          "time": "2018年01月17日 20:15",
          "content": "<p>我確實無法聽到「周腦室白質軟化症」就能告訴你中醫的想法，我幫助過一些先天性腦部有問題的小孩，非常棘手，特別是那些已經服用大量神經科西藥的小孩。所以，很抱歉，我也不知道現在能幫什麼忙，如果真的想試一試，得麻煩家長帶小孩子來加州診所看診一陣子，我可能會有比較多的想法，然而即使來看診，我也無法保證有什麼進展。</p>\n<p>我建議孩子的家長看兩本書，都是Dr. Norman Doidge寫的：(1) The Brain that Changes itself: Stories of Personal Triumph from the Frontiers of Brain Science (<a href=\"https://www.amazon.com/Brain-That-Changes-Itself-Frontiers/dp/0143113100/\" rel=\"nofollow\">https://www.amazon.com/Brain-That-Changes-Itself-Frontiers/dp/0143113100/</a>), (2) The Brain’s Way of Healing: Remarkable Discoveries and Recoveries from the Frontiers of Neuroplasticity (<a href=\"https://www.amazon.com/Brains-Way-Healing-Discoveries-Neuroplasticity/dp/014312837X/\" rel=\"nofollow\">https://www.amazon.com/Brains-Way-Healing-Discoveries-Neuroplasticity/dp/014312837X/</a>)，台灣應該有中文翻譯本。</p>",
          "level": 1,
          "highlight": true,
          "children": []
        }
      ]
    },
    {
      "id": "35b4e49683d5a09af7fa225810fa14cb",
      "author": "遠方的人",
      "time": "2018年02月05日 12:44",
      "content": "<p>我也是手脚冰冷，想要調養身體懷孕而喝當歸四逆湯加減（醫師開的，身體並無其他特別問題）。但是用了兩個多月腳冷的情況還是沒有改善，不知是什麼原因。經方裡治手脚冰冷的首要方就是歸四逆湯啊。请问李醫師，根據您的經驗，當歸四逆湯治手脚冰冷是要多久才會有效呢？</p>",
      "level": 0,
      "highlight": false,
      "children": [
        {
          "id": "eda292dadc9738df8bb60c8218257a22",
          "author": "andy",
          "time": "2018年02月05日 17:37",
          "content": "<p>「經方裡治手脚冰冷的首要方就是當歸四逆湯」，這是一個錯誤的觀念，經方是教你如何辨證論治，而不是單一症狀的連連看。所以，你自己服用當歸四逆湯兩個月還腳冷，代表你沒有看到身體真正的問題，而只是依樣畫葫蘆而已。</p>",
          "level": 1,
          "highlight": true,
          "children": []
        },
        {
          "id": "3ae2318315a7e608b783749ffdb25aa2",
          "author": "Ferry瑞芳",
          "time": "2018年02月06日 15:32",
          "content": "<p>如果药证对应的话，当归四逆汤应该喝下去第一副就有效果，只是效果显著程度的问题。喝了两个月没有效，说明药证不符，需要辩证治疗，在现代，由于人的生活方式和社会环境与古代相比发生了较大变化，很难找到一个药方刚好对应那一个病的案例，大多数都是多个基础方对应多个病症的复杂现象，而且相同的病症经过辩证后医师选用的主方可以不同，不同的病症经过辩证后医师可以选用同一个主方加减，临床是很灵活的，并非照本宣科。如果您的药方没有经过医师详细的问诊辩证分析，建议不要服用，会延误病情。</p>",
          "level": 1,
          "highlight": false,
          "children": [
            {
              "id": "d1522c98d2a308589284c295825e7c91",
              "author": "遠方的人",
              "time": "2018年02月06日 17:56",
              "content": "<p>謝謝李醫師和瑞芳！藥是經方中醫師開的。他說吃到我的腳不冷就可以停藥了。看來我還是要回診問問看。</p>",
              "level": 2,
              "highlight": false,
              "children": [
                {
                  "id": "7e9c09ad260676b7f630aac907677a46",
                  "author": "Ferry瑞芳",
                  "time": "2018年02月07日 02:59",
                  "content": "<p>不需要谢我啦，我们需要感谢李医师，如果没有这个Open的互动平台，我们也了解不到这些讯息。</p>",
                  "level": 3,
                  "highlight": false,
                  "children": []
                }
              ]
            }
          ]
        }
      ]
    },
    {
      "id": "0471737620deb713224f517d6fe2dfdf",
      "author": "暗香疏影",
      "time": "2024年03月26日 05:09",
      "content": "<p>听李博士讲酸枣仁汤是引血归肝，这种描述是第一次听到，细想非常准确很受用，有两个问题请教博士，1:它跟补血的方剂在辩证上怎么区别，一个应该是睡眠（睡不踏实），另外静脉曲张是不是也是一个明显的区别特征呢？既然是引血归肝说明血并不缺，只是回不来。2:为什么不用或不加白芍呢？白芍也是酸收，是因为酸枣仁主要针对的是肝，而白芍有点多管局局长的意思？</p>",
      "level": 0,
      "highlight": false,
      "children": [
        {
          "id": "e827e92755bfb750530e2e0f21ec2906",
          "author": "王风",
          "time": "2024年04月01日 12:06",
          "content": "<p>引血归肝<br/>\n肝血是血中和肝有关的一些物质功能<br/>\n血量足够，不代表和肝有关的物质足够。</p>\n<p>肝的物质不够，肝功就下降，身体就呈现出很多肝血虚的症状。<br/>\n如失眠，半夜醒来后不好入睡<br/>\n如月经紊乱  痛经   头顶痛<br/>\n如眼方面的问题   飞蚊症  。。<br/>\n如耳鸣<br/>\n如脊椎各部位的凸出  导致各种疼痛<br/>\n如掉发</p>\n<p>如果其他某些五脏六腑功能也弱，也会出现一些其他相关症状。<br/>\n如偏头痛   肝胆表里 胆经在耳边<br/>\n如肠胃紊乱  木克土   肝❌胆汁❌引起的一系列问题<br/>\n如手脚冷 肝❌心阳弱<br/>\n如结代脉   肝❌配合脾胃❌导致心阳❌</p>\n<p>借西医病名   会产生  三高。。<br/>\n肝功下降 木克土  脾胃❌会回收能力下降，去痰饮，去各种垃圾能力❌</p>\n<p>配合饮食生活习惯❌   会三焦水道系统❌   会各种结节  囊肿。。。</p>",
          "level": 1,
          "highlight": false,
          "children": []
        },
        {
          "id": "c1c41f82f6b080aacaff859c1492fb42",
          "author": "王风",
          "time": "2024年04月01日 12:21",
          "content": "<p>静脉曲张<br/>\n偏重于回收能力差，可能脾功差。<br/>\n但肯定还有其他原因  如寒。。<br/>\n正如李师说  飞机事故的原因不单一</p>\n<p>十全大补汤，四物汤补血，偏向整体<br/>\n酸枣仁注重肝血</p>\n<p>白芍<br/>\n倪师说主腹痛。阴药<br/>\n个人理解白芍主全身的回收。</p>\n<p>重用白芍就像用手抓脾脏，增强肌肉压力差，增强脾功回收力</p>\n<p>小建中汤   配合饴糖 对增强脾胃吸收功能如涡轮增压</p>\n<p>个人理解  不一定✓</p>",
          "level": 1,
          "highlight": false,
          "children": []
        }
      ]
    }
  ],
  "page": 34,
  "order": 10
}