{
  "article_url": "https://andylee.pro/wp/?p=3003",
  "title": "電視節目：《當張仲景遇上斯坦福》（七 ）中藥有嚴格的劑量要求嗎？",
  "content": "<p><iframe allow=\"accelerometer; autoplay; clipboard-write; encrypted-media; gyroscope; picture-in-picture; web-share\" allowfullscreen=\"\" frameborder=\"0\" height=\"281\" referrerpolicy=\"strict-origin-when-cross-origin\" src=\"https://www.youtube.com/embed/VfDuCTSwPhY?feature=oembed\" title=\"《當張仲景遇上斯坦福》（七） 中藥有嚴格的劑量要求嗎？\" width=\"500\"></iframe></p>\n<p> </p>",
  "article_time": "2015年09月09日 18:33",
  "comments": [],
  "page": 50,
  "order": 3,
  "filename": "data\\page50\\page50_order2_27b2d8cf41017d81d484576fccfc7502.json"
}