{
  "article_url": "https://andylee.pro/wp/?p=3021",
  "title": "80%研究都是錯的 醫學效果被誇大",
  "content": "<p><a href=\"https://andylee.pro/wp/wp-content/uploads/2015/09/photo.php_.jpeg\"><img alt=\"photo.php\" class=\"alignnone size-large wp-image-3024\" decoding=\"async\" fetchpriority=\"high\" height=\"1024\" sizes=\"(max-width: 577px) 100vw, 577px\" src=\"https://andylee.pro/wp/wp-content/uploads/2015/09/photo.php_-577x1024.jpeg\" srcset=\"https://andylee.pro/wp/wp-content/uploads/2015/09/photo.php_-577x1024.jpeg 577w, https://andylee.pro/wp/wp-content/uploads/2015/09/photo.php_-169x300.jpeg 169w, https://andylee.pro/wp/wp-content/uploads/2015/09/photo.php_.jpeg 749w\" width=\"577\"/></a></p>\n<p>（史丹佛大學研究革新中心主任教授約翰•約安尼季斯（John Ioannidis）今來台開講，指出多數的醫學研究可信度仍待考驗。記者吳佳珍／攝影）</p>\n<p>聯合報：<a href=\"http://udn.com/news/story/9/1199252-80％研究都是錯的-醫學效果被誇大\">80%研究都是錯的 醫學效果被誇大</a></p>\n<p>史丹福大學研究革新中心主任教授約翰‧約安尼季斯（John Ioannidis）今受邀來台開講，指出多數的醫學研究可信度仍待考驗，容易誤導社會。</p>\n<p>約翰是醫師，也是流行病學、公衛、統計學者，成名作是2005年發表《為何大多數發表的研究都是錯誤的？》，至今仍是PLoS Medicine下載次數最多的技術論文。他說，目前發表的醫學研究中，有8成常見的非隨機研究，其結果都是錯誤的。他舉例，像是維他命E可降低心血管疾病死亡風險、類黃酮會降低80%的心血管死亡風險，低卡飲食會明顯降低癌症、心臟病、中風、乳癌風險，吃水果可降低9成罹患乳癌機會等，「研究結果被誇大或過度概括（over generalizing）。」</p>\n<p>許多醫學研究缺乏驗證，約翰的研究團隊將同樣數據，以另一種統計方法分析，竟得出完全相反的結論。研究團隊於2005年曾針對同主題分析大陸、歐洲及美國研究，發現大陸研究的藥物療效都較歐美研究增加2至3倍，甚至高出8倍紀錄，推測這些差異可能跟文化有關。他強調，對任何醫學研究都應小心解讀。</p>\n<p>「顯著不一定等於可靠。」約翰說，許多研究都達到「統計顯著」，結果卻不見得可靠。例如1994年曾有TNFA基因與腦性瘧疾關係的醫學論文，發表在國際期刊《Nature》上，多年來被引用超過1000次，包括研究相同基因不同疾病、不同基因相同疾病、討論、新聞等，卻沒有任何一篇是反覆確認的研究，直到10年後有其他研究團隊根據原始資料重新分析，並進行更大規模研究，才發現兩者毫無關連，卻一直被錯誤引用。</p>\n<p>約翰指出，這些偏差可能是刻意的、無意地、甚至不知情的情況犯下的，因研究者通常傾向選擇對自己有利的方向解釋，所以對於新的研究最好不要全盤接受，須待時間、更多研究檢驗。</p>\n<p>Prof. John Ioannidis的簡介：<a href=\"https://med.stanford.edu/profiles/john-ioannidis\">https://med.stanford.edu/profiles/john-ioannidis</a></p>\n<p><strong>評論：</strong></p>\n<p>醫學研究的結果發表，和科學與工程研究的結果發表很不一樣。物理、化學、生物等科學研究的結果發表，不會馬上被人們接受，都得等其它研究機關重複同樣的研究實驗，交叉比對，得到同樣的研究結果以後，才勉強登上大堂，即使上了大堂，還得戰戰兢兢，隨時可能會有新的研究來證明原來的結論是錯誤的。前一陣子，歐洲有研究室宣布找到比光速還快的情況，也有美國的大學宣稱找到宇宙大爆炸的證明，兩件研究發表剛剛說出口沒幾個月，馬上被其它研究中心拉下來。工程研究的結果發表更加「現實」，如果研究結果無法在真實的產品表現出來，即使是「正確的」，也沒有多少人會在意。</p>\n<p>醫學研究的結果發表大不相同，即使在主流醫學期刊上發表，也很少有深入的「peer review」，只要論文本身看起來「合情合理」，主編就會讓論文上期刊，更不用說會有其它研究機構來重複研究、交叉比對。更嚴重的問題是經費來源，很多的醫學研究經費都是由藥廠或其它利益機構提供，如果你的研究結果不是「他們想要的」，你明年就拿不到經費。我有位朋友在歐洲做流感疫苗的研究，他說他們的經費全是生產流感疫苗的公司給的，他們研究的原始數據根本顯示流感疫苗無法有效避免流感的傳染與散播，他們還是得辛苦的想辦法，在原始數據中硬找出一些理由來支持流感疫苗的有效率，否則他們整個研究群就沒錢花了。</p>\n<p>所以，我們常常在報章雜誌中看到很多匪夷所思的醫學研究結果，一下子說喝咖啡可以降低心臟病的機率，一下之說咖啡對人體有害，一下子說每天喝紅酒可以避免中風，一下子說每天喝紅酒會導致肝癌，一下子說什麼什麼可以治癌症，一下子那個治癌的東西有突然沒人再討論了…….。給一般大眾隨便看看就算了，問題在於很多醫學研究人員常常在沒有自己研究實驗證實下，就直接引用前人「沒有重複驗證」的醫學研究結果，把新的研究建構在「似是而非」的理論上，不斷累積更多的錯誤。</p>\n<p>史丹佛大學醫學院十年前開始重視這個問題，以比較嚴謹的方式，重新檢視臨床上常用的「標準治療程序」。結果發現，這些每天使用在數以萬計病人身上的標準治療程序，大約有一半是「無效的」，甚至是「有害的」！很可惜，即使史丹佛大學醫學院發現了這樣大的錯誤，臨床上因為「沒有更好的辦法」，原來無效或有害的標準治療程序，在今天仍然被使用在絕大多數的病人身上。</p>\n<p> </p>",
  "article_time": "2015年09月21日 12:36",
  "comments": [
    {
      "id": "85d3556bbcf81fe2f1cffd1a7bc12a28",
      "author": "小李",
      "time": "2015年09月23日 01:50",
      "content": "<p>李医师，有个问题想请向您教一下，就是左手摔伤有二个月了，现在没有红肿瘀血的现象，就是活动的话还是会疼痛，骨头拍过片是没事的，像这种情况用针灸的话是算虚证还是实证呢？</p>",
      "level": 0,
      "highlight": false,
      "children": [
        {
          "id": "4283b2350efad53a652f57e03b2e684a",
          "author": "8020",
          "time": "2015年09月24日 04:52",
          "content": "<p>怎麼不試試雲南白藥膏不管是外傷或是勞損造成的疼痛都有很好的治療效果，購買時注意不要貪便宜買到假貨。</p>",
          "level": 1,
          "highlight": false,
          "children": []
        },
        {
          "id": "4e10e29054980440d4c9a6112ce8918d",
          "author": "andy",
          "time": "2015年09月28日 08:31",
          "content": "<p>這樣的痛症一般情況下視為虛症，</p>",
          "level": 1,
          "highlight": true,
          "children": [
            {
              "id": "ee05efea4f24c92df003ea66a14cbe62",
              "author": "小李",
              "time": "2015年10月04日 12:05",
              "content": "<p>谢谢，还有一个问题就是针灸对痛疼治疗的话，一般是先针健侧吗？再针患侧吗？为什么这样李医师能说说吗?</p>",
              "level": 2,
              "highlight": false,
              "children": [
                {
                  "id": "5308b1caacab374d0eade6d426b29c92",
                  "author": "andy",
                  "time": "2015年10月05日 14:41",
                  "content": "<p>針灸治痛症，並不一定是先下健側再下患側，得看是什麼痛症以及選擇穴位的理由。</p>",
                  "level": 3,
                  "highlight": true,
                  "children": []
                }
              ]
            }
          ]
        }
      ]
    },
    {
      "id": "20a8d67c4af07950035e948c88160965",
      "author": "小斌",
      "time": "2015年09月28日 05:16",
      "content": "<p>非常同意很多醫學研究都是由背後的利益集團所操控的! 我自己是一名MS患者, 多番查找發現到低飽和脂肪的飲食可以控制病情, 但這個結果能在期刊上發表嗎？ 我相信無數多的理由會將其拒之門外, 但我相信他的研究是對的<br/>\n<a href=\"http://www.swankmsdiet.org/\" rel=\"nofollow ugc\">http://www.swankmsdiet.org/</a></p>",
      "level": 0,
      "highlight": false,
      "children": [
        {
          "id": "e6356922ee9d286e36d77a49410f93da",
          "author": "andy",
          "time": "2015年09月28日 08:29",
          "content": "<p>低飽和脂肪飲食可以控制多發性硬化症(Multiple Sclerosis)病情？如果能夠證實，對很多病人有很大的幫助，麻煩請你告訴我你的了解及親身經歷，你是如何判斷低飽和脂肪飲食對你的病情有幫助等等，非常感謝！</p>",
          "level": 1,
          "highlight": true,
          "children": [
            {
              "id": "59581ecb35877487e3707200c7ef75b0",
              "author": "小斌",
              "time": "2015年09月29日 07:24",
              "content": "<p>李醫師, 很抱歉恐怕我暫時未能給您提供有價值的體會, 因為我在去年的11月才剛診斷, 才剛過去一年, 我是一名21歲的大學生, 我自己去找了很多資料, 飲食是其中一份, 也是我認為最有價值的一份<br/>\n我的資料來源通過學校數據庫的文獻以及書籍<br/>\n要說體會, 我自己最大的體會是“如果我能夠早點接觸中醫就好了, 中醫對我的幫助很大”, 而且從患病開始我也不斷努力在學習中醫<br/>\n關於飲食, 資料來源是一本叫《The China Study》的書, 作者是Campbell, T. Colin康奈爾大學終身教授, 裡面有提到最早認為飲食對MS存在影響並進行研究的是一名叫Dr. Roy Swank的醫生。<br/>\n其實對於MS有個統計, 不論是文獻還是上面的書都有提到, 北方比南方高(書中分別提到有100倍, 有7倍, 我看的文獻提到是300倍), 西方比東方高。<br/>\nDr. Swank 認為是膳食影響, 然後他從蒙特利爾神經病學研究所招募了144名MS患者進行了他最為知名的研究, 食用飽和脂肪比較低的膳食, 結果就是我所說的那樣, 在上面我發的那個網站中也有患者分享他們的體會, 您也可以看看, 就在網站中的Community的Diet Stories<br/>\n而對於書中所提到的文獻我還未能一一去查看, 或者稍後有時間時我會再深入去看<br/>\n而且倪師對於牛奶的看法是對的！ 書中有提到MS的患病率和牛奶的攝入量存在正相關的關係。<br/>\n還有如果可以的話, 方便和您用郵件交流更多有關MS這個病嗎? 謝謝您！</p>",
              "level": 2,
              "highlight": false,
              "children": [
                {
                  "id": "618205f15ecc37b1318d9f1f4675091e",
                  "author": "andy",
                  "time": "2015年09月29日 10:43",
                  "content": "<p>你可以參考一下我一年前寫的文章https://andylee.pro/wp/?p=1987，我臨床上看到的MS，都和脾臟問題及裡寒過剩有關，所以，如果MS和飽和脂肪飲食有關，我不會太驚訝，因為脂肪和脾臟有直接的關係，而北方比南方高，正好符合「寒冷」這個因素，也因而如此，臨床的經驗讓我認為中醫可以幫助MS。是的，倪老師對於牛奶的看法，被越來越多的醫學研究證實。你可以寄郵件到我診所，我會儘量回覆。</p>",
                  "level": 3,
                  "highlight": true,
                  "children": []
                }
              ]
            }
          ]
        }
      ]
    }
  ],
  "page": 50,
  "order": 1,
  "filename": "data\\page49\\page49_order10_4e45da6ad84dc6ace1b9323d33ff6b9b.json"
}