{
  "article_url": "https://andylee.pro/wp/?p=6156",
  "title": "六經的開、樞、闔",
  "content": "<figure class=\"wp-block-image\"><img alt=\"\" class=\"wp-image-6161\" decoding=\"async\" fetchpriority=\"high\" height=\"635\" sizes=\"(max-width: 1024px) 100vw, 1024px\" src=\"https://andylee.pro/wp/wp-content/uploads/2019/08/Screen-Shot-2019-08-22-at-1.11.49-PM-1024x635.png\" srcset=\"https://andylee.pro/wp/wp-content/uploads/2019/08/Screen-Shot-2019-08-22-at-1.11.49-PM-1024x635.png 1024w, https://andylee.pro/wp/wp-content/uploads/2019/08/Screen-Shot-2019-08-22-at-1.11.49-PM-300x186.png 300w, https://andylee.pro/wp/wp-content/uploads/2019/08/Screen-Shot-2019-08-22-at-1.11.49-PM-768x477.png 768w, https://andylee.pro/wp/wp-content/uploads/2019/08/Screen-Shot-2019-08-22-at-1.11.49-PM.png 1049w\" width=\"1024\"/></figure>\n<p>這個週末即將到加拿大溫哥華參加第三屆國際中醫大會，每次在大型醫學會議上教學演講，除了討論各種病例外，我都希望能帶給聽眾一些學理上的想法，激勵大家多深入思考，畢竟臨床療效還是建立在理論的深入理解上，更何況經典古籍中仍有很多部分沒有被充分理解及應用，等待大家去挖掘。</p>\n<p>這次教學演講，我想簡短討論一下六經的開、樞、闔。黃帝內經說「太陽為開、陽明為闔、少陽為樞」，以及「太陰為開、厥陰為闔、少陰為樞」。雖然各個醫家用不同方式來解釋，但大部分的意義都是相似的。基本上，當人體接受天氣和地氣後，無論是指抽象的天地之氣，還是指人體需要的氧氣和食物，三個陽經，太陽、陽明、少陽，負責管理如何應用這些能量的事宜，而三個陰經，太陰、厥陰、少陰，負責管理如何收藏這些能量的事宜。我們可以比喻為有個「應用之門」和「收藏之門」，太陽經和「應用之門」的「開」最有關聯，陽明經和「應用之門」的「闔」最有關聯，而「樞」無論解釋為「門樞」、「樞紐」、「機樞」，少陽經都是和「應用之門」的「整體調節與轉變」最有關聯。同樣的，太陰經和「收藏之門」的「開」最有關聯，厥陰經和「收藏之門」的「闔」最有關聯，而少陰經和「收藏之門」的「整體調節與轉變」最有關聯。</p>\n<p>上面的部分，問題不大，許多醫家都做類似的闡述，有些也借用太極圖或十二時辰的陰陽起伏來一併解釋。不過，這其中有個問題卻少有醫家從正面來討論，那就是六經裡陰陽經的對應性質。六經裡，太陽經和少陰經對應，陽明經和太陰經對應，少陽經和厥陰經對應，一般對這樣陰陽經對應的解釋，都是利用臟腑表裡對應關係來說明，肝膽互為表裡、心小腸互為表裡、脾胃互為表裡、肺大腸互為表裡、腎膀胱互為表裡、心包三焦互為表裡，所以，「想當然耳」，太陽經就對應到少陰經，陽明經就對應到太陰經，少陽經就對應到厥陰經。然而，這樣的推理過程，似乎有些本末倒置，畢竟當我們單純從經絡的角度來討論人體模型時，經絡優先於臟腑，應該不需要借用臟腑表裡來解釋，反而應該能從經絡對應的角度來解釋臟腑為何會有如此的表裡對應。</p>\n<p>我們回到「應用之門」與「收藏之門」的抽象思維，我們可以想像老天在設計人體時，或者大自然物種演化的發展時，這兩個門該如何相互協調、對應，整體運作才會「合理」。當「應用之門」大開時，無論是上學、工作、還是逃跑避免被老虎咬，身體的能量被大量拿去應付外界的活動，這個時候「收藏之門」該如何配合？想必不會是門戶大開，不然好不容易收藏的能量全部都耗盡了，生命也就沒有了。不過，也不會是緊緊關閉，必須配合外在的應用，即時地調整內在能量的收藏與釋放。換句話說，「收藏之門」的「樞」，「最適合」對應到「應用之門」的「開」，也就是少陰經對應到太陽經。</p>\n<p>同樣的，當「收藏之門」得把能量牢牢鎖進身體內時，無論是肝把新的能量重新注入血球裡，還是把生命的源頭注入精子卵子裡，這個時候「應用之門」該如何配合？想必也不會是門戶大開，損害到收藏的功能，不過也不應該是緊閉的，因為需要許多應用功能上的配合，才能真的達到能量收藏的效果。換句話說，「應用之門」的「樞」，「最適合」對應到「收藏之門」的「闔」，也就是少陽經對應到厥陰經。</p>\n<p>三陽經和三陰經的對應，剩下的就是「應用之門」的「闔」，對應到「收藏之門」的「開」，也就是陽明經對應到太陰經。這樣的安排也不難理解，當「收藏之門」大開時，無論是為了收藏更多的能量，或者是為了釋放本來收藏的能量，都不希望能量發生無故的外洩，「應用之門」牢牢關緊是比較妥當的選擇，也就產生了「最適合」的第三組對應關係。</p>\n<p>或許有讀者會問，為什麼「應用之門」和「收藏之門」的開、闔、樞對應關係不是對稱的？「收藏之門」大開時，似乎也可以對應到「應用之門」的「樞」，這樣既可以避免收藏的能量外洩太多，也可以同時應付外界的能量應用需求？這樣不對稱的關係，是來自能量「應用」及「收藏」本質上的不對稱性，無論外界提供人體多少的「天氣」、「地氣」，人體能夠收藏的份量是非常有限的，但經過人體轉化而拿去應用的份量卻可以非常大。這樣本質上的不對稱，導致在控制「收藏」上會更加保守，以增加保障。因此，在「應用之門」和「收藏之門」的開、闔、樞對應上，太陽經和少陰經對應，陽明經和太陰經對應，少陽經和厥陰經對應，以「設計」的角度來看，是最適合的安排。</p>\n<p>當然，這樣的解釋，有些「形而上」，也不一定是最深入的方式，但是，在臨床思維上有許多的幫助。另外值得一提的是，傷寒論的六經傳變，三陽經和三陰經的病變都是由「開」起始，而止於「闔」，也就是在正常傳變下，由主「開」的太陽經開始，如果轉入主「闔」的陽明經，則「陽明無死症」，若無其它問題，病即卡在陽明。如果轉入主「樞」的少陽，則可能再轉入主「開」的太陰經。病情再往下，就到了主「樞」的少陰及主「闔」的厥陰，如果不能回頭，生命的能量用盡卻無法再度收藏能量，整個病情也就止於「闔」，因為人無法存活了。</p>\n<figure class=\"wp-block-image\"><img alt=\"\" class=\"wp-image-6160\" decoding=\"async\" height=\"780\" sizes=\"(max-width: 1024px) 100vw, 1024px\" src=\"https://andylee.pro/wp/wp-content/uploads/2019/08/Screen-Shot-2019-08-22-at-1.11.25-PM-1024x780.png\" srcset=\"https://andylee.pro/wp/wp-content/uploads/2019/08/Screen-Shot-2019-08-22-at-1.11.25-PM-1024x780.png 1024w, https://andylee.pro/wp/wp-content/uploads/2019/08/Screen-Shot-2019-08-22-at-1.11.25-PM-300x229.png 300w, https://andylee.pro/wp/wp-content/uploads/2019/08/Screen-Shot-2019-08-22-at-1.11.25-PM-768x585.png 768w, https://andylee.pro/wp/wp-content/uploads/2019/08/Screen-Shot-2019-08-22-at-1.11.25-PM.png 1231w\" width=\"1024\"/></figure>\n<p></p>",
  "article_time": "2019年08月22日 15:47",
  "comments": [
    {
      "id": "c27b15f95206f1ab3c8485307db3894c",
      "author": "医者扶阳",
      "time": "2019年08月23日 05:37",
      "content": "<p>太棒了，有点看懂两个图的感觉了，六经的传变规律和脏腑五行的关系是相互交织，相互影响的，因为找不出一模一样的人，每个人都有一定的差异，所以不能套方，更没有所谓专病专方，但是规律是有这共通性的。   其实这两个图里面可以说的内容太多太多，我的理解稍有不同，与其说少阴病是太阳传少阳再传太阴，而再进入少阴，不如说少阴病是【阴的】太阳病，阳不够的情况，所以用阴来表示。所以我这样认为，太阳病是正气足够抗邪外出，若是正虚邪甚，就会转为无热恶寒，但欲寐的少阴病，而少阴病的首方就是麻黄附子细辛汤，是大热之药，振奋阳气抗邪外出，所以少阴病需微发汗而解，阳气不够，就容易陷入阴证，在少阴病停留时间非常短，转而会进入里证，即太阴病。太阴病首方四逆汤，里阴证当温之，阳明证虽不会陷入阴证，但是阳明并非没有死证，因为大热伤津液，过分流失则出现谵语，捻衣摸床的危险症候。那么少阳和厥阴，其实伤寒论第148条：伤寒五六日，头汗出，微恶寒，手足冷，心下满，口不欲食…此为半在里半在外也..可与小柴胡汤。以此可证明少阳证是半表半里的阳证，厥阴病与之相对，所以厥阴病是【阴的】少阳病，少阳厥阴都是半在里半在外，也可以说即不在表也不在里，就是【枢】的作用，所以脏腑辨证和六经辨证是相通的，六经不是经络概念，而是表，里，半表半里的三个病位，两种病情【阳证和阴证】，脏腑在其中起着与人体各功能相互配合，提供能量的收藏和应用，就像白天和晚上，相互协调，深层次的讲，人活百年，就是阳气的盛衰，如抛物线一样，阴是阳的收藏，阳是阴的释放，二者实则是一枚硬币的两面，阴虚的病人是阳气收藏的不好，阴亡的病人会出现阳的最后一点离散，谢谢李医师，看到您的文章，想到了很多，哈哈…</p>",
      "level": 0,
      "highlight": false,
      "children": [
        {
          "id": "8f60db1ec048ac9ba021de0b9df1b1ef",
          "author": "andy",
          "time": "2019年08月28日 09:56",
          "content": "<p>謝謝你的分享。</p>",
          "level": 1,
          "highlight": true,
          "children": []
        }
      ]
    },
    {
      "id": "324675b75e092464125a791e5f411c4f",
      "author": "瑞芳",
      "time": "2019年08月23日 19:28",
      "content": "<p>Have a nice journey to Canada</p>",
      "level": 0,
      "highlight": false,
      "children": [
        {
          "id": "18daedc806018a01489616a95b56206a",
          "author": "andy",
          "time": "2019年08月28日 09:57",
          "content": "<p>Thanks！</p>",
          "level": 1,
          "highlight": true,
          "children": []
        }
      ]
    },
    {
      "id": "ee5849a48193379c3d0ff89f8cb80f2d",
      "author": "lmc",
      "time": "2019年08月24日 17:46",
      "content": "<p>李医生，在对中医学习了这么久，我就渐渐的发现一个重要而大家不是太在意的问题，也是一个大规律，所有的病态都是反向的，就是说正常人的身体都是正向的，如果出现了病态，身体会发出逆向的信号，提示自己或者医生，哪里出问题了。在这里我突然想到了张景岳的一句话，凡欲治病者必先以形体为主，欲治形者必以精血为先，此实医家大门路也。不知道您对这句话的评价如何。谢谢！这句话好像也是通过观其形而知其神，望诊为先的顺序，来分析病人的病情。</p>",
      "level": 0,
      "highlight": false,
      "children": [
        {
          "id": "46b45dc5530aaaee49406906d9a8f83a",
          "author": "andy",
          "time": "2019年08月27日 15:35",
          "content": "<p>很多中醫很重視大規律的。</p>",
          "level": 1,
          "highlight": true,
          "children": []
        }
      ]
    },
    {
      "id": "f8b3c2a2847ad2abf75fc967fa980bc4",
      "author": "致远",
      "time": "2019年08月26日 07:18",
      "content": "<p>感恩李医师，无私的法布施惠及大众，帮忙分析一个病号他到底哪有问题。<br/>\n男40岁，170cm，108斤干巴瘦，电脑程序员，最近总遗精，白天上班没精神浑身没劲，现在任何水果凉拌菜不敢吃即使夏天也不敢，吃了早上就拉肚子，拉完了就累。但是吃热的熟的饭菜胃口还可以，大便每日行。眼睛看电脑手机时间长干涩还疼。还有他的手脚血管比同龄人粗而且突出，夏天不敢吹风扇空调，平时比别人穿厚一层衣服才舒服。体重十年基本没变，干吃也不胖。<br/>\n小时候他是他奶奶带大的上高中前没喝过热水，都是喝生凉水井水，高中伙食极差，大学经常锻炼身体还去跑马拉松，后来上班改吃素，现在工作压力比较大，身体再不好，得过且过，前途灰暗啊！</p>",
      "level": 0,
      "highlight": false,
      "children": [
        {
          "id": "c24515958a091d8a8544aee9966e3982",
          "author": "andy",
          "time": "2019年08月27日 16:28",
          "content": "<p>看起來脾的功能很差，脾統血，脾功能差時，脈管積濕而肥大，癆症也。脾差，也就消化吸收差，人則瘦弱，血也虛。這樣情況久了，當然身體就會有一堆問題。</p>",
          "level": 1,
          "highlight": true,
          "children": [
            {
              "id": "8017e97e35e7e0ba5300bff3413988bc",
              "author": "致远",
              "time": "2019年08月27日 18:23",
              "content": "<p>感谢您百忙之中的回复，这种情况先调理哪个脏器，湿也要去吧，还有拉肚子的问题，医圣有没有基础方子？非常想听听您的建议。</p>",
              "level": 2,
              "highlight": false,
              "children": [
                {
                  "id": "b1057e6781c444c690301dd7fe5d7a71",
                  "author": "andy",
                  "time": "2019年08月28日 09:55",
                  "content": "<p>沒有看到病人，是不能告訴你什麼，畢竟你的敘述有限，同時我也無法全然相信你的描述是正確的，這樣就提供治療意見，對病人是不負責的。</p>",
                  "level": 3,
                  "highlight": true,
                  "children": [
                    {
                      "id": "ecd4913f44241fffad2e99919796e146",
                      "author": "致远",
                      "time": "2019年08月28日 20:43",
                      "content": "<p>谢谢您！我明白。</p>",
                      "level": 4,
                      "highlight": false,
                      "children": []
                    }
                  ]
                }
              ]
            }
          ]
        }
      ]
    },
    {
      "id": "96d99c60b627ba88cfba890a8b5e854b",
      "author": "淳賓",
      "time": "2019年09月07日 07:31",
      "content": "<p>想問李醫師這篇文章會有下篇嗎？</p>",
      "level": 0,
      "highlight": false,
      "children": [
        {
          "id": "3e48632056a1c752da115d9389bca32d",
          "author": "andy",
          "time": "2019年09月07日 21:12",
          "content": "<p>可以討論的東西很多，只是有時不知道該從哪個角度來討論才能深入淺出，讓沒有實際臨床的讀者感興趣，也真的能多了解一些。</p>",
          "level": 1,
          "highlight": true,
          "children": []
        }
      ]
    },
    {
      "id": "f64a57b8cc3644d5d840f140b111ef73",
      "author": "天同",
      "time": "2019年09月09日 12:16",
      "content": "<p>李医师你好，天纪里风地观金甲人受印蔡姓人，有两人，蔡英文任两任，火雷噬嗑卦里有一妇人拜，但后有鸡食稻，属鸡之人会赢得2022年台湾大选。</p>",
      "level": 0,
      "highlight": false,
      "children": [
        {
          "id": "cf325be3713493a20a8551feeff1d410",
          "author": "andy",
          "time": "2019年09月11日 13:30",
          "content": "<p>這個我就不方便討論了。</p>",
          "level": 1,
          "highlight": true,
          "children": []
        }
      ]
    },
    {
      "id": "e57c23da91354326f87e94aa77476271",
      "author": "天同",
      "time": "2019年09月09日 12:19",
      "content": "<p>说错了2024年，不过象已经出现</p>",
      "level": 0,
      "highlight": false,
      "children": []
    },
    {
      "id": "744a76778cc726c6be47bfaba6ad2fdc",
      "author": "万分感谢",
      "time": "2019年09月21日 05:06",
      "content": "<p>李医师你好，83岁外婆原先因为痔疮下血没治疗一段时间后，去医院检查西医诊断为大肠癌，现在每天下利，之前没吃西药是下血的下利，现在吃了西药下白脓的下利，外婆比原来瘦了20多斤，我刚知道倪海厦老师几个月，为了救外婆已经把倪海厦老师的视频看了一遍，可是我没有得到倪海厦老师的神，现在心里没底，希望你能告诉我往哪方面入手，谢谢</p>",
      "level": 0,
      "highlight": false,
      "children": [
        {
          "id": "065f3e72b1c05547660a6ab7c00a48ae",
          "author": "Jonson Ku",
          "time": "2019年09月23日 04:54",
          "content": "<p>先了解当时是远血还是近血？如先血后便，病在大肠。白浓，为寒，热性并收湿的草药为主力，加通利大肠的。西药=西毒。</p>",
          "level": 1,
          "highlight": false,
          "children": []
        },
        {
          "id": "afee205b63fd0de611e1fec71e60b71c",
          "author": "andy",
          "time": "2019年09月27日 15:23",
          "content": "<p>得先止利止血，不然病人會虛掉。你得帶老人家去看好的中醫，你自己經驗不多，不適合自己這個藥試試、那個藥試試。</p>",
          "level": 1,
          "highlight": true,
          "children": []
        }
      ]
    },
    {
      "id": "042a215231c5c72dcf9e39667db806b9",
      "author": "李晨",
      "time": "2019年09月24日 21:46",
      "content": "<p>渐酒空金榼</p>",
      "level": 0,
      "highlight": false,
      "children": [
        {
          "id": "6a74002764fc41cd57425a911675ec67",
          "author": "andy",
          "time": "2019年09月27日 15:32",
          "content": "<p>你引用這句詞，在這裡的意思為何？</p>",
          "level": 1,
          "highlight": true,
          "children": [
            {
              "id": "f1f0f316a20158901b78fe7f30fefeb3",
              "author": "李晨",
              "time": "2019年09月27日 15:37",
              "content": "<p>这个词是发留言的时候，手机拼音切换输入错了，，然后手机卡了，不小心发出去了。没有别的意思</p>",
              "level": 2,
              "highlight": false,
              "children": []
            }
          ]
        }
      ]
    },
    {
      "id": "9182f0b3959ce3d7925d50aa998f89cf",
      "author": "李晨",
      "time": "2019年09月24日 22:12",
      "content": "<p>你好，李博士，本人也是看了盗版的倪老师视频，当时不知道是盗版，淘宝有人卖，就购买了。带着好奇心学了半年吧，觉得倪师讲的非常好，有道理。自己也能看懂很多古医书了。我是2018年冬天下水得的病，然后又手淫，不懂事吧。，后来就睾丸很痛。去医院看说睾丸炎，找了一些开寒凉药的中医治了变的越来越痛。记得2018年7月三伏天我的舌头都是白色的，还在吃带金银花的中药。，没办法找不到医生，无奈看倪师的作品慢慢学。一直到了2018年11月，由于在家和家人吵架加上睾丸坠的厉害，睡眠不好。我又得了心脏病心阳不足。胸痛彻背。被吓的。本人坚决不让西医治和吃西药。就这样拖着。到了2019年，得知倪伯时徒弟在开了汉唐经方。我说心脏不好，没拍片不想让西医治。经方医生说我是寒。开了药就按要求服用了。，治疗了4个月。4个月我在家里天天睡不好，容易受惊吓。这也有我的原因。但医生说怎么做就怎么做。听倪师的，不要对医生开的处方指点。所以我4个月不闻不问的过来了。 然后最近去看汉唐医生，把脉医生说我心阳还是起不来，建议我换环境，不然阳宅不好，还容易得大病。 今年才20几岁，。请问李博士，对此病例有什么看法，我还有救吗？人也瘦，又容易受惊吓。  医生让我换环境在开药，我挺相信倪师门下的人。想请问李博士，能否给一个意见，看你博客半年了不知道怎么留言。今天东搞西弄，注册了一个邮件，发现能留言了。</p>",
      "level": 0,
      "highlight": false,
      "children": [
        {
          "id": "9d0517f7f2fcfe8163b56295fed533ad",
          "author": "andy",
          "time": "2019年09月27日 15:38",
          "content": "<p>並非每個自稱經方家的中醫師都是功力好的中醫師，也不能只聽到「和倪海廈老師學了經方」的中醫師就一昧相信，還是得有基本的判斷，也得和醫師多討論細節。治療四個月沒有改進，那你應該換個中醫師看診。</p>",
          "level": 1,
          "highlight": true,
          "children": [
            {
              "id": "768fde327efd278a6c54d4f3e6a876fd",
              "author": "李晨",
              "time": "2019年09月27日 15:58",
              "content": "<p>去汉唐看病，还得签字等等。开始医生说半个月就好，由于离的远，吃了没有好，就微信联系继续发药，一直到4个月还是没有好完。而且睾丸坠一直都有。可医生说，和心脏有关。但我是先睾丸痛然后休息不好得心脏问题的。以前我心脏很好，一觉睡到早上9点。中国的懂经方的医生本来就很少，会用生附子强心脏的更难寻。所以我就相信了，可最后结果很失望。迷茫！是否我的病很严重呢？看倪海夏老师讲解的病例，比我严重多了。其实我也不知道怎么办！我来留言没有恶意，不知道规则，多留了几次，不好意思。只是想得到博士的建议。</p>",
              "level": 2,
              "highlight": false,
              "children": [
                {
                  "id": "48a98afcede1d5dfa6c717a7b21e2031",
                  "author": "andy",
                  "time": "2019年09月27日 21:07",
                  "content": "<p>「漢唐」早就不是倪海廈老師的漢唐了。</p>",
                  "level": 3,
                  "highlight": true,
                  "children": [
                    {
                      "id": "6b575103295af4d58dee2af9bddf9aa9",
                      "author": "李晨",
                      "time": "2019年09月28日 12:08",
                      "content": "<p>这边是宣传倪伯时发扬倪海夏学术开的馆。然后馆里的医生，以前用生附子几百克都用过。其实病人不想去了解这些。 只要医生能让我好，就可以啦！ 可是并没有好。换医生，有些医生那里中药材没有保障，。</p>",
                      "level": 4,
                      "highlight": false,
                      "children": []
                    }
                  ]
                }
              ]
            },
            {
              "id": "8243edcd3de6a9c883e947a773df36bc",
              "author": "李晨",
              "time": "2019年09月27日 16:09",
              "content": "<p>开始治了2个月多，那时候也不能出门活动，因为走路胸背就痛，有很多痰，也容易受惊吓。平时一些异物响也受惊吓。可平时我胆子很大的，不知道怎么就这样了。后来治疗到3个月多，才能活动，胸部压力才减少，但还是吐很多痰。服药我每天也在练心脏的排毒法，发出呵的声音。排了很多痰。 不知道还找不找哪位汉唐医生治啊，第一次过去态度还可以，可最后一次过去，态度也不好了。 原因双方都没有收到想要的效果，让我和医生中间隔了一层墙。 那天我身体也不好过去面诊的，医生安慰一下我，就让我回去了。哎，一言难尽。</p>",
              "level": 2,
              "highlight": false,
              "children": []
            }
          ]
        },
        {
          "id": "9834b4d0953a237defa73bdf15f05821",
          "author": "潇航",
          "time": "2023年12月16日 23:20",
          "content": "<p>你怎么这么喜欢和家里人吵架 有啥好吵的 我都懒得吵了 说服一个人和改变一个人很难的  好好学习天天向上啊 莫胡思乱想啊 不要随便试图去改变、说服和帮助一个人除非这个人真的很好</p>",
          "level": 1,
          "highlight": false,
          "children": []
        }
      ]
    },
    {
      "id": "6c0b1f4c1e2bcd2902e879e07371d90c",
      "author": "李晨",
      "time": "2019年09月24日 23:52",
      "content": "<p>你好，李博士，我2018冬游下水，后得的睾丸痛，医院检查睾丸炎，后来吃了很多寒凉药，在家里吵架，胸又痛到后面去，2019年找了中国汉唐倪伯时的徒弟治疗了3个月，可心阳还是很微弱。。医生建议我换环境去上班。如果在家里可能会得更重的病。，现在不知道怎么办呢？寻求李医生的意见。因为我信倪师看过视频的。。哎，好烦。有没有见过这种病例啊。现在我人很瘦了，很无奈。 现在主要症状，胸容易受惊吓，睡觉不好。意思是不是我容易得阴实证？汉唐的医生说我容易得大病，让我每年去检查，可我不想进医院，555</p>",
      "level": 0,
      "highlight": false,
      "children": []
    },
    {
      "id": "291c2476d1e4ca475b38a91b731f00d3",
      "author": "李晨",
      "time": "2019年09月25日 02:12",
      "content": "<p>怎么看不到我的留言呢。</p>",
      "level": 0,
      "highlight": false,
      "children": [
        {
          "id": "288ecc0d9e14b4dae2d2ea8637e6e35d",
          "author": "andy",
          "time": "2019年09月27日 15:38",
          "content": "<p>留言得經過核准才會顯示，太多廣告垃圾留言了。</p>",
          "level": 1,
          "highlight": true,
          "children": []
        }
      ]
    },
    {
      "id": "2b8240c8c17520d91042d97efc26e984",
      "author": "李晨",
      "time": "2019年09月29日 09:36",
      "content": "<p>李博士，请问怎样能加强心阳给全身供热的能力呢？<br/>\n比如跑步，做肌肉运动，锻炼身体。什么样的人容易得心脏病，心脏病在中医来说治愈高吗？记得博客有一章文章，说男人的龟头带红色的容易得心脏病吗？谢谢</p>",
      "level": 0,
      "highlight": false,
      "children": [
        {
          "id": "e342de7894b799107f3e96d1a4240ce1",
          "author": "andy",
          "time": "2019年09月30日 09:09",
          "content": "<p>有氧運動有助於心臟功能，不過，心陽虛、心臟功能不足，問題不僅限於心臟，譬如肝血不足導致心臟功能低下等等，只靠運動鍛鍊不一定能治本。一般而言，心臟問題需要儘快治療，但通常治療的反應挺快的。</p>",
          "level": 1,
          "highlight": true,
          "children": [
            {
              "id": "2e1039e0cd0eb68547c7722a0fd5367f",
              "author": "李晨",
              "time": "2019年09月30日 17:07",
              "content": "<p>我属于玩手机多的那种，一天10多个钟吧，是不是也会造成肝的虚劳？不过治疗了4个月也没用好的效果，方剂是金匮里面胸痹篇，桂枝瓜蒌薤白加生附子干姜等，就这样一个方吃了4个月，。。然后每次拿药都有受惊吓。不知道是病重，还是什么原因。现在也容易受惊吓。 然后睾丸时时坠，是否可用蜘蛛散。 我的想法是，医生把我的睾丸治的不坠了，心脏不疼了。就不受惊吓了。 以前我用过蜘蛛散吃了几天，睾丸小了不少。。。  这个是心脏给小肠的热不够，造成寒湿在下焦，结在厥阴肝经。所以睾丸会这样。  能用单方蜘蛛散不，我这里可以购买蜘蛛。<br/>\n哦，我还有掉头发</p>",
              "level": 2,
              "highlight": false,
              "children": [
                {
                  "id": "aad60082a79fc7ffc9c5602febe80e55",
                  "author": "andy",
                  "time": "2019年10月03日 09:42",
                  "content": "<p>聽起來你確實是心臟無法傳達足夠的熱到小腸，那我們就得回頭來探討背後是什麼原因，肝血不足自然不在話下，看來肺陽不足、中下焦寒濕等等更加重了問題。這樣的情況，不是拼命得加重生附子可以解決的，也不是所謂的經方，你得就近找個好中醫看診。</p>",
                  "level": 3,
                  "highlight": true,
                  "children": [
                    {
                      "id": "55fb8ff0278f9986dab82659bb8d2081",
                      "author": "李晨",
                      "time": "2019年10月03日 18:35",
                      "content": "<p>桂枝，瓜蒌，薤白，枳实，生半夏，干姜，炙甘草，生附子，北柴胡，酸枣仁，郁金，黄苓，川芎，桃仁，当归。<br/>\n这个怎样？</p>",
                      "level": 4,
                      "highlight": false,
                      "children": []
                    },
                    {
                      "id": "9e14c32bcfadad0d6bedda6cc6758423",
                      "author": "andy",
                      "time": "2019年10月08日 18:26",
                      "content": "<p>沒有診斷，是不應該評論藥方的，但是看來你沒有加什麼利水藥，那麼寒是無法去除的。</p>",
                      "level": 4,
                      "highlight": true,
                      "children": []
                    },
                    {
                      "id": "d4203eb8b8036aa86df6e47405f5320e",
                      "author": "李晨",
                      "time": "2019年10月04日 06:37",
                      "content": "<p>李博士，现在是中国晚上时间，下午跑步出了汗，晚上回到家和家人吵闹了一下。 然后现在在床上，左边的睾丸又掉下来。难受，摸着都好硬，突起来。真的是难受。<br/>\n难道治疗了3个多月积寒没有去一点。不过我也感受到去了很多，以前血管很粗黑吃了变小淡了。<br/>\n到底哪位医生治的有没有效果？信还是不信？头大呀。 他们解说案例，明显可以看到套用倪师的口吻。没有倪师就没有他们。讲话类型和倪师一样。<br/>\n现在到床上还想着，到底怎么办，找谁治，怎么治，继续找汉唐经方的医生吗？<br/>\n睾丸坠的难受，为什会坠啊，李博士</p>",
                      "level": 4,
                      "highlight": false,
                      "children": []
                    },
                    {
                      "id": "4cf1b910934b081f17ca96c58cf72bca",
                      "author": "andy",
                      "time": "2019年10月08日 18:31",
                      "content": "<p>那幾位都不是倪海廈親自帶出來的學生，看倪老師的教材，就不難學習倪老師說話的方式，但不代表學到倪老師的醫術。中氣下陷、肝經虛寒是睾丸下墜常見的原因。</p>",
                      "level": 4,
                      "highlight": true,
                      "children": []
                    }
                  ]
                }
              ]
            }
          ]
        }
      ]
    },
    {
      "id": "361e344c571bbb98de072baa4c627781",
      "author": "李晨",
      "time": "2019年10月01日 21:23",
      "content": "<p>倪师在视频最后讲解病例的时候。讲了一个心脏病的病例，和治疗心脏病治疗方法。<br/>\n一个6年前的处方。意思就是6年前病例服用了这个方。到倪师讲伤寒金匮的时候，已经过去了6年而且这个病人现在还好好的，而且病人被西医开刀几次的。在中药的帮助下能维持这么好。<br/>\n 我没有开刀，没有吃过西药。非常热爱中医。<br/>\n 李博士，你的心脏病的患者也有很多。是否这个病要长期服药？ 或者好不好治，善后如何，或者因地域环境影响，美国地区比较安静，好生活。中国比较吵。<br/>\n 原谅我多次问答，非常抱歉，李博士能在业余时间回复问题，在下感到非常开心，谢谢你</p>",
      "level": 0,
      "highlight": false,
      "children": [
        {
          "id": "36e8ac861321dadf076cee7440afedf2",
          "author": "andy",
          "time": "2019年10月03日 09:44",
          "content": "<p>「心臟病」不一定是心臟的問題，也不一定「只是」心臟的問題，功力好的中醫師可以判斷出來，一般而言也不是那麼難治好。</p>",
          "level": 1,
          "highlight": true,
          "children": []
        }
      ]
    },
    {
      "id": "89f7d21a20df4c2740d9909deae38ac9",
      "author": "Rocluo",
      "time": "2019年10月02日 12:58",
      "content": "<p>阳明无死症？请问：胃癌小肠癌属于阳明症吗？<br/>\n谢谢李医师</p>",
      "level": 0,
      "highlight": false,
      "children": [
        {
          "id": "80e2986c6365b9a73e5f0f77107b8df1",
          "author": "andy",
          "time": "2019年10月03日 11:16",
          "content": "<p>小腸癌非常少見，相對其它癌症也較不嚴重，在中醫上認為小腸屬火，本身不會有陰實。胃癌及大腸癌很常見，如果「只是」單純的胃癌或大腸癌，中醫認為不是死症，至少病人可以存活很久，然而，一個人不會無緣無故得到胃癌或大腸癌，背後原因複雜，大多數都並非是單純的「陽明證」，所以，我們不能因為「陽明無死症」就認為胃癌及大腸癌不會導致死亡。</p>",
          "level": 1,
          "highlight": true,
          "children": []
        }
      ]
    },
    {
      "id": "8d7db61d40729f0e08f8b11c1b24ecf8",
      "author": "李晨",
      "time": "2019年10月03日 15:40",
      "content": "<p>好的，不过好的中医确实难找。，我现在早上起来就吐白痰，吃药期间也吐白痰。甘草干姜汤溫了这么久寒痰还是不减。<br/>\n而且夜间3点到5点醒一次能睡，然后可以睡到6点。是否身体里面的阴实特别重了？我去拍彩照，身体消化器官肝那些没有问题，肺没有拍。中医讲忧能伤肺。那么我2018年5月就优了，到现在都1年多了。肺肯定被伤。时常提醒自己要开心快乐！因为我家庭条件也不好，加上得病了，体验了人世的人情冷淡就担忧了。<br/>\n还有我住的环境比较不好。住进去人就比较担忧。<br/>\n那这样想住在家里整天忧还不是加快身体的恶化？等几个月去医院拍片，查出肺癌就晚了。<br/>\n在中国找中医不好找啊，都是些坑钱拐骗的。中医院里面的大师更虚伪，开中药和西药开在一起。用西医的口吻来解释中医，治不好就让开刀。去那些中医馆有的开几十位药，或者开很多杂药。实在不敢去看。<br/>\n我是不是环境影响多呢？<br/>\n在家里本来身体健康，由于家人吵闹脾气和吓我导致这样。最后还得和不想在一起的人住在一起。头大，<br/>\n我今年才23 太难了。</p>",
      "level": 0,
      "highlight": false,
      "children": []
    },
    {
      "id": "cf2cec5b549f5449e0b8d20e355e66de",
      "author": "李晨",
      "time": "2019年10月08日 22:35",
      "content": "<p>哦，得开去寒又去湿的药，上面的方是考虑胸不适有睡不好，长期的睡不好，肝会虚掉。 然后也疏肝，不过这不是重点。重点是中下焦的寒湿比较多。后来哪位汉唐的医生开的方我看了，主力在生附子和瓜楼这些。 我吃的生附子累计起来可达千克。 不过这医生开的不对。生附子加量，我的心脏会受不了。 寒湿没有去掉，吃了热药会变湿热，所以医生又开了黄连。<br/>\n我的问题很多，一，肝血虚，脾虚，心阳不足，中下焦寒水多。 得一一处理，首先管住心阳。以去寒湿为主，强心为辅助。<br/>\n昨天我配了一付当归四逆汤，加生附子，疏肝补肝强心的药。 晚上喝的，就一碗。脚可以立马感觉到热能往下走，真的好舒服。睾丸也没有痛和坠。 由于商家在药材上有缺点，吃了一付就退货了，目前在找合格的药。<br/>\n用当归四逆汤里面的白芍是，睾丸有皱的皮肤淤血在里面。用勺药让静脉回流，然后加上生附子，一加热。就散了。我的汉唐医生和她说过多次，说睾丸问题。他总说和心脏有关，吃了3个月没有一天不痛。为何昨天我熬了一碗，维持到第二天下午就没有痛过，和不适过？有是有一点，但明显的感觉变化。</p>",
      "level": 0,
      "highlight": false,
      "children": [
        {
          "id": "c1ccd4bb295cac476b46fda9b31ff287",
          "author": "ET",
          "time": "2019年10月23日 03:08",
          "content": "<p>个人也是中医爱好者，很明白您的心情，想找好的经方医生却找不到，逼得自己要学中医，中药。想提供您一点思路做参考，但是我强调我不是临床医生，不是专业意见。<br/>\n首先您是冬天下水得的病，一般这是“寒气直中少阴”，多数用麻黄细辛附子汤。您要的是“温通”不是“温补”。 在不通的情况下，越补越痛。（注意，如果您心悸，心跳很快，就不要用麻黄）<br/>\n第二，一般外肾与睾丸的问题都与厥阴肝经有关，这就是为什么您吃4个月的心阳药也没什么效果，但是您吃一副当归四逆汤就舒服，因为当归四逆汤就在厥阴篇里。而且当归四逆汤里的细辛和通草都是通经的。您加了生附子认为温阳指数更爆表，但是生附子是补内热、破阴实的，要讲温经走窜还是炮附子比较好。还有通草应该用木通而不是白通草，现在有马兜铃酸的关木通已经禁用，所以您找比较正规的药店买药的话应该没什么问题。<br/>\n睾丸痛就是肝经寒，我所知道的温肝经的药就是吴茱萸和小茴香。小茴香治疝气非常有效，睾丸坠痛也是疝气的一种。我有时候睾丸痛，就吃一包小茴香口味的快熟面就好了。您也可以把吴茱萸和小茴香炒热了捂在肚脐，可能都有效果呢？<br/>\n我觉得您先把肝经的事解决了，可能心脏的事就没了。您才20多岁不太可能是心脏病，不是胸痛就一定是胸痹，可能也就是气机不调。看您常和家里人生气，柴胡系的方应该适合。如果还是常常容易惊吓，可以试试柴胡龙骨牡蛎汤。<br/>\n个人意见，仅供参考。</p>",
          "level": 1,
          "highlight": false,
          "children": []
        }
      ]
    },
    {
      "id": "10c6fb318c5ec3581c23598cb9133f5f",
      "author": "李晨",
      "time": "2019年10月08日 22:53",
      "content": "<p>不知道有没有机会找李医生远程诊疗。我看中国的医生没有办法治疗这个病了。个人感觉，只要睾丸不坠了不适没有了。我整个人都好了。那天我睾丸压下去然后他收上来。就感觉，我好了，走路也不受惊吓了，也没有心脏病了。 但是一掉下来和不适，心也难受人也难受。<br/>\n有时候自己摸左寸，也不是很沉。轻轻碰皮肤有能感受脉往皮肤跳。有时有力，有时没有。<br/>\n还有现在人很瘦，吃饭正常，大便每日行，小便一天3到4。<br/>\n个人不会讲话，也不会玩哪些高端的东西。但就是想找李医生治疗。 因为以后还得谈女朋友，做事业。不会就这样废了吧。<br/>\n或许一种说法，治疗疾病都得换环境吗？在家里家里人都尽量让着我。 不是我挑事一般不会说我。年轻气盛麻。<br/>\n大陆这中医情况你也了解，今年冬天快到了，有时不舒服，迫不得以，自己配当归四逆汤加生附子，来强心阳。</p>",
      "level": 0,
      "highlight": false,
      "children": []
    },
    {
      "id": "14b7b6470d21a35160af8d1b8128717a",
      "author": "谷裕东",
      "time": "2019年12月09日 17:40",
      "content": "<p>本人中医爱好者，最近关注Andy老师的部落格，看到你的留言。有机会的话还是让Andy老师面诊，那样对你恢复健康会很快，减少减短病痛的折磨。实在不行的话，试试非药物疗法中的艾灸（悬灸），你寒湿这么重，每天坚持艾灸应该对你会有所帮助，建议在找不到好的中医师面诊时，不妨可以试一试。</p>",
      "level": 0,
      "highlight": false,
      "children": [
        {
          "id": "d67b0f79cc628829be76c113baa99abd",
          "author": "谷裕东",
          "time": "2019年12月09日 18:04",
          "content": "<p>@李晨</p>",
          "level": 1,
          "highlight": false,
          "children": []
        }
      ]
    },
    {
      "id": "79de80676227542e2a2d7d4be19053ba",
      "author": "禪坐的太陽",
      "time": "2022年10月31日 08:20",
      "content": "<p>學習了！頗具啓發性！</p>",
      "level": 0,
      "highlight": false,
      "children": []
    },
    {
      "id": "5fb507300da863291e0c7d29099d9664",
      "author": "Frio",
      "time": "2023年05月31日 20:37",
      "content": "<p>不是很理解，為什麼陰經厥陰經（手厥陰心包經和足厥陰肝經）是主闔的，能簡單解釋一下嗎？肝藏血倒是有闔的感覺，難道說心包的闔主要指的是包裹心神的闔麼，請李老師能否幫忙指正？</p>",
      "level": 0,
      "highlight": false,
      "children": [
        {
          "id": "15fd75370eb59d26dacc6ff3ec28ed4e",
          "author": "李宗恩",
          "time": "2023年06月05日 15:22",
          "content": "<p>自古六經的功能解釋，多半偏重在足經。</p>",
          "level": 1,
          "highlight": true,
          "children": []
        }
      ]
    },
    {
      "id": "e5888f8b348be4ecd22fb43f73b24bf8",
      "author": "飞飞飞",
      "time": "2024年01月05日 11:26",
      "content": "<p>感谢李老师的这篇文章。解惑了我针灸上的疑惑<br/>\n之前还奇怪为什么经络排序和伤寒的六经不一样<br/>\n经过这样子解释能理解为什么是这样的了。</p>\n<p>我记忆力不太好只能简化的理解<br/>\n用阴阳做代名词，总体为阴服务<br/>\n阳开 阴运（阴选择自己想要的能量）<br/>\n阳运 阴关（阴不需要你选择的）<br/>\n阳闭 阴开（阴能透透气了）</p>",
      "level": 0,
      "highlight": false,
      "children": []
    }
  ],
  "page": 26,
  "order": 1
}