{
  "article_url": "https://andylee.pro/wp/?p=6034",
  "title": "FM96.1：想得善名，就要擔起惡的責任 – 庫克斯坦福演講之思考",
  "content": "<figure class=\"wp-block-audio\"><audio controls=\"\" src=\"https://andylee.pro/wp/wp-content/uploads/2019/06/S-06182019想得善名，就要擔起惡的責任—–庫克斯坦福演講之思考.mp3\"></audio></figure>\n<p>（語音檔案由FM96.1電台提供，文章摘錄撰寫中，請稍加等待謝謝。）</p>",
  "article_time": "2019年06月18日 14:19",
  "comments": [
    {
      "id": "2e09787d0fe50866ebe728ac9cd20115",
      "author": "老浩",
      "time": "2025年02月20日 23:57",
      "content": "<p>关于用手电筒观察眼睛瞳孔对光的反应，我观察了一些，基本都在电光照到瞳孔的时候就开始缩小了，大概都是1秒到2秒的时间内缩到最小。广播中说到那个喝了好久桂枝汤的那个小孩，从眼诊中知道他的肾已经很差了，那么怎样从眼诊中认为他的肾可能已经很差了？是从瞳孔对光反应的时间和缩放比例去判定吗？怎样才算对光反应好怎样才算差？</p>",
      "level": 0,
      "highlight": false,
      "children": [
        {
          "id": "c5d4a8058e2bc2a16cf20dff69a508cc",
          "author": "李宗恩",
          "time": "2025年02月25日 15:18",
          "content": "<p>1～2秒反應算差的。</p>",
          "level": 1,
          "highlight": true,
          "children": []
        }
      ]
    }
  ],
  "page": 26,
  "order": 8,
  "filename": "data\\page26\\page26_order8_13a6423ca43549e6d8c015f2e8200268.json",
  "timestamp": 1741573636.4539752
}