{
  "article_url": "https://andylee.pro/wp/?p=3392",
  "title": "中國大陸進一步促進中醫藥發展措施",
  "content": "<p>今天收到大陸友人轉寄來的人民日報報導，春節後首次中國國務院會議訂定關於中醫藥發展的一些國家政策，確定進一步促進中醫藥發展措施：</p>\n<p>＝＝＝＝＝＝＝＝＝</p>\n<p>1、促進中醫藥和民族醫藥繼承保護與挖掘，搶救瀕臨失傳的珍稀與珍貴古籍文獻，強化師承教育，大力培養中醫藥人才，提高中醫藥應急救治、防病治病能力。</p>\n<p>2、促進中西醫結合，探索運用現代技術和產業模式加快中醫藥發展。加強重大疑難疾病、慢性病等中醫藥防治和新藥研發。完善中醫藥標準體系，強化中藥材資源保護利用和規範種養。</p>\n<p>3、放寬中醫藥服務準入，完善覆蓋城鄉的中醫服務網路，保證社會辦和政府辦中醫醫療機構在執業等方面享有同等權利。</p>\n<p>4、發展中醫養生保健服務，促進中醫藥與健康養老、旅遊文化等融合發展，推動「互聯網+」中醫醫療。</p>\n<p>5、加大中醫藥投入和政策扶持。在國家基本藥物目錄中增加中成藥品種數量，更好發揮「保基本」作用。加強中醫理念研究推廣，擴大中醫藥國際貿易和傳播普及。</p>\n<p>＝＝＝＝＝＝＝＝＝</p>\n<p>中國大陸這十多年確實為推展中醫藥盡了很多的心力，國家領導人不斷在各種國家級會議中強調中醫藥的重要性以及國家推展中醫藥的決心。據我了解，凡是有三甲西醫院的地方，一定有相對應的三甲中醫院，而每年國家與地方投入中醫藥的資金越來越多，中醫藥有關的科研計劃也越來越多。不過，在花很多金錢、人力、物力推展中醫之前，最好先仔細思考該推展「怎麼樣的中醫」。中醫經歷了民國初年五四運動的「全面西化」，四九年後文化大革命的「去除舊文化」，再加上這二十多年來本末倒置方式進行的「中西醫結合」，整個中醫已經變調了。現在中國大陸的中醫臨床已經變成以西醫的診斷為依據，再想辦法找些「相對應」的中藥來治療，幾乎完全失去了正統中醫「辨證論治」獨立思考診斷的能力，臨床療效當然也就乏善可陳。</p>\n<p>醫學是務實的學問，得以臨床治療效果為依據，而非是「什麼中藥裡的什麼化學成份對小白鼠的什麼問題有什麼的影響」！真正的推展中醫，應該回歸到正統中醫智慧，從黃帝內經、傷寒雜病論等經典古籍重新出發，以純正中醫方式臨床治療得到很好的效果後，再思考如何與西醫及其它現代科技結合。</p>\n<p>或許有人會覺得現在所謂的「中西醫結合」比較文明，我們為什麼要回歸中醫古籍？如我所言，醫學是務實的學問，得以臨床治療效果為依據。現在所謂的中西醫結合方式，在臨床療效方面，和那些真的能深入古籍的中醫師相比之下，實在是乏善可陳。缺乏臨床療效的方式，怎麼可能引領中醫的復興？這就像倪海廈老師以前常常講的「治好病的醫師說話」，唯有以臨床療效來判斷方向的正確與否，中醫才能重現成為主流醫學、造福全人類。而臨床療效卓越的中醫師，幾乎沒有一位不是回歸到中醫古典智慧的，所以，我們得以「回歸古典智慧」為中醫推展的最高原則也就沒用什麼好爭議了！</p>",
  "article_time": "2016年02月16日 15:11",
  "comments": [
    {
      "id": "bab35375cc14e23ff484c4efa839445c",
      "author": "魯豆腐",
      "time": "2016年02月16日 17:27",
      "content": "<p>很高興中國的領導人看見了中醫的遠景想要回歸提倡中醫，不管如何這都是好事一件。正統中醫已經被埋沒太久，當中必然有重大利益的考量，也有不學無術者的招搖撞騙行為，導致的是廣大求醫者成了冤大頭，不僅是大破其財而且病情無法得治，更破壞了正統中醫的名聲。</p>\n<p>非常寄望中國這次是玩真的，只要能發揚正統中醫學不但可以國富民強，不被以商業利益考量的西醫學牽著鼻子走，成為主流醫學只是時間上的問題罷了，感謝Dr.李和倪醫師的長久努力。</p>",
      "level": 0,
      "highlight": false,
      "children": [
        {
          "id": "8b1481b7d97d47788199f64d234f8e70",
          "author": "andy",
          "time": "2016年02月18日 15:52",
          "content": "<p>謝謝鼓勵！</p>",
          "level": 1,
          "highlight": true,
          "children": []
        }
      ]
    }
  ],
  "page": 46,
  "order": 6,
  "filename": "data\\page46\\page46_order5_86c68af5f7d0ec8d5afa9a90bb6d1474.json"
}