{
  "article_url": "https://andylee.pro/wp/?p=3456",
  "title": "台灣大學 4/26應邀與EMBA及創業車庫經驗分享",
  "content": "<p><a href=\"https://andylee.pro/wp/wp-content/uploads/2016/03/logo.png\" rel=\"attachment wp-att-3459\"><img alt=\"logo\" class=\"alignnone size-full wp-image-3459\" decoding=\"async\" fetchpriority=\"high\" height=\"210\" sizes=\"(max-width: 795px) 100vw, 795px\" src=\"https://andylee.pro/wp/wp-content/uploads/2016/03/logo.png\" srcset=\"https://andylee.pro/wp/wp-content/uploads/2016/03/logo.png 795w, https://andylee.pro/wp/wp-content/uploads/2016/03/logo-300x79.png 300w, https://andylee.pro/wp/wp-content/uploads/2016/03/logo-768x203.png 768w\" width=\"795\"/></a></p>\n<p>感謝台灣大學副校長陳良基教授及台大創業車庫陳如芬執行長的邀請，將於4月26日中午到下午4點，在台大創意創業中心，和台大EMBA的學生及台大創業車庫的團隊們分享我個人的經驗。矽谷的科技、創業、投資是少不了的話題，然而，很重要的一部份是為什麼我從高科技走入中醫，當初的心歷路程、對中醫的認識、對中醫的願景等，或許可以為那些積極創業的學生與社會人士們帶來不一樣的思維與衝擊。</p>\n<p>我亦借花獻佛，邀請老朋友、老同事，<a href=\"http://www.tiectw.com\">台灣創業創新中心</a>執行長王南雷博士一同參加這次的分享。十多年前我們一起把一家射頻晶片設計與製造公司賣給一家美國上市公司。幾年前，王執行長受邀回台灣工研院之前，他在中醫與科技結合方面幫了我很多的忙。而王執行長大我十多歲，看事情的角度與我有所不同，希望藉由我們兩個人的對話，能為台大EMBA的學生及台大創業車庫的團隊們帶了一些頭腦與心靈的激盪！</p>\n<p> </p>",
  "article_time": "2016年03月08日 18:05",
  "comments": [],
  "page": 46,
  "order": 1,
  "filename": "data\\page45\\page45_order8_170fce59ba0eb322d37cf1befa0924db.json"
}