{
  "article_url": "https://andylee.pro/wp/?p=3371",
  "title": "第八十六屆國醫節暨中國醫藥大學中醫學系創系五十週年 — 神經精神醫學臨床學術研討會",
  "content": "<p>剛剛收到中國醫藥大學來的會議議程表，感謝主辦單位安排我做會議的主講，與多位醫學專家一起參與當天的學術研討。這次研討會的主題是中醫在神經精神醫學方面的臨床治療，所以，我的演講會以神經與精神方面的病例為主。半個小時的主題演講，其實比兩個小時的演講難，得立即引起聽眾的興趣，又得很快進入主題，才能言之有物又能得到迴響，我得仔細想一想。而中國醫藥大學另外安排在4月28日（星期四）下午針對碩博士班研究生2～3小時的演講與討論，以及晚上針對大學生2～3小時的演講與討論，這兩場演講，可以比較深入各個病例，與大家多分享一下臨床心得。</p>\n<p>=====================================================================</p>\n<p><strong>第八十六屆國醫節暨中國醫藥大學中醫學系創系五十週年 — </strong><strong>神經精神醫學臨床學術研討會</strong></p>\n<p><strong>指導單位：</strong>衛生福利部</p>\n<p><strong>主辦單位：</strong>中國醫藥大學附設醫院中醫部</p>\n<p><strong>協辦單位：</strong></p>\n<p>中國醫藥大學中醫學系、學士後中醫學系、中西醫結合研究所、針灸研究所、中華民國中醫師公會全國聯合會、衛生福利部中國醫藥大學附設醫院卓越臨床試驗與研究中心、衛生福利部中國醫藥大學附設醫院癌症卓越研究中心</p>\n<p><strong>時 間：</strong>105年04月24日（星期日）</p>\n<p><strong>會議地點：</strong>中國醫藥大學立夫教學大樓地下一樓國際會議廳(台中市北區學士路91號)</p>\n<table width=\"511\">\n<tbody>\n<tr>\n<td colspan=\"7\" width=\"511\">第八十六屆國醫節暨中國醫藥大學中醫學系創系五十週年 – 神經精神醫學臨床學術研討會議程</td>\n</tr>\n<tr>\n<td width=\"109\">時       間</td>\n<td colspan=\"2\" width=\"169\">演講主題</td>\n<td colspan=\"3\" width=\"66\">主講者</td>\n<td width=\"168\">服務單位及職稱</td>\n</tr>\n<tr>\n<td width=\"109\">08：30～08：50</td>\n<td colspan=\"6\" width=\"403\">報到</td>\n</tr>\n<tr>\n<td width=\"109\"></td>\n<td colspan=\"6\" width=\"403\">主持人 孫茂峰副院長</td>\n</tr>\n<tr>\n<td width=\"109\">08：50～09：00</td>\n<td colspan=\"6\" width=\"403\">開幕儀式及致詞</td>\n</tr>\n<tr>\n<td colspan=\"7\" width=\"511\">主持人 張恒鴻院長</td>\n</tr>\n<tr>\n<td width=\"109\"><strong>09：00～09：30</strong></td>\n<td colspan=\"3\" width=\"169\"><strong>特別演講：</strong>\n<p><strong>中醫對重症的治療</strong></p></td>\n<td width=\"64\"><strong>李宗恩</strong></td>\n<td colspan=\"2\" width=\"170\"><strong>陽氣中醫院 院長</strong>\n<p><strong>陽氣健康管理科技公司 執行長</strong></p></td>\n</tr>\n<tr>\n<td width=\"109\">09：30～10：00</td>\n<td colspan=\"3\" width=\"169\">特別演講：\n<p>羊矢之謎與中醫的肌肉身體觀</p></td>\n<td width=\"64\">李建民</td>\n<td colspan=\"2\" width=\"170\">中央研究院歷史語言研究所\n<p>研究員</p></td>\n</tr>\n<tr>\n<td width=\"109\">10：00～10：20</td>\n<td colspan=\"6\" width=\"403\">茶敘</td>\n</tr>\n<tr>\n<td colspan=\"7\" width=\"511\">主持人：徐新政主任、李育臣主任</td>\n</tr>\n<tr>\n<td width=\"109\">10：20～11：10</td>\n<td colspan=\"3\" width=\"169\">突發性耳聾  – 耳朵也會中風??</td>\n<td width=\"64\">林嘉德</td>\n<td colspan=\"2\" width=\"170\">中國醫藥大學附設醫院副院長</td>\n</tr>\n<tr>\n<td width=\"109\">11：10～12：00</td>\n<td colspan=\"3\" width=\"169\">眩暈：從內經大惑論到現代</td>\n<td width=\"64\">謝慶良</td>\n<td colspan=\"2\" width=\"170\">中國醫藥大學教授</td>\n</tr>\n<tr>\n<td width=\"109\">12：00～13：30</td>\n<td colspan=\"6\" width=\"403\">                        午 餐 休 息</td>\n</tr>\n<tr>\n<td colspan=\"7\" width=\"511\">主持人：顏宏融主任</td>\n</tr>\n<tr>\n<td width=\"109\">13：30～15：10</td>\n<td colspan=\"3\" width=\"169\">精神疾病簡介 – 從兒童青少年精神醫學臨床實務談起</td>\n<td width=\"64\">許宗蔚</td>\n<td colspan=\"2\" width=\"170\">中國醫藥大學附設醫院精神醫學部主治醫師</td>\n</tr>\n<tr>\n<td colspan=\"2\" width=\"109\">15：10～15：30</td>\n<td colspan=\"5\" width=\"402\">                           茶敘</td>\n</tr>\n<tr>\n<td colspan=\"7\" width=\"511\">主持人：林宏任主任 、蘇珊玉主任</td>\n</tr>\n<tr>\n<td width=\"109\">15：30～16：20</td>\n<td colspan=\"3\" width=\"169\">精神性疾病的經方論治</td>\n<td width=\"64\">陳祈宏</td>\n<td colspan=\"2\" width=\"170\">宏安中醫診所院長</td>\n</tr>\n<tr>\n<td width=\"109\">16：20～17：10</td>\n<td colspan=\"3\" width=\"169\">憂鬱症的中醫治療思路</td>\n<td width=\"64\">林嘉發</td>\n<td colspan=\"2\" width=\"170\">林嘉發全方位中醫診所院長</td>\n</tr>\n<tr>\n<td width=\"109\">17：20</td>\n<td colspan=\"6\" width=\"403\">   賦歸</td>\n</tr>\n<tr>\n<td width=\"109\"></td>\n<td width=\"1\"></td>\n<td width=\"168\"></td>\n<td width=\"0\"></td>\n<td width=\"64\"></td>\n<td width=\"2\"></td>\n<td width=\"168\"></td>\n</tr>\n</tbody>\n</table>\n<p>聯絡電話：(04)2205-2121#1670、1685</p>\n<p> </p>",
  "article_time": "2016年02月03日 11:57",
  "comments": [
    {
      "id": "c084b3402d076361028dbc1c8dfe3a1e",
      "author": "曾立民",
      "time": "2016年03月07日 19:58",
      "content": "<p>李医师你好，不知28日的讲座与分享是否开放给外人旁听？我是一名在上海中医药大学留学的马来西亚留学生，之前就有耳闻倪老师汉唐中医思路并十分感兴趣，想趁着这个机会增长一些中医知识，不知可不可以？谢谢。</p>",
      "level": 0,
      "highlight": false,
      "children": [
        {
          "id": "97552c464d48d6fff116ff00b4b15c14",
          "author": "andy",
          "time": "2016年03月08日 09:07",
          "content": "<p>4/28的兩場演講及討論，是分別針對研究生及大學生的，聽眾可能會比較多，我想主辦單位應該不會介意有外人旁聽，畢竟現場也很難區分出學校學生和外來訪客，不過，麻煩你直接向中國醫藥大學詢問，這樣比較尊重主辦單位。</p>",
          "level": 1,
          "highlight": true,
          "children": []
        }
      ]
    },
    {
      "id": "06160890b7eeea9ef10d7e48c61d0f70",
      "author": "Kun-chan Lan",
      "time": "2016年03月09日 04:34",
      "content": "<p>Dear Dr. Lee,</p>\n<p>My name is Kun-chan Lan, I’m one of the graduate students of 中國醫藥大學 and looking forward to your talk on 4/28!!</p>\n<p>I’m just wondering if you plan to talk about your project in building a TCM expert system (e.g. your current progress<br/>\nand issues you’ve encountered). In addition to being a student in CMU, I’m also teaching at National Cheng Kung University in Taiwan<br/>\nas a professor (www.csie.ncku.edu.tw/~klan), building a TCM expert system is something I’m highly interested in and I’m<br/>\nhoping that I can get to hear some insights from you on 4/28.</p>\n<p>Best,<br/>\nKun-chan</p>\n<p>ps. I knew you’re a very busy person, but I just wish one day we will have the great honor to invite you to give a talk<br/>\nabout your work in TCM expert system in our school (with a hope to motivate more of our students to get interest<br/>\ninto this area…:-)</p>",
      "level": 0,
      "highlight": false,
      "children": [
        {
          "id": "f2d259595d72bd1703c1fc6b7aadfde4",
          "author": "andy",
          "time": "2016年03月09日 15:52",
          "content": "<p>我看了一下你的研究內容等等，很有意思，很樂意與你多交流討論，也很高興有像你這樣USC電腦博士願意大膽走入中醫。這次到貴校，以臨床治療為主，李文華校長對中醫臨床的療效很有興趣，畢竟醫學是務實的科學，臨床療效是最重要的。有機會的話，很樂意到成功大學演講，四月這次已經排了好幾場演講，沒有辦法再到台南了。 關於中醫的專家系統，我個人的淺見是，以現在的科技而言，專家系統本身不難，甚至不需要到IBM Watson一半的能力，重點是得回過頭來問，為什麼很多中醫以「人腦」來看診的療效都只是差強人意，這也是為什麼這幾年我花更多的時間在臨床看診，我認為研究中醫專家系統的人，自己臨床看診療效得站在一個很高的高度，不然專家系統會流為「smart data search and comparision」，有機會我們多深入討論。</p>",
          "level": 1,
          "highlight": true,
          "children": [
            {
              "id": "3eb5896141116e9cc827b9afb6e014b9",
              "author": "Kun-chan Lan",
              "time": "2016年03月11日 07:40",
              "content": "<p>That’s great! I hope that one day our students can get to hear your talk at NCKU!!<br/>\nI totally agree with you. I think a good TCM model is the core of a good TCM expert system.<br/>\nThis will also be my focus area for my study in CMU. I’m looking forward to your talks on<br/>\n4/24 and 4/28 in CMU!!</p>\n<p>Best,<br/>\nKun-chan</p>",
              "level": 2,
              "highlight": false,
              "children": []
            }
          ]
        }
      ]
    },
    {
      "id": "42ddb0deaef7c28b7c301966fb8b0810",
      "author": "曾立民",
      "time": "2016年03月09日 04:49",
      "content": "<p>我上个月已经发邮件询问，无奈没有回音，才来这里问您。可否麻烦您代为询问？真的很想聆听这次分享，麻烦您了，谢谢。</p>",
      "level": 0,
      "highlight": false,
      "children": [
        {
          "id": "c209d57da4f47875636146b89f1ab16b",
          "author": "andy",
          "time": "2016年03月09日 15:54",
          "content": "<p>我會幫你問一問，我猜想主辦單位不會特意阻止外人參加，但是可能不會公開准許外人參加，以免自己學校學生沒有位子。</p>",
          "level": 1,
          "highlight": true,
          "children": [
            {
              "id": "948e345afb34574f6e7684523726d434",
              "author": "曾立民",
              "time": "2016年03月10日 02:03",
              "content": "<p>好的，麻烦您了，万分感谢！</p>",
              "level": 2,
              "highlight": false,
              "children": [
                {
                  "id": "94f59e094976cafbe5d27c8984ccb2fd",
                  "author": "Kun-chan Lan",
                  "time": "2016年03月11日 07:46",
                  "content": "<p>Our graduate seminar room is not very big and the number of seats is limited (they normally did not have access control for the seminar talk though). You might have a better luck trying the one for the undergraduates..:-)</p>\n<p>Best,<br/>\nKun-chan</p>",
                  "level": 3,
                  "highlight": false,
                  "children": []
                }
              ]
            }
          ]
        }
      ]
    },
    {
      "id": "ab7668792791a6f23030acc511b53051",
      "author": "Chi-Fang Chen",
      "time": "2016年03月11日 03:56",
      "content": "<p>曾先生您好, 本人是中醫大中醫所博二班代(中醫系出身),<br/>\n實務面上來說, 李醫師的研究所演講 您可用個人身分進入,<br/>\n當然學校有學校的規定, 所以無法回覆特定網域的信件…<br/>\n(反而是大學部的學弟妹講座, 比較屬於閉門會議)</p>\n<p>歡迎您一同來參與李醫師的演講. 當天到可找我<br/>\n(FB: 陳麒方)</p>",
      "level": 0,
      "highlight": false,
      "children": []
    }
  ],
  "page": 46,
  "order": 4
}