{
  "article_url": "https://andylee.pro/wp/?p=5776",
  "title": "加拿大溫哥華 第三屆國際傳統醫學大會暨中醫大會",
  "content": "<figure class=\"wp-block-image\"><img alt=\"\" class=\"wp-image-5803\" decoding=\"async\" fetchpriority=\"high\" height=\"1024\" sizes=\"(max-width: 399px) 100vw, 399px\" src=\"https://andylee.pro/wp/wp-content/uploads/2019/06/mmexport1559454133889-399x1024.jpg\" srcset=\"https://andylee.pro/wp/wp-content/uploads/2019/06/mmexport1559454133889-399x1024.jpg 399w, https://andylee.pro/wp/wp-content/uploads/2019/06/mmexport1559454133889-117x300.jpg 117w, https://andylee.pro/wp/wp-content/uploads/2019/06/mmexport1559454133889-768x1970.jpg 768w\" width=\"399\"/></figure>\n<p>兩週前，在楊貞醫師的介紹下，答應加拿大整體醫學研究院的邀請，參加8月24～25日於溫哥華舉辦的第三屆國際傳統醫學大會暨中醫大會，給一場教學演講。主辦單位因為時間緊迫，急於公開宣傳，在我還沒有搞清楚細節的情況下，主辦單位已經直接在文宣上替我制定了簡介及演講題目。不過，主辦單位人員都是全職的醫療人士，挺辛苦的，平時忙著看診，下班後還得當義工來籌劃大會大大小小的事情，非常值得大家的體諒及支持。</p>\n<p>主辦單位把我安排在最後一場演講，我開玩笑地說，大會大概要我在曲終人散時殿後一下，幫忙整理會場。主辦單位解釋，與會的五六百人，大多是執業的中醫師，週末白天是他們最忙著看診的時候，前兩屆大會都是晚上參加人數最多的時段，這次也特別安排我演講三個小時，比其它專家們演講時間長許多，希望我能深入解說多一些真實病例。感謝主辦單位的看重，當然，這也可能只是主辦單位的客氣話，或許我還是得留下來幫忙收拾會場，莞爾！</p>\n<p><strong>第三届国际传统医学大会暨中医大会</strong></p>\n<p><strong>语言: </strong>中英双语同声翻译 <br/><strong>时间:</strong> 2019年8月24日(周六)-25日(周日)上午9点到晚上9点 <br/><strong>地点:</strong> Hilton Vancouver Metrotown, 6083 McKay Ave, Burnaby, BC V5H 2W7, Canada  <br/><strong>举办单位: </strong>Canadian Institute of Complementary and Alternative Medicine Research   <br/><strong>电话: </strong>1-604-6201908 <br/><strong>邮箱:</strong> cicamr.ca@gmail.com  <br/><strong>网站: </strong><a href=\"https://www.ictmhw.com\">https://www.ictmhw.com</a> <br/><strong>微信: </strong>qingcheng545445   </p>\n<p><strong>2019年8月24日(星期六) 活动详细议程 </strong></p>\n<p><strong>主会场 (Ballrooms A&amp;B) </strong></p>\n<p><strong>大会特邀演讲 </strong></p>\n<table class=\"wp-block-table\"><tbody><tr><td>\n\t\t\t\t\t\t\n\t\t\t\t\t\t\t\n\t\t\t\t\t\t\t\t时间\n\n\t\t\t\t\t\t\t\n\t\t\t\t\t\t\n\t\t\t\t\t</td><td>\n\t\t\t\t\t\t\n\t\t\t\t\t\t\t\n\t\t\t\t\t\t\t\t内容\n\n\t\t\t\t\t\t\t\n\t\t\t\t\t\t\n\t\t\t\t\t</td><td>\n\t\t\t\t\t\t\n\t\t\t\t\t\t\n\t\t\t\t\t\t\t\n\t\t\t\t\t\t\t\t负责者\n\n\t\t\t\t\t\t\t\n\t\t\t\t\t\t\n\t\t\t\t\t</td></tr><tr><td>09:00-11:00 </td><td>\n\t\t\t\t\t\t\n\t\t\t\t\t\t\t\n\t\t\t\t\t\t\t\t*1. 头针在临床治病方面的系统应用\n\n\t\t\t\t\t\t\t\n\t\t\t\t\t\t\n\t\t\t\t\t</td><td>焦顺发教授 </td></tr></tbody></table>\n<p><strong>开幕式 </strong></p>\n<table class=\"wp-block-table\"><tbody><tr><td>时间 </td><td>内容 </td><td>负责者 </td></tr><tr><td>11:00-11:05 </td><td>致开幕词 </td><td>王福麟教授 </td></tr><tr><td>11:05-11:25 </td><td>嘉宾致辞 <br/>世界中医药学会联合会创会副主席兼秘书长李振吉<br/>温哥华中领馆科技领事于海英<br/>加拿大资深中医代表曹宝琪等 </td><td>刘小宁医生 <br/>严庆萍医生 </td></tr><tr><td>11:25-11:30 </td><td>宣读贺信 </td><td>刘小宁医生 <br/>严庆萍医生 </td></tr></tbody></table>\n<p><strong>大会特邀演讲 </strong></p>\n<table class=\"wp-block-table\"><tbody><tr><td>主持人 </td><td></td><td>王福麟教授 </td></tr><tr><td>时间 </td><td>特邀演讲题目 </td><td>发言人 </td></tr><tr><td>11:30-12:30 </td><td>*1. 头针在临床治病方面的系统应用 </td><td>焦顺发教授 </td></tr><tr><td>12:30-13:15 </td><td>午餐及请教专家和看论文摘要展示 </td><td></td></tr><tr><td>13:15-15:45 </td><td>2. 针灸在临床整形美容减肥等方面的特殊方 法与技法 </td><td>崔兰英医生 </td></tr><tr><td>15:45-17:45 </td><td>3. 飞经走气针法及针气疗法治疗疑难杂症的 神奇效果 </td><td>吴泓德医生 </td></tr><tr><td>17:45-18:30 </td><td>晚餐及请教专家和看论文摘要展示 </td><td></td></tr><tr><td>18:30-21:00 </td><td>4. 中医舌诊在临床应用中的新思路和新方法 </td><td>熊旻利医生 </td></tr></tbody></table>\n<p>*:本届大会的主讲嘉宾\n</p>\n<p><strong>2019年8月25日(星期日) 活动详细议程 </strong></p>\n<p><strong>第一会场 (Ballroom A) </strong></p>\n<p><strong>大会特邀英文演讲 </strong></p>\n<table class=\"wp-block-table\"><tbody><tr><td>主持人 </td><td></td><td>王福麟教授 </td></tr><tr><td>时间 </td><td>特邀演讲题目 </td><td>发言人 </td></tr><tr><td>09:00-10:30 </td><td>1. 针灸揣穴和烧山火透天凉等补泻手法的临 床运用 </td><td>陆飚医生 </td></tr><tr><td>10:30-12:00 </td><td>2. 中医治疗情志及精神障碍等疾病方面的临床效果 </td><td>杨常青医生 </td></tr><tr><td>12:00-12:45 </td><td>午餐及请教专家和看论文摘要展示 </td><td></td></tr><tr><td>12:45-14:15 </td><td>3. 迷你刃针疗法临床应用的潜力与价值 </td><td>黄国健博士 </td></tr><tr><td>14:15-15:30 </td><td>4. 芳疗精油在針灸臨床的應用 </td><td>梅和詠医生 </td></tr><tr><td>15:30-16:45 </td><td>5. 临床肥胖症的埋线治疗技术分享 </td><td>Dr. Amir Hooman Kazemi </td></tr><tr><td>16:45-17:15 </td><td>闭幕式</td><td></td></tr><tr><td>17:15-18:00 </td><td>晚餐及请教专家和看论文摘要展示</td><td></td></tr><tr><td>18:00-19:00 </td><td>6. 飞经走气针法及针气疗法治疗疑难杂症的 神奇效果</td><td>吴泓德医生 </td></tr><tr><td>19:00-21:00 </td><td>7. 中医之道—针灵技法及针灸平脉现场演示</td><td>潘晓川教授 </td></tr></tbody></table>\n<p><strong>第二会场 (Ballroom B) </strong></p>\n<p><strong>大会特邀中文演讲 </strong></p>\n<table class=\"wp-block-table\"><tbody><tr><td>主持人 </td><td></td><td>王福麟教授 </td></tr><tr><td>时间 </td><td>特邀演讲题目 </td><td>发言人 </td></tr><tr><td>09:00-10:30 </td><td>1. 面部损美现象针灸治疗临床体会 </td><td>刘宁教授 </td></tr><tr><td>10:30-12:00 </td><td>2. 夏桂成老师治疗不孕症及其它妇科疑难杂症的临床思路和典型案例分享 </td><td>谈勇教授 </td></tr><tr><td>12:00-12:45 </td><td>午餐及请教专家和看论文摘要展示 </td><td></td></tr><tr><td>12:45-14:15 </td><td>3. 肿瘤的三级靶位诊断与针药结合靶向治疗 </td><td>刘金洪教授 </td></tr><tr><td>14:15-15:15 </td><td>4. 头针成功治疗儿童自闭症和其它疾病的临床经验分享 </td><td>史灵芝医生 </td></tr><tr><td>15:15-16:00 </td><td>5. 近视眼等眼科疾病的中医治疗 </td><td>王育良教授 </td></tr><tr><td>16:00-16:45 </td><td>6. 针灸治疗儿童抽动障碍等疾病的方法和技术 </td><td>袁秀丽教授 </td></tr><tr><td>16:45-17:15 </td><td>闭幕式</td><td></td></tr><tr><td>17:15-18:00 </td><td>晚餐及请教专家和看论文摘要展示 </td><td></td></tr><tr><td>18:00-21:00 </td><td>7. 当代中医泰斗倪海厦经方系统治疗重症、急症、特殊复杂性疾病临床实战分享</td><td>李宗恩医生 </td></tr></tbody></table>\n<p>*:上述活动日程会根据具体情况做适当调整\n</p>",
  "article_time": "2019年06月02日 11:50",
  "comments": [
    {
      "id": "bea2f66f35eaca831519ec9e74931bcc",
      "author": "Ferry瑞芳",
      "time": "2019年06月04日 06:13",
      "content": "<p>按常理来说，连续听了两天的会议，观众已经很疲惫了，晚上继续留下听讲的人应该是最少的</p>",
      "level": 0,
      "highlight": false,
      "children": [
        {
          "id": "2f0d11edf674521beed99613a5b30676",
          "author": "andy",
          "time": "2019年06月04日 19:49",
          "content": "<p>主辦單位說很多人不會參加全程，而是依照個人興趣及時間來選擇參與。</p>",
          "level": 1,
          "highlight": true,
          "children": [
            {
              "id": "895a7a73e37d0645c4ac1e2c998ffeab",
              "author": "Ferry瑞芳",
              "time": "2019年06月05日 17:43",
              "content": "<p>主板单位的话没有谱儿的，看看大会日程，17:15就已经是闭幕式了，很明显，这个时间和场次安排非常不合适，我个人建议李医师还是委婉拒绝参会吧，不要浪费自己的时间</p>",
              "level": 2,
              "highlight": false,
              "children": []
            }
          ]
        }
      ]
    },
    {
      "id": "7b9e0ba1656ce13e70b525ab123070f0",
      "author": "同路人",
      "time": "2019年06月06日 23:23",
      "content": "<p>李医师真幽默，感谢您胸怀若谷，不辞辛苦，给世界各地的中医学子送去中医经典智慧！今天看到一句话说的真好，“心无所缺便是富，被人需要便是贵”，很多时候有了平淡宽容无争的处事态度，事情都会变得简单。</p>",
      "level": 0,
      "highlight": false,
      "children": [
        {
          "id": "80dc6b2c9ed9c332f5dea781cecc135e",
          "author": "andy",
          "time": "2019年06月08日 08:41",
          "content": "<p>感謝你的支持與鼓勵！</p>",
          "level": 1,
          "highlight": true,
          "children": []
        }
      ]
    },
    {
      "id": "f382eabd26fa11c87d744a32f9c4b1c1",
      "author": "爱中医",
      "time": "2019年08月06日 07:26",
      "content": "<p>参加完会议能不能给大家再分享一次您的演讲，哪怕提纲也行，增强我们学习中医信心和动力，毕竟我们在大陆，都是纸上谈兵。</p>",
      "level": 0,
      "highlight": false,
      "children": [
        {
          "id": "804b2de9eded4e63be619fbce7e5cb4b",
          "author": "andy",
          "time": "2019年08月07日 13:01",
          "content": "<p>我盡量。</p>",
          "level": 1,
          "highlight": true,
          "children": []
        }
      ]
    }
  ],
  "page": 28,
  "order": 2,
  "filename": "data\\page27\\page27_order9_c5a7720a73d121cb1e4b99b15b919e0a.json"
}