{
  "article_url": "https://andylee.pro/wp/?p=7845",
  "title": "診所對抗新冠肺炎疫情的現況",
  "content": "<p>從一月下旬開始幫忙河南開封通許縣人民醫院對抗新冠肺炎，經過了許多繁忙緊張的白天與輾轉難眠的黑夜。除了幫助治療確診病人外，參與各方的討論，推展中醫治療新冠肺炎，也遇到及幫忙應付許多非醫學因素的阻力。到了二月底，中國疫情減緩，參與中國抗疫的時間與精力逐漸減少。本來以為可以輕鬆下來，沒想到才進入三月沒幾天，美國疫情開始大爆發。再過來的一個月，美國疫情越演越烈，到現在已經超過三十萬人感染，八千多位病患死亡，目前疫情也還沒有減緩的趨勢！</p>\n<p>許多病人及讀者問我，診所如何對抗美國的新冠肺炎疫情，那我們就來談談目前的情況。首先，雖然加州處於「居家避難」（Shelter in Place），診所為醫療機構，依然正常看診。舊金山灣區許多中小型診所都因為害怕被感染而停止看診，那我們會不會擔心？雖然疫情仍未結束，不敢說大話，然而，診所同仁及許多病人告訴我，他們覺得我們診所大概是最安全的地方！除了我們有治癒新冠肺炎重症的經驗，診所每天備有預防中藥茶，讓診所同仁和看診病人飲用，診所也準備了基本治療通方，讓病人及他們親友在來不及看診的情況下，先行服用來試圖減緩病情惡化。診所也嚴格消毒，從桌椅、門把、水龍頭、到所有可能碰到或沾到飛沫的東西，一天消毒好幾次，每間診間在上一位病人看診後，先進行診間消毒，再讓下一位病人看診。診所也有多台UV-C紫外線的空氣過濾機，UV-C紫外線可以破壞病毒RNA結構，達到消毒的作用。另一方面，面對中國全面停工及中美貨運幾乎停止，美國的中藥材存貨已經非常吃緊。診所未雨綢繆，早在一個月前開始大量購入中藥材。許多味重要的中藥材，各個中藥材進口商有多少存貨，我們就購入多少。一百多大箱的中藥材，堆積在診所藥房及走廊上，應該可以應付中藥材的需求好一陣子。</p>\n<p>我們如何為新冠肺炎症狀的病人看診？為了保護其他病人及診所同仁，更避免疫情的擴散，無論有沒有確診，有任何新冠肺炎症狀或任何疑慮的病人，一律改為視頻看診。診所已經為美國不同地方的許多病人遠程看診，目前療效很不錯，病例會慢慢整理出來討論，這裡我們先談談一位白人女士的病例。</p>\n<p>這位白人女士，40多歲，就住在舊金山灣區。病人自述她本來好好的，開車到超市買食物，買完後推著購物車往停車位置走，突然覺得呼吸困難，身體無力，幾乎要倒在地上。她認知到情況的嚴重性，馬上去舊金山灣區Kaiser Permanente的大型西醫院看診。醫生檢查她後，告訴她幾乎可以確定是新冠肺炎，但Kaiser沒有足夠的核酸檢測盒，無法幫她檢測，而她也還沒有到「非常嚴重」，不能讓她住院，只能給她一些退燒藥、抗生素，要她回家自我隔離。病人回家後，全身無力，整天躺在床上，鼻腔被大量鼻涕痰飲完全阻塞住，不斷的咳嗽，胸口非常緊，呼吸困難，身體多處強烈刺痛，病人用「going through the hell（走進地獄）」來形容。在診所一位舊病人的推薦下，病人毫不猶豫的聯絡診所視頻看診。以我的經驗看來，明顯和美國季節性流感不同，幾乎不需要核酸檢測就知道是新冠肺炎，我依照她的症狀開方，方向還是如我之前文章討論的，以射干麻黃湯、大青龍湯等加減為主。</p>\n<p>這位病人服用中藥一天後回報，她說她的症狀開始緩解，咳嗽明顯減少，呼吸比較順暢，身體刺痛減少，讓她立即覺得中藥有效。不過，病人說她服用中藥後，有一種像喝太多咖啡的興奮感，她平時就對咖啡因很敏感，她問我中藥裡是不是有咖啡因。我跟她解釋，應該是中藥方中的麻黃造成她這樣的感覺，要她先改成每次服用半碗，暫時減少身體對麻黃的反應，等一兩天後再看情況調整。</p>\n<p>過了兩天，病人再次回報。她說中藥量減到半碗後，不到一天，病情馬上惡化。她說她不想死，管不了什麼像咖啡因過多的興奮感，她毅然決然恢復到每次服用中藥一碗，病情又再度好轉。自從病人視頻看診後，連續服用中藥不到一周，病人告訴我她康復了，所有症狀幾乎都消失了，精神好得很，只有偶而喉嚨有些癢癢的，但完全不礙事。她說她不會回去Kaiser Permanente的大型西醫院看診，那些醫生根本幫不了忙。另外，她特別聯絡了一位在紐約執業的白人中醫師，她說這位白人中醫師在中國學習中醫15年，以前幫她下針解決病痛都挺有效的，她要這位白人中醫師跟我學習如何治療新冠肺炎，讓他在紐約幫助新冠肺炎病患。這位白人中醫師已經來跟我請教，雖然我不確定他是不是真的理解我的解說，只要有中西醫願意學習經典中醫智慧，我都很樂意花時間教導他們。</p>\n<p>在這裡對Kaiser Permanente這家大型醫療系統再抱怨一些。另外一位病人，嚴重咳嗽很久，也到Kaiser Permanente的大型西醫院看診。看診的醫生擔心他是新冠肺炎，卻沒有核酸測試盒幫他檢測。不過，這位醫生「聽說」新冠病毒有一段RNA和愛滋病HIV病毒的一段RNA雷同，於是幫這位病人做HIV病毒檢測，希望這樣能確診！還好這位病人HIV病毒檢測結果為陰性，如果檢測結果為陽性，那麼病人到底是新冠肺炎呢？還是有愛滋病？這樣不但沒辦法解決病人的問題，反而大幅增加病人的心理負擔。開半個玩笑，病人回家後是不是要告訴太太：「醫生不確定我為什麼咳嗽，不過醫生要幫我檢查有沒有愛滋病」？</p>\n<p>（注：很多人留言或聯絡診所，詢問診所用的預防中藥茶為何。我之前文章及採訪解釋了許多，但為了大家方便，這裡是預防中藥茶配方：桂枝6克、白芍6克、乾薑6克、炙甘草6克、紅棗12克、白朮9克、茯苓9克、豬苓6克、澤瀉9克 – 9碗水大火煮成2碗，早晚各服用一碗。如果經濟負擔重，可以用此方煮成一小鍋藥茶，當成一天的茶飲，全家人隨意分著喝。另外，診所中藥材為高品質，如果買不到高品質的中藥材，藥材劑量得酌量增加。）</p>",
  "article_time": "2020年04月04日 20:30",
  "comments": [
    {
      "id": "95f125cea1d4f87e3a17128057fcc106",
      "author": "內經初學者",
      "time": "2020年04月04日 22:38",
      "content": "<p>李醫師：</p>\n<p>辛苦了！對你治療新冠的能力是有目共睹的. 但讓人擔心的是這新冠還要肆逆多久？也許在某一天， 當人們相信中醫能治新冠時，而中藥卻脫銷了。但願這是杞人憂天。</p>",
      "level": 0,
      "highlight": false,
      "children": [
        {
          "id": "4932d4cb8baa3633351185f22aadfc12",
          "author": "王佑舜Ong Eu Soon",
          "time": "2020年04月05日 10:01",
          "content": "<p>新冠肺炎即是傷寒症</p>",
          "level": 1,
          "highlight": false,
          "children": []
        }
      ]
    },
    {
      "id": "f82a44982a2dfd8fabc906f654681ba5",
      "author": "shawn",
      "time": "2020年04月05日 02:35",
      "content": "<p>很好的案例。感谢分享。<br/>\n好奇中医怎么看待咖啡因兴奋？有些人上午喝奶茶也会整晚睡不着，这是不是一种”病症”？</p>",
      "level": 0,
      "highlight": false,
      "children": [
        {
          "id": "358dfe680efa94c88a053b13c19218c0",
          "author": "王佑舜Ong Eu Soon",
          "time": "2020年04月05日 10:02",
          "content": "<p>拿一片甘草來嚼就沒事</p>",
          "level": 1,
          "highlight": false,
          "children": []
        },
        {
          "id": "4360c346247d2a38cfd8134d1814ccc8",
          "author": "李宗恩",
          "time": "2020年04月05日 21:15",
          "content": "<p>這不是一個「病」，是一個「症狀」。</p>",
          "level": 1,
          "highlight": true,
          "children": []
        }
      ]
    },
    {
      "id": "7045229429a9bf71bcf708e27eef1a1c",
      "author": "王佑舜Ong Eu Soon",
      "time": "2020年04月05日 06:33",
      "content": "<p>Preventive measures for Covid19 pandemic </p>\n<p>Prescription for preventive measures<br/>\nPrescription 1. This is the prescription use as preventive measure for those tested negative but working at the frontline, particularly the medical personnel.<br/>\n柴胡一钱 Bupleurum chinense 4g<br/>\n荆芥一钱  Nepeta cataria L 4g<br/>\n半夏一钱  Pinellia ternata 4 g<br/>\n黄芩一钱 Scutellaria baicalensis 4g<br/>\n甘草一钱 Glycyrrhiza uralensis 4g<br/>\nBoil with one liter of water until left with half<br/>\nThe use of Bupleurum chinense and Nepeta cataria L are to dispel the viruses from the surface of skin.  The use of Pinellia ternata  is to get rid of phlegm. The use of  Scutellaria baicalensis is to reduce fever.  The use of Glycyrrhiza uralensis is to harmonize all the other herbs. </p>\n<p>Prescription 2. This prescription is for those tested positive with mild flu<br/>\n柴胡一钱 Bupleurum chinense 4g<br/>\n白芍一钱 Paeonia sterniana  4g<br/>\n茯苓一钱 Wolfiporia 4g<br/>\n甘草一钱 Glycyrrhiza uralensis 4g<br/>\n当归二钱 Angelica sinensis 8g<br/>\n麻黄一钱  Ephedra 4g<br/>\n桂枝一钱，RAMULUS CINNAMOMI 4g<br/>\n陈皮五分 PERICARPIUM CITRI RETICULATAE 2g<br/>\nBoil with one liter of water until left with half<br/>\nThe use of RAMULUS CINNAMOMI is to enhance the defense underneath the skin.<br/>\nThe use of Ephedra is to sweat the viruses out from the body<br/>\nBoth prescriptions are preventive measures taken from ancient text shishimilu 石室秘錄 at the following link:<br/>\n<a href=\"http://www.zysj.com.cn/lilunshuji/shishimilu/638-9-4.html\" rel=\"nofollow ugc\">http://www.zysj.com.cn/lilunshuji/shishimilu/638-9-4.html</a></p>\n<p>Next preventive measures are to stop mistreatment by western medicine.<br/>\nAny drugs that have the following side effects should be banned immediately :<br/>\n1) Nausea<br/>\n2) Vomiting<br/>\n3) Diarrhea<br/>\nAny drugs that caused diarrhea will allow the viruses to penetrate  the immune system of the body.  Once the viruses defeated the immune system,  patient will develop high fever which will cause inflammation of lung.  The body will rush to rescue by pumping water into the lung. Eventually it will cause excessive water in the lung. Patient will die of drowning.<br/>\nThe simple way to diagnose is by touching. Patients will feel pain on the chest or rib once being touch.<br/>\nThe following drugs are known to be used for treatment which have the side effects of diarrhea :<br/>\n1) Oseltamivir<br/>\n2) Lopinavir/ritonavir<br/>\n3) Moxifloxacin<br/>\n4) Ibuprofen<br/>\n5) Chroloquine<br/>\n6) Hydroxychloroquine<br/>\n7) Azithromycin<br/>\n8) Baifule<br/>\nThe other drug should be prohibited is Corticosteroid which might subpress the symptoms of diseases from appearing  on patients . The possible side effects is  Henoch-Schönlein purpura which can be deadly on mistreatment </p>\n<p>Final preventive measures for patients  with critical condition are to reduce death toll<br/>\nPrescription 1.  For patients who shown excessive sweating, sleepy when press slowly on the belly feel pain.<br/>\n人参（二两） ginseng 80g<br/>\n黄芪（三两） Astragalus 120 g<br/>\n当归（一两） Angelica sinensis 40 g<br/>\n熟地（二两） specially prepared Rehmannia 80 g<br/>\n甘草（三钱） Glycyrrhiza uralensis 12g<br/>\n白术（二两）Atractylodes macrocephala 80g<br/>\nBoil with five liter of water until left with one liter<br/>\nThis prescription will stop the patient from severe dehydration and dissipation of energy due to excessive sweating.<br/>\nPrescription 2: For patients with excessive sweating,  no more fever.  Stomach slightly pain but unable to lay down due to excessive water in the lung.<br/>\n杜仲（一钱） Eucommia ulmoides 4g<br/>\n山药（五钱） Dioscorea oppositifolia 20 g<br/>\n甘草（一钱）Glycyrrhiza uralensis 4g<br/>\n 茯苓（二钱） Wolfiporia 8 g<br/>\n芡实（三钱） Prickly Water Lily seed 12g<br/>\n人参（三钱） ginseng 12g<br/>\n肉桂（三分）Cinnamomum cassia 1g<br/>\n白术（五钱）Atractylodes macrocephala 20g<br/>\nBoil with 1.5 liter of water until left with 0.5 liter<br/>\nBoth prescriptions are  taken from ancient text bianzhenglu 辨證錄 at the following link:<br/>\n<a href=\"http://www.zysj.com.cn/lilunshuji/bianzhenglu/591-9-1.html\" rel=\"nofollow ugc\">http://www.zysj.com.cn/lilunshuji/bianzhenglu/591-9-1.html</a></p>\n<p>Prescription 3 : This is  for a special case as shown in the following videos :<br/>\n<a href=\"https://www.facebook.com/groups/2763772020374320/permalink/2851490598269128/\" rel=\"nofollow ugc\">https://www.facebook.com/groups/2763772020374320/permalink/2851490598269128/</a></p>\n<p><a href=\"https://www.facebook.com/groups/2763772020374320/permalink/2875607885857399/\" rel=\"nofollow ugc\">https://www.facebook.com/groups/2763772020374320/permalink/2875607885857399/</a><br/>\nThe patients normally have the following symptoms:<br/>\n1) Stare blankly<br/>\n2) Panting heavily<br/>\n3) Murmuring,  as if in delirium<br/>\nIf patient has all three symptoms the survival chance is not so optimistic<br/>\n人參 一兩 ginseng 40g<br/>\n麥冬一兩 Ophiopogon japonicus 40g<br/>\n             白芍一兩 Paeonia sterniana  40g<br/>\n石膏五錢。GYPSUM FIBROSUM 20g<br/>\n竹茹三錢。CAULIS BAMBUSAE IN TAENIA 12g</p>\n<p>Boil with 1.5 liter of water until left with 0.5 liter<br/>\nThis prescription is taken from ancient text  Shanghanlungangmu 傷寒論綱目 at the following link:</p>\n<p><a href=\"https://www.theqi.com/cmed/oldbook/book245/b245_09.html\" rel=\"nofollow ugc\">https://www.theqi.com/cmed/oldbook/book245/b245_09.html</a></p>\n<p>List of herbs needed to be import urgently<br/>\n柴胡 Bupleurum chinense<br/>\n荆芥  Nepeta cataria L<br/>\n半夏  Pinellia ternata<br/>\n黄芩 Scutellaria baicalensis<br/>\n甘草 Glycyrrhiza uralensis<br/>\n白芍 Paeonia sterniana<br/>\n茯苓 Wolfiporia<br/>\n当归 Angelica sinensis<br/>\n麻黄  Ephedra<br/>\n桂枝 RAMULUS CINNAMOMI<br/>\n陈皮 PERICARPIUM CITRI RETICULATAE<br/>\n人参 ginseng<br/>\n黄芪 Astragalus<br/>\n熟地specially prepared Rehmannia<br/>\n白术Atractylodes macrocephala<br/>\n杜仲Eucommia ulmoides<br/>\n山药 Dioscorea oppositifolia<br/>\n芡实 Prickly Water Lily seed<br/>\n肉桂Cinnamomum cassia<br/>\n麥冬 Ophiopogon japonicus<br/>\n石膏GYPSUM FIBROSUM<br/>\n竹茹CAULIS BAMBUSAE IN TAENIA</p>",
      "level": 0,
      "highlight": false,
      "children": []
    },
    {
      "id": "9f332bf0b8d638c26ad784dcb63050f2",
      "author": "可爱",
      "time": "2020年04月05日 16:37",
      "content": "<p>美国疫情迅速发展，请问能在美国推出像中国的清肺排毒汤一样的治疗方案吗？</p>",
      "level": 0,
      "highlight": false,
      "children": [
        {
          "id": "9e8d8dfeb9e78bf6ef9bd910aeb4aa5a",
          "author": "李宗恩",
          "time": "2020年04月05日 21:23",
          "content": "<p>我們比國家中醫藥管理局更早提出治療方向，譬如使用射干麻黃湯、大青龍湯等等加減，「清肺排毒湯」是在通許縣人民醫院確診病人證實康復後推出試點的。診所有設計自己的「基本治療通方」，藥性比「清肺排毒湯」強一些，讓來不及看診的病人先行服用，試圖減緩病情發展，目前治療效果很不錯。</p>",
          "level": 1,
          "highlight": true,
          "children": [
            {
              "id": "b86fc20f75cc7a96db66eb4ff260d51f",
              "author": "ivy",
              "time": "2020年04月06日 18:28",
              "content": "<p>请问这个治疗方案的中药 能从贵诊所购买吗？谢谢</p>",
              "level": 2,
              "highlight": false,
              "children": [
                {
                  "id": "4510a18fb393549ecfbe6ca9429c5902",
                  "author": "李宗恩",
                  "time": "2020年04月07日 10:49",
                  "content": "<p>可以，請和診所直接連絡。</p>",
                  "level": 3,
                  "highlight": true,
                  "children": []
                }
              ]
            },
            {
              "id": "c034dcd0a6f05a842e39bd73e38409c5",
              "author": "顺应自然",
              "time": "2020年04月08日 02:27",
              "content": "<p>不好吸气倪师说肾不纳气，金匮肾气，国内很多都是不好吸气</p>",
              "level": 2,
              "highlight": false,
              "children": [
                {
                  "id": "50d873c317d22b2535843dee243153f1",
                  "author": "李宗恩",
                  "time": "2020年04月08日 08:13",
                  "content": "<p>並非「不好吸氣」就是「腎不納氣」。中醫認為，吸氣至少有兩個步驟，第一是氣進入肺家，第二是肺氣下降入腎。如果肺家都已經被痰飲阻隔了，就已經「不好吸氣」了。</p>",
                  "level": 3,
                  "highlight": true,
                  "children": []
                }
              ]
            }
          ]
        }
      ]
    },
    {
      "id": "7b33c881b0b4ae6b08baa82fe4103027",
      "author": "毛",
      "time": "2020年04月05日 18:53",
      "content": "<p>请问李大夫，这个预防的茶可以从贵诊所购买吗？</p>",
      "level": 0,
      "highlight": false,
      "children": [
        {
          "id": "b02c03ac033da3dcbdb2076b7d8414ca",
          "author": "李宗恩",
          "time": "2020年04月05日 21:23",
          "content": "<p>可以。</p>",
          "level": 1,
          "highlight": true,
          "children": []
        }
      ]
    },
    {
      "id": "fb937c766b0775271256d59ebeb20742",
      "author": "毛",
      "time": "2020年04月05日 19:49",
      "content": "<p>请问在美国，怎么在哪里可以买到你说的那个预防的中药啊？桂枝6克、白芍6克、乾薑6克、炙甘草6克、紅棗12克、白朮9克、茯苓9克、豬苓6克、澤瀉9克</p>",
      "level": 0,
      "highlight": false,
      "children": [
        {
          "id": "0d8733a7c0338ed737cc8d785e44bea8",
          "author": "李宗恩",
          "time": "2020年04月05日 21:24",
          "content": "<p>診所有包好的預防方。</p>",
          "level": 1,
          "highlight": true,
          "children": [
            {
              "id": "4f1f79c03f75923c6219789f35ed1665",
              "author": "毛菊",
              "time": "2020年04月06日 18:25",
              "content": "<p>请教李大夫，什么情况下需要喝预防方？还是最好留着备用？ 7岁小孩会比健康的大人抵抗力差吗？我猜也跟小孩自身的身体素质有关。我的担心是我的儿子的身体（他平时都跟美国人生活在一起，不跟我一起，饮食差，他的几乎所有牙齿都黑了，而且全部被钻和涂假涂层。）他每次见到我就说“妈妈，我害怕噩梦” 他被跟我分开2年了，本来4岁时，不尿床，现在已尿床2两年。</p>",
              "level": 2,
              "highlight": false,
              "children": [
                {
                  "id": "97df792befd088aaa438842b697a7b14",
                  "author": "李宗恩",
                  "time": "2020年04月07日 10:48",
                  "content": "<p>預防方試圖增加身體的抵抗能力，沒有感染及任何症狀時服用。基本治療通方才是擺在備用的，開始有症狀，卻有無法即即時連絡診所或來不及寄藥時，試圖避免病情加重。</p>",
                  "level": 3,
                  "highlight": true,
                  "children": []
                }
              ]
            }
          ]
        },
        {
          "id": "f5e805055c22b21c2cbde9b0d0defef3",
          "author": "sai",
          "time": "2020年04月06日 01:59",
          "content": "<p>请问李大夫，看到视频中贵诊所似乎用的是不锈钢的电子煎药锅，因为砂锅容易糊底，一般家里是否也可以用不锈钢电子煎药锅呢？</p>",
          "level": 1,
          "highlight": false,
          "children": [
            {
              "id": "4eb52ab08d67eb23c0a6d8f1e7e78751",
              "author": "李宗恩",
              "time": "2020年04月06日 14:29",
              "content": "<p>建議使用Stainless Steel 304或更好的不鏽鋼材質的鍋子煮藥。</p>",
              "level": 2,
              "highlight": true,
              "children": []
            }
          ]
        }
      ]
    },
    {
      "id": "929f2a6005abe8b039c4f91c40a1bea3",
      "author": "叶建城",
      "time": "2020年04月05日 23:47",
      "content": "<p>大爱</p>",
      "level": 0,
      "highlight": false,
      "children": []
    },
    {
      "id": "0765e921fc51e8255780f06734f0f694",
      "author": "Frank",
      "time": "2020年04月06日 02:21",
      "content": "<p>請問李醫師, 一碗水精確一點來說是200 c.c. 嗎?</p>",
      "level": 0,
      "highlight": false,
      "children": [
        {
          "id": "33ddb34003f59a9c2272bbfc9dd030a0",
          "author": "李宗恩",
          "time": "2020年04月06日 14:31",
          "content": "<p>診所使用美國標準「1 cup」= 8 fluid oz = 237 c.c., 不過，不用那麼精準。</p>",
          "level": 1,
          "highlight": true,
          "children": []
        }
      ]
    },
    {
      "id": "977f909dd5ef19d8ab160b102cc9e68c",
      "author": "明遠",
      "time": "2020年04月06日 11:30",
      "content": "<p>李醫師 您好:</p>\n<p>病人痰水(清)很多，服用射干麻黃湯加葶藶子一碗後，持續發汗10小時才停止，然後全身顫抖非常冷，再服用人蔘四逆湯(用黨蔘)一碗加電熱毯溫敷後，不再發冷，痰水有少一些，但小便非常黃。<br/>\n想請教:<br/>\n發汗太過，處方該如何調整?如果原方每次減量服用，例如1/3碗，這樣是否可以?</p>\n<p>謝謝!</p>",
      "level": 0,
      "highlight": false,
      "children": [
        {
          "id": "a147d0fd48d3784bee4bf0fe17f3a247",
          "author": "李宗恩",
          "time": "2020年04月06日 14:37",
          "content": "<p>我不知道細節，無法評論，只能說你可能沒有辨證清楚，劑量也可能有問題。如果沒有什麼經驗使用射干麻黃湯、葶藶子等等，不要自己看診，得找有經驗的中醫師。</p>",
          "level": 1,
          "highlight": true,
          "children": []
        },
        {
          "id": "6c0343a45c991aad5285158b9572a0ab",
          "author": "shawn",
          "time": "2020年04月07日 01:27",
          "content": "<p>我想問下，你這個case的麻黃平均一碗藥折合多少克麻黃劑量？</p>\n<p>我一般以12克為基準上下調整，無論是分成2碗3碗，對一般人來說是相當安全的。12克來論我的經驗是大致相當於書中的三錢。<br/>\n當然你這個情況不排除非對症情況的問題。好奇你到底用了多大劑量。</p>",
          "level": 1,
          "highlight": false,
          "children": []
        }
      ]
    },
    {
      "id": "4178ddc74c93b6ef4c2c82407a618218",
      "author": "Jingyan Xu",
      "time": "2020年04月06日 13:34",
      "content": "<p>李醫師 您好:</p>\n<p>你们诊所有麝香矾石散吗？你们给寄吗?</p>\n<p>谢谢！</p>\n<p>Jingyan</p>",
      "level": 0,
      "highlight": false,
      "children": [
        {
          "id": "9e9c126ea8ff1babc4b7513a30f2abbc",
          "author": "李宗恩",
          "time": "2020年04月06日 14:38",
          "content": "<p>除非情況特殊，診所不賣藥材給非診所病人，另外，麝香在美國是違法的，保護動物法規。</p>",
          "level": 1,
          "highlight": true,
          "children": []
        },
        {
          "id": "15775186483d1177f3910efee9e8c59d",
          "author": "gordon",
          "time": "2020年04月09日 09:19",
          "content": "<p>@Jingyan Xu  你可以自己做。 我自己按50:1的比例配置出来的麝香矾石散，使用起来效果挺好（治疗伤口流血等），中耳炎还没有机会试。</p>",
          "level": 1,
          "highlight": false,
          "children": [
            {
              "id": "02ed721a85332e4854cbea42013dbfe5",
              "author": "Jingyan Xu",
              "time": "2020年04月12日 19:53",
              "content": "<p>gordon 您好：<br/>\n谢谢您的热心回答。<br/>\n但在美国哪里能买到麝香？</p>\n<p>谢谢！</p>\n<p>Jingyan</p>",
              "level": 2,
              "highlight": false,
              "children": []
            }
          ]
        }
      ]
    },
    {
      "id": "2de02d09b14d378bcb1ae164dc7d4311",
      "author": "Oboe",
      "time": "2020年04月06日 16:19",
      "content": "<p>多谢李医师。大家也保重。</p>",
      "level": 0,
      "highlight": false,
      "children": []
    },
    {
      "id": "b3b08aa1a41aa3e85fcb77a80f9be963",
      "author": "趙建發",
      "time": "2020年04月06日 22:24",
      "content": "<p>shawn  請看一下以下文章就知為何會如此<br/>\n 睡眠障礙、夜尿、頻尿和含有咖啡因的飲品有關嗎？<br/>\n<a href=\"https://chao.nidbox.com/diary/read/9789163\" rel=\"nofollow ugc\">https://chao.nidbox.com/diary/read/9789163</a></p>",
      "level": 0,
      "highlight": false,
      "children": []
    },
    {
      "id": "2a2f43031e6dd6896e7a05fbb874740d",
      "author": "shawn",
      "time": "2020年04月07日 01:30",
      "content": "<p>其實我個人比較偏向於覺得這咖啡因類敏感是虛症。</p>",
      "level": 0,
      "highlight": false,
      "children": [
        {
          "id": "a9e44578b696c7862f0206bff00f4426",
          "author": "趙建發",
          "time": "2020年04月07日 18:28",
          "content": "<p>以上的文章就是只虛症</p>",
          "level": 1,
          "highlight": false,
          "children": []
        }
      ]
    },
    {
      "id": "04f86305c4bd9d76566f90b8d4ec6212",
      "author": "wang",
      "time": "2020年04月07日 06:25",
      "content": "<p>感谢李医师的分享，我把您诊所的信息分享到家长群里了。我最近也是挺担心您诊所药的储备，看您分享后，放心很多，另外咨询您，我女儿从诊所拿了10付预防方，若喝完后，还用不用继续喝预防方，十分感谢您。</p>",
      "level": 0,
      "highlight": false,
      "children": [
        {
          "id": "a93a5cb094774226430b728809a86a98",
          "author": "李宗恩",
          "time": "2020年04月07日 10:51",
          "content": "<p>預防方不是治療，只是試圖增加人體的抵抗力，理論上而言，得持續服用，但考量經濟及各種現實問題，可以自己斟酌跳著服用。</p>",
          "level": 1,
          "highlight": true,
          "children": []
        }
      ]
    },
    {
      "id": "103fb95e9a5e19a893611394661f3ad4",
      "author": "趙建發",
      "time": "2020年04月07日 18:29",
      "content": "<p>以上的文章就是指虛症</p>",
      "level": 0,
      "highlight": false,
      "children": []
    },
    {
      "id": "2a414b80592025a7ef4b05433957435b",
      "author": "铁蛋",
      "time": "2020年05月07日 06:06",
      "content": "<p>李宗恩李大夫你这里能視頻看診啊？我在中国大陆浙江嘉兴能预约视频看诊吗？</p>",
      "level": 0,
      "highlight": false,
      "children": []
    },
    {
      "id": "61b13bc07b0fdff9a2afc28a04e37755",
      "author": "樺",
      "time": "2021年07月27日 12:43",
      "content": "<p>請問李醫師預防中藥茶當茶飲需要煮多久?</p>",
      "level": 0,
      "highlight": false,
      "children": [
        {
          "id": "407b6e657c73ff3eb84097293baadaf0",
          "author": "李宗恩",
          "time": "2021年08月01日 17:40",
          "content": "<p>一個小時就足夠了。</p>",
          "level": 1,
          "highlight": true,
          "children": [
            {
              "id": "7c109168545287e32d6b35b837365d63",
              "author": "樺",
              "time": "2021年09月07日 20:31",
              "content": "<p>請問李醫師預防中藥茶小孩也可當茶飲嗎？</p>",
              "level": 2,
              "highlight": false,
              "children": [
                {
                  "id": "5c0d6b34e65040329aae6ecb0985b293",
                  "author": "李宗恩",
                  "time": "2021年09月07日 20:32",
                  "content": "<p>如果沒有特殊健康問題，可以。</p>",
                  "level": 3,
                  "highlight": true,
                  "children": [
                    {
                      "id": "08e1c52ae4876fdf349fe27309533399",
                      "author": "樺",
                      "time": "2021年09月23日 16:02",
                      "content": "<p>請問李醫師在什麼情況下應該停止飲用預防中藥茶?</p>",
                      "level": 4,
                      "highlight": false,
                      "children": []
                    },
                    {
                      "id": "ae593a170758a12d869d9219795264b2",
                      "author": "李宗恩",
                      "time": "2021年09月23日 16:06",
                      "content": "<p>有不舒服就得停。</p>",
                      "level": 4,
                      "highlight": true,
                      "children": []
                    }
                  ]
                }
              ]
            }
          ]
        }
      ]
    },
    {
      "id": "ec48c438c27223d925b95b6ec0ea9360",
      "author": "慕中",
      "time": "2021年10月02日 06:59",
      "content": "<p><a href=\"https://www.storm.mg/lifestyle/3961911請問李醫師\" rel=\"nofollow ugc\">https://www.storm.mg/lifestyle/3961911請問李醫師</a> 裡面提到的失智之黄昏症候群 在中醫理論中是否有類似的說法 比方太陽病好發在白天之類的</p>",
      "level": 0,
      "highlight": false,
      "children": [
        {
          "id": "916b66eeca9089eea5331a26727285e2",
          "author": "李宗恩",
          "time": "2021年10月02日 20:01",
          "content": "<p>並不是每位失智症病患都有類似的症狀表現，因此不能簡單的推論，有許多可能的原因，譬如傍晚時陽氣要逐漸內收，陰虛無法收藏陽氣，陽氣反逆，造成病人焦躁、易怒等等。</p>",
          "level": 1,
          "highlight": true,
          "children": [
            {
              "id": "c9076c95536c0de066e901b7711b63c9",
              "author": "慕中",
              "time": "2021年10月03日 01:26",
              "content": "<p>謝謝您的提示。是的,總是要考慮個體的差異,不能一概而論。</p>",
              "level": 2,
              "highlight": false,
              "children": []
            }
          ]
        }
      ]
    },
    {
      "id": "737be8b0585ca838e85a5f65f630d971",
      "author": "arren49",
      "time": "2021年12月02日 03:53",
      "content": "<p>李博士你好：<br/>\n    一个老年人（60多岁）患有类风湿性关节炎（医院诊断）全身关节疼痛，且关节屈伸困难，指关节肿大，血压有些高，在服用降压药，脉有些数，一息6至，手有些不由自主的抖动，其它无明显症状，按倪师的方法：桂枝汤+乌头蜜，给一个患者服用近两个月了，前一个多月效果非常好，疼痛几乎全去了，只有两三个地方还有些疼，但近十几天患者觉得又严重了，疼痛加剧。请问会是什么方面的原因呢？我在中国大陆北方，现在是冬季，刚开始服用时是秋未，如果方便的话请给给予指导。</p>",
      "level": 0,
      "highlight": false,
      "children": [
        {
          "id": "c631c6d88ac1b1110ddf9f9a38283dd8",
          "author": "李宗恩",
          "time": "2021年12月07日 09:17",
          "content": "<p>有許多可能的原因，譬如沒有適當的祛濕、病人血虛下强心效果有限等等，並不是看到關節炎就只想到桂枝湯加烏頭蜜，得深入了解病人整體的問題。</p>",
          "level": 1,
          "highlight": true,
          "children": []
        }
      ]
    },
    {
      "id": "d3ba879ca1a7527cb139a26f9b10f5c3",
      "author": "樺",
      "time": "2021年12月08日 21:31",
      "content": "<p>請問李醫師小孩有便秘情況可以喝中藥預防茶嗎？</p>",
      "level": 0,
      "highlight": false,
      "children": [
        {
          "id": "a09519b84a02bb39a4c6210ab00eaf22",
          "author": "李宗恩",
          "time": "2021年12月19日 16:00",
          "content": "<p>這得了解為什麼會便秘才能知道。</p>",
          "level": 1,
          "highlight": true,
          "children": []
        }
      ]
    },
    {
      "id": "6d281cb392f7586e26e0ba49fc359c10",
      "author": "文庆",
      "time": "2022年05月03日 22:16",
      "content": "<p>预防胜于治疗。李医师可以和大家分享一些以中医保健的心得吗？<br/>\n谢谢。感恩。</p>",
      "level": 0,
      "highlight": false,
      "children": []
    },
    {
      "id": "400b60e51249d68c7a7f524c69424068",
      "author": "中医初学者",
      "time": "2022年09月25日 01:08",
      "content": "<p>李医师，您好，看到您说贵所采用的均为的高品质的中药材，请问如何购得高品质的中药材呢，您有靠谱的的渠道推荐吗</p>",
      "level": 0,
      "highlight": false,
      "children": [
        {
          "id": "6e883fc8731dfad92e625312685d2af7",
          "author": "李宗恩",
          "time": "2022年10月04日 09:23",
          "content": "<p>我們的中藥材是美國進口商負責的，並非我們自己尋找貨源。</p>",
          "level": 1,
          "highlight": true,
          "children": []
        }
      ]
    },
    {
      "id": "a737f8b61ccbc41b672b276b1d813746",
      "author": "慎独",
      "time": "2022年11月24日 06:54",
      "content": "<p>李老师您好！可不可以公布您的治疗通方呀？我们现在一波未平一波又起，总是有疫情出现，好害怕被感染，感恩您！</p>",
      "level": 0,
      "highlight": false,
      "children": [
        {
          "id": "4cf9f9d37331ed338a21d15e3dc19297",
          "author": "李宗恩",
          "time": "2022年11月24日 11:53",
          "content": "<p>我很早就已經在這裡討論過了，你可以搜尋一下。</p>",
          "level": 1,
          "highlight": true,
          "children": []
        }
      ]
    }
  ],
  "page": 20,
  "order": 1,
  "filename": "data\\page19\\page19_order10_c034dcd0a6f05a842e39bd73e38409c5.json"
}