{
  "article_url": "https://andylee.pro/wp/?p=10653",
  "title": "一個遠程急診病例",
  "content": "<p>這位65歲的女士，是住在河南、診所舊病人的母親。15年前子宮頸癌，手術切除子宮，並化療及放療。根據病人女兒的陳述，放療損傷了膀胱及輸尿管，後來出現膀胱出血、 輸尿管硬化、腎臟積水等等。五年前爲了排放腎臟積水，裝了導腎水管，每一年得換新一次。今年上半年，又查出有膽結石、闌尾炎、敗血症等，到醫院來來回回治療多次。簡單而言，這位女士有很多長久的健康問題，隨著年紀增長，問題越來越複雜。</p>\n<p>一個月前， 這位女士肚子嚴重疼痛、嘔吐、嚴重乾嘔 、胸肋脹痛嚴重、發燒、休克。緊急住院檢查，發現尿道感染嚴重，住院十天治療，症狀好轉後出院。回到家一周左右，精神很差，右腰疼痛，發燒不退，胃部再度脹痛。醫生給予消炎藥及胃藥，效果不彰。病人非常難受，胸肋下方連成一整個區域脹痛嚴重，全身發燒無力，小便量很少，病人吃不下睡不着，整天抱著肚子躺在床上哀嚎。</p>\n<p>病人女兒趕忙來函請診所安排急診。一般情況下，診所行程繁忙，即使是舊病人或家屬，安排急診也可能得等三四周，那天正好有其他病人調整時間，診所也來不及聯絡其他等候提前看診的病人們，因此幫這位病人直接安插進來。</p>\n<p>説真的，我還挺頭大的，視訊時不僅僅病人痛到講不出幾句話，病人因爲痛得受不了，變得很急躁、不耐煩、發怒，而在旁邊的兩位女兒也一問三不知、陳述顛三倒四，一下說是導尿管，一下又說是導腎水管，一下説是膀胱不適，一下又說是肝膽脾胰疼痛。 不過，同一個問題重複問幾次，還是可以聽得出其中的來龍去脈。基本上病人有兩大區塊的問題，一個是腎臟、膀胱及該區域的運化，另一個是肝膽脾胰的相互運作。然而，急診時必須緊急處理最關鍵的問題，不能什麽都想一次解決，不然什麽都解決不了。</p>\n<p>這次的用藥其實很簡單，豬苓湯加減：豬苓、茯苓、澤瀉、滑石、桂枝、白朮、生半夏、生薑、阿膠，也就是以腎臟及膀胱爲主，我認爲那才是病人這次的主要問題，雖然肝膽脾胰連成一整區的疼痛，那反而是次要的問題。而既然是豬苓湯加減， 豬苓的劑量自然得大一些。</p>\n<p>病人服用中藥兩天後，我很快在視訊上簡短了解一下病人的情況。這位65歲的女士好像變了一個人，慈眉善目，開開心心坐在床上和我視訊。她說好轉很多，不發燒了，精神恢復了，小便量增加，昨天肝膽脾胰還有一些疼痛，今天完全不痛了。 </p>\n<p>這裡有個癥結，細心的讀者可能會發現一個問題，不是說先專注在<meta charset=\"utf-8\"/>腎和膀胱嗎？使用的豬苓湯加減也是以通利下焦水道為治療方向，為什麼<meta charset=\"utf-8\"/>肝膽脾胰連成一條的嚴重疼痛也很快消失了？</p>\n<p>或許有些讀者會用「水生木」來解釋，我不是很喜歡這樣形而上、抽象的解釋，這樣的解釋並沒有說清楚水是如何生木的，沒有讓人明瞭發生了什麼事情而改變了<meta charset=\"utf-8\"/>肝膽脾胰，也無法說明這裡為什麼不使用補腎陰、<meta charset=\"utf-8\"/>強腎陽的中藥來<meta charset=\"utf-8\"/>「水生木」等等，空然讓中醫的解釋變得虛無縹緲，有說等於沒有說。</p>\n<p>其實，這個道理很簡單，也不<meta charset=\"utf-8\"/>形而上。以前我們簡短討論過中醫生理學如何看待身體內部水的循環，膀胱內的水，受小腸的熱力再度蒸化，好比製酒的「二鍋頭」。正常情況下，這水氣會從膀胱上行入肝。當病人<meta charset=\"utf-8\"/>腎和膀胱有問題時，沒有足夠的水氣運化上行入肝，肝的運作受到影響，無法正常分泌膽汁，導致病人原本有的膽結石、膽囊炎惡化，使得病人左右兩肋下方連成一整條的嚴重疼痛。而病人服用<meta charset=\"utf-8\"/>豬苓湯加減後，<meta charset=\"utf-8\"/>腎和膀胱的問題得以緩解，<meta charset=\"utf-8\"/>水氣再度<meta charset=\"utf-8\"/>從膀胱上行入肝，<meta charset=\"utf-8\"/>肝膽脾胰的問題因而緩解。</p>\n<p>換句話說，急診成功、病人痛苦的症狀去掉了，並不代表病人治癒了。這位病人除了得繼續改善腎家外，我們至少還得找個適合的時間來好好清她的肝膽，把她長期的膽結石、膽囊炎治好，不然就像走在懸崖邊上，一個風吹草動又掉到<meta charset=\"utf-8\"/>懸崖下了。</p>\n<p></p>\n<p></p>",
  "article_time": "2021年10月04日 19:51",
  "comments": [
    {
      "id": "f37ca224c0465fd7f2dbf07897d1d6c2",
      "author": "秦嗷嗷",
      "time": "2021年10月05日 04:38",
      "content": "<p>李医师您好！对中医生理病理学还不太了解的我，想问一下，“這位病人除了得繼續改善腎家外，我們至少還得找個適合的時間來好好清她的肝膽，把她長期的膽結石、膽囊炎治好，不然就像走在懸崖邊上，一個風吹草動又掉到懸崖下了。”，为啥这里肝胆问题对这位病人的情况来说这么重要吖？</p>",
      "level": 0,
      "highlight": false,
      "children": [
        {
          "id": "7936466a27f8607200446d0ddbc1cb8c",
          "author": "ET",
          "time": "2021年10月07日 18:31",
          "content": "<p>这次的治疗只是暂时缓解了她的肝胆问题，还没正式处理肝胆的问题。这个病人已经有“肝膽脾胰的問題”,木克土就会使脾出问题，不能好好吸收输布营养，反过来就影响肝得不到营养，形成恶性循环，迟早要出问题。</p>\n<p>李医师写这篇文章是要教导学生不要看到一大堆严重的症状就觉得需要下重剂猛药，熟悉倪师的中医生理病理学也可以用简单的几味药四两拨千斤，尤其是急重症的时候一般都要药简力专。</p>\n<p>同学们如果对中医生理病理学不太了解，麻烦先把李医师整个网站读一两遍，里面有很多很好的教学。尤其是这里https://andylee.pro/wp/?page_id=1230。<br/>\n李医师是很忙碌的中医师，不是网红，无法在这里一一回答太过基础和无针对性的问题，谢谢。</p>",
          "level": 1,
          "highlight": false,
          "children": [
            {
              "id": "1bf77c3ef31bc595120871a1f35b6efd",
              "author": "秦嗷嗷",
              "time": "2021年10月09日 07:54",
              "content": "<p>好的好的</p>",
              "level": 2,
              "highlight": false,
              "children": []
            }
          ]
        },
        {
          "id": "4da184e2588028510fb89e2d6b4932cd",
          "author": "生",
          "time": "2021年10月09日 12:58",
          "content": "<p>肝和脾的关系，记得李医生讲过，胆结石导致胆囊容积变小，储存的胆汁不足以帮助消化食物，异常溢出的胆汁会刺激伤害消化道，即胆腑该藏不藏该泻不泻，造成呕吐恶心等脾胃症状。而且胆总管和胰管共同开口于十二指肠，胆石也可能堵塞此开口，导致胰腺发炎。</p>",
          "level": 1,
          "highlight": false,
          "children": [
            {
              "id": "c8ba5efedbb33ea21341cf75e7d478bd",
              "author": "秦嗷嗷",
              "time": "2021年10月10日 12:30",
              "content": "<p>哦哦，谢谢您！</p>",
              "level": 2,
              "highlight": false,
              "children": []
            }
          ]
        },
        {
          "id": "63cefb021a2a2fd68ea21aeb605d65ac",
          "author": "李宗恩",
          "time": "2021年10月18日 10:26",
          "content": "<p>任何内臟潛在的問題，都可能導致身體健康惡化。</p>",
          "level": 1,
          "highlight": true,
          "children": [
            {
              "id": "77e2d9c150f3c6234d174c3657c92b1f",
              "author": "秦嗷嗷",
              "time": "2021年10月20日 07:52",
              "content": "<p>好的！谢谢李老师咧！</p>",
              "level": 2,
              "highlight": false,
              "children": []
            }
          ]
        }
      ]
    },
    {
      "id": "4f4816297a76e13f1ec30fddaf95f40b",
      "author": "Mr. Simple",
      "time": "2021年10月07日 06:50",
      "content": "<p>李医生，能不能讲一下卵巢癌腹水怎么治啊？</p>",
      "level": 0,
      "highlight": false,
      "children": [
        {
          "id": "e2ba619d7a798d775053b8059c3ca450",
          "author": "李宗恩",
          "time": "2021年10月18日 10:26",
          "content": "<p>中醫看診不是依照單一症狀。</p>",
          "level": 1,
          "highlight": true,
          "children": []
        }
      ]
    },
    {
      "id": "ce061f0e033b3cf77216826260f3b0c1",
      "author": "carey",
      "time": "2021年10月12日 23:43",
      "content": "<p>ET您好， 见您回复中提到“经方集”这家店不错， 浏览了下是比很多网店靠谱，我也收藏了， 谢谢你的资讯，想再问下是否知道有卖天然的生硫磺的店铺吗？ 我找了不少都不能确定是不是天然的</p>",
      "level": 0,
      "highlight": false,
      "children": [
        {
          "id": "bf5ab14e592d0c5b33e9c7634c89c123",
          "author": "ET",
          "time": "2021年10月14日 02:13",
          "content": "<p>我也不是专家，也不会分辨是天然硫磺还是工业硫磺，也不知道是不是一定要天然的硫磺才有效果。我也常盼望李医师会多说一些用硫磺的方法，不过估计是不会网站上看到的了。<br/>\n话说回来，硫磺本身不溶于水，入汤剂不知会有什么效果。直接内服的话，报道过的最低致死量为0.17g/kg。所以不建议各位轻易尝试。</p>",
          "level": 1,
          "highlight": false,
          "children": []
        }
      ]
    },
    {
      "id": "e21eee50652009f612f55163bbf7f625",
      "author": "carey",
      "time": "2021年10月17日 20:06",
      "content": "<p>谢谢您的回复！ 服用硫磺肯定要医生的医嘱才可行，李医师在网站上稍微提过，言语不多， 我觉得对于重病患者可能会用到，当然一切要遵从医嘱。只是在中国很难买到天然硫磺。</p>",
      "level": 0,
      "highlight": false,
      "children": [
        {
          "id": "1d46fe1707af43288a0f8b8ec4869402",
          "author": "ET",
          "time": "2021年10月19日 03:20",
          "content": "<p>我最近从两家店买了两包备用，只是我也无法分辨是不是天然的。您有兴趣的话可以在某宝上搜索“硫黄饮片”，会比较容易找到，是饮片厂的出品。</p>",
          "level": 1,
          "highlight": false,
          "children": []
        }
      ]
    },
    {
      "id": "7138d27184fbb4d26ed76748582c81d8",
      "author": "Jack",
      "time": "2021年10月18日 16:47",
      "content": "<p>尊敬的李医师您好！请问平常为了保养和提高性能力可以泡些什么中药茶饮来喝呢？非常感谢！</p>",
      "level": 0,
      "highlight": false,
      "children": [
        {
          "id": "593c0870b0b96ca24bc159027cb5fab9",
          "author": "carey",
          "time": "2021年10月19日 22:51",
          "content": "<p>李医师好像比较反对什么保健茶对应什么症状的做法，人体是个整体， 建议你可以多看看blog的文章哦</p>",
          "level": 1,
          "highlight": false,
          "children": []
        },
        {
          "id": "5a01cefe889a0009e8c1ea388a16d164",
          "author": "李宗恩",
          "time": "2021年10月24日 14:11",
          "content": "<p>中醫辨證論治，不是平常服用什麼壯陽藥方。</p>",
          "level": 1,
          "highlight": true,
          "children": []
        }
      ]
    },
    {
      "id": "a02ea57f3f4eede55b9c9f5464b0fd12",
      "author": "carey",
      "time": "2021年10月19日 19:12",
      "content": "<p>谢谢您， 我也在某宝搜的中药饮片， 有家天猫店说是天然硫， 如果您需要我把店名给您。今天我们服用第二个疗程的药，药材和第一个疗程一样，第一次我在雷允上配的，这一次我特地去了您推荐的“经方集”配了药材，对比一下看看疗效如何，再次感谢您！</p>",
      "level": 0,
      "highlight": false,
      "children": [
        {
          "id": "eb4fd8cbcc9597cfc569905ba7271a57",
          "author": "ET",
          "time": "2021年10月20日 16:40",
          "content": "<p>您太客气了，希望您或您的家人早日康复。<br/>\n如果能找到好的药店在质量和炮制方面帮您把关是非常省心的事，花多一点钱也值得，毕竟是医病的药。<br/>\n传统上，新马港台过去都是大量进口中药材的地区。随着医疗的西药化、老中医的逝世、政府的无理管制等，慢慢的很多中药铺都关门了，造成很多宝贵的药材炮制经验的流失，很可惜。</p>",
          "level": 1,
          "highlight": false,
          "children": [
            {
              "id": "dcdc9e4abcc420b93eae1d8e0569953b",
              "author": "carey",
              "time": "2021年10月21日 12:16",
              "content": "<p>谢谢您的祝福~ 我跟您一样的感叹，加上自己曾经也在求医的路上遇到了不可挽回的错误，找对了中医这条路却找错了医生，但也发现璀璨的祖国医学走到今天的地步太可惜了。好的中医师 ，好的药材将会越来越稀缺了。 幸运的是这次遇见了李医师，所以更要找到好的药材来配合。<br/>\n真的希望国内的中医改革别再走弯路了，好好的造福子孙， 只是不知道什么时候能实现。。。看到上海中山医院造的那么的气宇恢弘，瑞金医院的后院一幢幢高楼正日夜赶工，正统的中医什么时候也能有如此的待遇那就离真正的复兴不远了。</p>",
              "level": 2,
              "highlight": false,
              "children": []
            }
          ]
        }
      ]
    },
    {
      "id": "6f844df32cbd7f4272560b8001a00351",
      "author": "闻",
      "time": "2021年10月19日 20:33",
      "content": "<p>李医生您好，我孩子癫痫在当地找了中医，吃中药近一年了，时好时坏，感觉倪师说的眼底鸡爪血丝越来越长也越来越多，想请教您这个血丝是什么原因引起的，跟医生反映了这个情况，他也说不明白。谢谢。</p>",
      "level": 0,
      "highlight": false,
      "children": [
        {
          "id": "93fbeeb8e04eee5b71397a9fdb40986c",
          "author": "李宗恩",
          "time": "2021年10月24日 14:12",
          "content": "<p>中醫不以單一症狀來辨證。</p>",
          "level": 1,
          "highlight": true,
          "children": []
        }
      ]
    },
    {
      "id": "23f852659af4f517284180b2b3f16b71",
      "author": "三",
      "time": "2021年10月23日 07:26",
      "content": "<p>李老师好，如果作为您的学生刚开始学习中医，您会分哪几个阶段去要求呢？每一个阶段需要达到什么样的理解再进下一个阶段?谢谢，今天听了老师经方和温病的录音，对古书有了不一样的理解，谢谢</p>",
      "level": 0,
      "highlight": false,
      "children": [
        {
          "id": "2a262e9048b103ed542a728dbd5aa2a9",
          "author": "李宗恩",
          "time": "2021年10月24日 14:15",
          "content": "<p>最好的方法是研讀倪海厦老師的人紀教學內容。</p>",
          "level": 1,
          "highlight": true,
          "children": []
        }
      ]
    },
    {
      "id": "7023bf98ec9c9bfaa69aa98e986736aa",
      "author": "送你座帆船",
      "time": "2023年09月13日 01:34",
      "content": "<p>所以有时候不要被条辩绑到，要了解深层含义，根据收集的症状去建立一个身体模型</p>",
      "level": 0,
      "highlight": false,
      "children": []
    }
  ],
  "page": 11,
  "order": 3
}