{
  "article_url": "https://andylee.pro/wp/?p=10509",
  "title": "Zoom 「中醫輕鬆談」視頻回放",
  "content": "<p>感謝主辦單位及主持人的錄影製作，七月中旬的Zoom網上講座「中醫輕鬆談」視頻已經上傳了，錯過當天講座的讀者們，可以在YouTube及CamelSchool（駝客學校）上觀看，中國大陸地區可以看得到駝客學校的視頻。</p>\n<p>YouTube：</p>\n<figure class=\"wp-block-embed is-type-video is-provider-youtube wp-block-embed-youtube wp-embed-aspect-16-9 wp-has-aspect-ratio\"><div class=\"wp-block-embed__wrapper\">\nhttps://youtu.be/B92Udb8pUZo\n</div></figure>\n<p> CamelSchool（駝客學校） ：</p>\n<figure class=\"wp-block-embed is-type-wp-embed is-provider-駝客學校 wp-block-embed-駝客學校\"><div class=\"wp-block-embed__wrapper\">\n<blockquote class=\"wp-embedded-content\" data-secret=\"kD01TxQk1v\"><a href=\"https://www.camelschool.com/dr-lee-20210718-2/\">中醫輕鬆談/建中38中醫社 – 李宗恩醫師(20210718)</a></blockquote><iframe class=\"wp-embedded-content\" data-secret=\"kD01TxQk1v\" frameborder=\"0\" height=\"282\" marginheight=\"0\" marginwidth=\"0\" sandbox=\"allow-scripts\" scrolling=\"no\" security=\"restricted\" src=\"https://www.camelschool.com/dr-lee-20210718-2/embed/#?secret=Dfme60iHOL#?secret=kD01TxQk1v\" style=\"position: absolute; clip: rect(1px, 1px, 1px, 1px);\" title=\"中醫輕鬆談/建中38中醫社 – 李宗恩醫師(20210718) — 駝客學校\" width=\"500\"></iframe>\n</div></figure>\n<p></p>\n<p></p>",
  "article_time": "2021年08月01日 08:25",
  "comments": [
    {
      "id": "ff2c2d58411690539c22b673fc98e988",
      "author": "中医轻松谈",
      "time": "2021年08月04日 08:40",
      "content": "<p>李老师：<br/>\n      您好，上次7月份的“中医轻松谈”，大陆这一边，怎么回看呀？进不了那个YouTube，网站打不开。之前没有用过。望李老师有空方便时告知。谢谢！</p>",
      "level": 0,
      "highlight": false,
      "children": [
        {
          "id": "4b42caf9453814d6aca4401475c482c6",
          "author": "中医轻松谈",
          "time": "2021年08月08日 12:30",
          "content": "<p>看到了，谢谢！</p>",
          "level": 1,
          "highlight": false,
          "children": []
        },
        {
          "id": "b22bf359c52d611dcdbb435aeb2760b9",
          "author": "李宗恩",
          "time": "2021年08月08日 22:29",
          "content": "<p><a href=\"https://www.camelschool.com/dr-lee-20210718-2/\" rel=\"nofollow ugc\">https://www.camelschool.com/dr-lee-20210718-2/</a></p>",
          "level": 1,
          "highlight": true,
          "children": []
        }
      ]
    },
    {
      "id": "beefead00afb22b84342a0021b933312",
      "author": "艸水平",
      "time": "2021年08月06日 03:01",
      "content": "<p>請問李醫師：中醫治療 “罕病 肌肉萎縮症”的看法<br/>\n下面網址是 肌肉萎縮症 的相關訊息<br/>\n<a href=\"https://www.facebook.com/groups/521997485809001/permalink/541092927232790/\" rel=\"nofollow ugc\">https://www.facebook.com/groups/521997485809001/permalink/541092927232790/</a></p>",
      "level": 0,
      "highlight": false,
      "children": [
        {
          "id": "eb4c6991248cec929aa8dab881d6b0da",
          "author": "李宗恩",
          "time": "2021年08月08日 22:33",
          "content": "<p>無法進入該頁面。</p>",
          "level": 1,
          "highlight": true,
          "children": [
            {
              "id": "6a7797d59bacece53f0e7e95460a807c",
              "author": "艸水平",
              "time": "2021年08月30日 14:48",
              "content": "<p>請李醫師點選下面 “肌萎症” 另一整個網址，中醫如何治療，謝謝<br/>\n<a href=\"https://m.facebook.com/forum.nhri/photos/a.1680151108981620/2873225496340836/?type=3&amp;source=48\" rel=\"nofollow ugc\">https://m.facebook.com/forum.nhri/photos/a.1680151108981620/2873225496340836/?type=3&amp;source=48</a></p>",
              "level": 2,
              "highlight": false,
              "children": []
            }
          ]
        }
      ]
    },
    {
      "id": "56892c37f5cf870c133f534a6641eb52",
      "author": "夜雨",
      "time": "2021年08月06日 08:28",
      "content": "<p>近期大陸長夏疫情，病患多表現出高熱、汗出、腹瀉、腹脹、身痛酸軟、頭暈、食慾不振、嘔逆或噁心、惡寒或不惡寒的症狀，而咳嗽的症狀反而較輕微，方劑應從哪方向考慮，不知李醫生有何看法，望賜教。</p>",
      "level": 0,
      "highlight": false,
      "children": [
        {
          "id": "1339e9681e4b78998fa63cdf8880de63",
          "author": "ET",
          "time": "2021年08月07日 06:23",
          "content": "<p>发熱、汗出、身痛：太阳病、桂枝汤证。<br/>\n腹泻、腹胀：已入阳明为太阳阳明合病：桂枝加葛根汤。<br/>\n有呕：加半夏。<br/>\n頭暈、食慾不振、嘔逆或噁心、惡寒或不惡寒：这不典型少阳病小柴胡汤证吗？<br/>\n其实食欲不振很难作为辨证点，毕竟生病的人都不想吃东西。有些人一发烧就头晕，也不能认为一定是小柴胡汤证。所以，临床还是要细心辨证。</p>",
          "level": 1,
          "highlight": false,
          "children": [
            {
              "id": "77e43c60e40dbd6de8a868bb9859da72",
              "author": "夜雨",
              "time": "2021年08月07日 22:45",
              "content": "<p>誠如所述，然而畢竟是氣溫較高的夏季，桂枝可用否？且據言，并無惡風，惡寒隨着高燒也開始變得不明顯。小柴胡證為必然，桂枝湯證據似乎不足。</p>",
              "level": 2,
              "highlight": false,
              "children": [
                {
                  "id": "0132a8baab9f6b1ae3dbb891fb451de0",
                  "author": "ET",
                  "time": "2021年08月09日 03:32",
                  "content": "<p>不好意思，我是依据有身痛辨为表证未解，有汗不用麻黄用桂枝。至于夏日用桂枝，我身处赤道，常年如夏，桂枝也是常用的。<br/>\n诚如李医师所说，本人仅是初学者，以上只当网上讨论，万勿以为据。</p>",
                  "level": 3,
                  "highlight": false,
                  "children": []
                }
              ]
            },
            {
              "id": "19d5f3b7a69556dcf64fedab2c578116",
              "author": "李宗恩",
              "time": "2021年08月08日 22:42",
              "content": "<p>中醫看診不是像這樣把簡單症狀對應到方劑，那只是初學者用以學習的招式，你這樣的解釋反而誤導他人。</p>",
              "level": 2,
              "highlight": true,
              "children": [
                {
                  "id": "d0931521cce2ee146e3963f2a8abb66e",
                  "author": "ET",
                  "time": "2021年08月09日 03:18",
                  "content": "<p>是的，明白。</p>",
                  "level": 3,
                  "highlight": false,
                  "children": []
                }
              ]
            },
            {
              "id": "037c1e7a0116f360ec1e5dfa2f0a57b0",
              "author": "夜雨",
              "time": "2021年08月10日 03:25",
              "content": "<p>感謝ET、李醫師的回復，中醫症狀似乎始終秘而不宣一般，偶爾只是在微信個人號中有流出。上面的症狀是人稱“德叔”的廣東知名中醫師微信介紹中得知，若加以夏季接種疫苗后一些個體的反應混合得出還可以加入口不渴，繼而口渴之類，描述亦不確切，只是隱隱感到這個病毒所導致的疾病，未必就該定義為“肺炎”，有着極為清晰的六經走向，至少能夠看出可能是太陰病，太陽陽明合病，少陽太陰合病之類。</p>",
              "level": 2,
              "highlight": false,
              "children": []
            }
          ]
        },
        {
          "id": "a39b05249b35c9a6676fb660d2febe0f",
          "author": "李宗恩",
          "time": "2021年08月08日 22:36",
          "content": "<p>如果只是些很單純的症狀，葛根湯、葛芩連湯等的方向比較符合，但這樣討論太粗淺，必須針對真的病例來討論。</p>",
          "level": 1,
          "highlight": true,
          "children": []
        }
      ]
    },
    {
      "id": "69546b7a4d14189ea4eb0d9de0eaf090",
      "author": "小宇",
      "time": "2021年08月07日 18:55",
      "content": "<p>李医生好！请教您，中医临床上心脏早搏，心肌肥大，心脏反流等是否会有不同症状？以及这些情况的病机又是怎样？</p>",
      "level": 0,
      "highlight": false,
      "children": [
        {
          "id": "a4603ff4dfa99f8e0e9eadd48e0a2f05",
          "author": "李宗恩",
          "time": "2021年08月08日 22:37",
          "content": "<p>你用西醫的病名來問中醫的問題，你應該反過來想想，臨床上病人有什麼中醫症狀表現。</p>",
          "level": 1,
          "highlight": true,
          "children": []
        }
      ]
    },
    {
      "id": "437563698d97c6e9dd791684f7ad7c21",
      "author": "艸水平",
      "time": "2021年08月30日 03:10",
      "content": "<p>李醫師您好！<br/>\n下面是肌萎症的另一網址<br/>\n請您點入，看中醫能否治療，謝謝<br/>\n<a href=\"https://m.facebook.com/forum.nhri/photos/a.1680151108981620/2873225496340836/?type=3&amp;source=48\" rel=\"nofollow ugc\">https://m.facebook.com/forum.nhri/photos/a.1680151108981620/2873225496340836/?type=3&amp;source=48</a></p>",
      "level": 0,
      "highlight": false,
      "children": [
        {
          "id": "41572cebe38d7ae2f1158aafa9bedf67",
          "author": "李宗恩",
          "time": "2021年09月07日 20:17",
          "content": "<p>中醫可以治療肌萎症，我網頁上也討論過一個病例，一般而言，肌萎症和脾臟極虛有很大的關連。</p>",
          "level": 1,
          "highlight": true,
          "children": []
        }
      ]
    }
  ],
  "page": 11,
  "order": 9
}