{
  "article_url": "https://andylee.pro/wp/?p=10580",
  "title": "樂天書城8/25一日66折",
  "content": "<p>收到樂天書城行銷的來函，新書《當張仲景遇上史丹佛》被選為8/25(週三)一日66折主打書，樂天書城希望我分享這個購書訊息給大家。</p>\n<p><strong>《當張仲景遇上史丹佛》8/25(三) 樂天書城一日66折</strong></p>\n<p><strong>購書連結：<a href=\"https://bit.ly/3D4Z6tZ\" rel=\"noreferrer noopener\" target=\"_blank\">https://bit.ly/3D4Z6tZ</a></strong></p>\n<p><strong>樂天書城簡介：</strong>樂天書城隸屬樂天市場(來自日本樂天集團)所營運的實體書網路購書商城，在台灣與金石堂合作。樂天書城官網為<a href=\"https://www.rakuten.com.tw/shop/rbook/\" rel=\"noreferrer noopener\" target=\"_blank\">https://www.rakuten.com.tw/shop/rbook/</a>。</p>",
  "article_time": "2021年08月23日 14:50",
  "comments": [
    {
      "id": "d3e2dd90ba6b97181038b5615ace520c",
      "author": "文凯",
      "time": "2021年08月24日 02:47",
      "content": "<p>去年新书刚出来，就找代购买了，写得很好，竖版繁体的刚开始还不适应，看习惯了也成。</p>",
      "level": 0,
      "highlight": false,
      "children": []
    },
    {
      "id": "8102bc36aab77ac1bf5718c7796379cd",
      "author": "生",
      "time": "2021年08月25日 12:03",
      "content": "<p>李老师好，我一直不明白脾约证的病机，脾约证的羊矢样大便是偏黑褐色的，即使通过药物保持1天1次大便后，粪便颜色仍然是黑色，这是为什么？</p>",
      "level": 0,
      "highlight": false,
      "children": [
        {
          "id": "f16938777d2e352056beccc863b06fa8",
          "author": "李宗恩",
          "time": "2021年08月25日 13:41",
          "content": "<p>一天一次大便，不代表消化系統正常，如果服藥後糞便依然黑色，代表問題仍未解決。</p>",
          "level": 1,
          "highlight": true,
          "children": []
        }
      ]
    },
    {
      "id": "ad4823c0fc69bf3c5b6de304db77a937",
      "author": "文凯",
      "time": "2021年08月27日 16:45",
      "content": "<p>李博士，他这个证是不光要考虑燥屎，还要考虑远端出血的问题吗？</p>",
      "level": 0,
      "highlight": false,
      "children": [
        {
          "id": "4f279f77c739e67f5c4d177b08435d19",
          "author": "李宗恩",
          "time": "2021年08月29日 12:25",
          "content": "<p>這得看病人有什麽症狀表現。</p>",
          "level": 1,
          "highlight": true,
          "children": []
        }
      ]
    },
    {
      "id": "0e5ad7c3491fc613b6f5f80450edac15",
      "author": "盖特",
      "time": "2021年08月31日 03:56",
      "content": "<p>据说解药出来了</p>",
      "level": 0,
      "highlight": false,
      "children": []
    },
    {
      "id": "7856dd722f7c86f382253fae3f60c871",
      "author": "君荷",
      "time": "2024年05月29日 07:33",
      "content": "<p>李老师您好！上面网友提问的脾约，倪师说心阳下移时，到了胃就没有继续往下了，导致胃火过大，制约了脾，脾不能提供津液给大肠小肠，所以出现燥矢。这么说，麻子仁丸应该也只是治标而已吧？如果不能解决胃火过大的问题，停药后不久可能还会复发。而胃火过大，背后的原因可能是中下焦寒湿阻隔心火下行，也可能是肝血虚导致发动机过热(多见于青少年）。不知道我的猜想对不对？请李老师指教！谢谢！</p>",
      "level": 0,
      "highlight": false,
      "children": [
        {
          "id": "7098ee4b59ef1574b5a628b79fc125e4",
          "author": "李宗恩",
          "time": "2024年06月05日 09:53",
          "content": "<p>基本思維是對的</p>",
          "level": 1,
          "highlight": true,
          "children": []
        }
      ]
    }
  ],
  "page": 11,
  "order": 6
}