{
  "article_url": "https://andylee.pro/wp/?p=10517",
  "title": "病情膠著的乳腺癌末期病例",
  "content": "<figure class=\"wp-block-image size-large\"><a href=\"https://andylee.pro/wp/wp-content/uploads/2021/08/mmexport1620773214866.jpg\"><img alt=\"\" class=\"wp-image-10512\" decoding=\"async\" fetchpriority=\"high\" height=\"1024\" sizes=\"(max-width: 768px) 100vw, 768px\" src=\"https://andylee.pro/wp/wp-content/uploads/2021/08/mmexport1620773214866-768x1024.jpg\" srcset=\"https://andylee.pro/wp/wp-content/uploads/2021/08/mmexport1620773214866-768x1024.jpg 768w, https://andylee.pro/wp/wp-content/uploads/2021/08/mmexport1620773214866-225x300.jpg 225w, https://andylee.pro/wp/wp-content/uploads/2021/08/mmexport1620773214866.jpg 1080w\" width=\"768\"/></a></figure>\n<figure class=\"wp-block-image size-large\"><a href=\"https://andylee.pro/wp/wp-content/uploads/2021/08/mmexport1628031430868.jpg\"><img alt=\"\" class=\"wp-image-10514\" decoding=\"async\" height=\"1024\" sizes=\"(max-width: 768px) 100vw, 768px\" src=\"https://andylee.pro/wp/wp-content/uploads/2021/08/mmexport1628031430868-768x1024.jpg\" srcset=\"https://andylee.pro/wp/wp-content/uploads/2021/08/mmexport1628031430868-768x1024.jpg 768w, https://andylee.pro/wp/wp-content/uploads/2021/08/mmexport1628031430868-225x300.jpg 225w, https://andylee.pro/wp/wp-content/uploads/2021/08/mmexport1628031430868.jpg 1080w\" width=\"768\"/></a></figure>\n<p>這裡是兩張惡性腫瘤冒出皮表潰爛流膿血的照片，讀者可以先比較兩張照片，有些感覺，再來聼我敘述這個病例。</p>\n<p>這是一位遠程看診的病人，將近兩年前發現左側乳房内有4cm的腫塊，非常硬，被西醫診斷為乳腺癌轉淋巴癌末期，病人不願意接受西醫治療，決定使用網上有人推薦的中藥藥膏在外面塗抹。根據病人陳述，一開始好像有些用處，就持續塗抹了一年，直到去年底明顯惡化，改看中醫及服用中藥來治療。很可惜，服用中藥的效果不佳，癌症腫瘤持續增大及蔓延，今年五月中旬找我看診。</p>\n<p>癌症末期，轉移身體各處，治療起來是件非常艱難棘手的事情，如果哪位中西醫打包票一定可以治愈，那絕對是騙人的，如果哪位中西醫不提醒病人治療的困難度，有意無意地誤導病人，那也是沒有醫德的。</p>\n<p>這位病人在五六月剛開始治療時，反應不錯，乳房腫塊外圍開始軟化，下陷的乳頭開始回升，左腋下腫塊縮小一些，腫塊最外層的腐肉開始剝落，膿血減少，傷口開始收斂。上面那兩張照片，第一張看起來嚴重的照片，是五月治療前照的，第二張腫塊明顯減小及收口的照片，是八月初照的。如果我們只比較這兩張照片，兩個多月來的治療效果似乎不錯。</p>\n<p>然而，病情沒有那麽單純，不然我們也不需要拿出來討論了。雖然左腋下最主要的那個惡性淋巴腫瘤明顯縮小，在其四周卻冒充了許多小的腫塊，這讓我非常困惑。</p>\n<p>有這樣相互衝突的症狀表現，我和病人討論可能的因素。病人告訴我，良好品質的中藥材確實不好買，譬如，她買的生硫磺，有人説是人工合成的，換個地方買，又有人說是劣質品，這讓她很困擾，當然也讓我很頭大。更讓我不解的是，病人仍一直使用外敷的中藥藥膏，而且病人解釋，每天得把那個中藥膏塗滿全身，擦抹一個多小時！</p>\n<p>我問病人，她以前這樣塗抹中藥藥膏一年多，腫瘤持續惡化，也讓她決定轉服用中藥，那爲什麽還要每天塗抹？病人表示網路上很多人說那個中藥藥膏治好了很多疾病，在外面已經流傳了幾十年，讓她誠心相信那個中藥藥膏的神效。</p>\n<p>聽到病人的解釋，我實在不知道該說什麽。我們無法確定這樣塗抹中藥藥膏會導致腫瘤惡化或轉移，但是，在中藥藥膏成分及確切作用不明下，這樣行爲為治療過程帶來無法評估的變數。同時，每天塗抹按摩身體一個多小時，雖然在物理性質上或許可以幫助水道運作，但其實是一種瀉法，長期使用反而會讓病人虛弱，並不適合極需要正氣的癌症末期病人。</p>\n<p>目前我還在想辦法幫助這位病人，然而，這樣膠著的病情再度突顯遠程看診的困難度，不但望聞問切的資料收集不足，中藥材的品質無法控制，而且病人日常生活細節及自己加減的治療行爲，並不一定會告訴醫生。雖然不至於瞎子摸象，卻也像打著燈籠在黑暗的街道上找方向。</p>\n<p>總之，不是所有的病人都適合遠程看診，病人和家屬必須對中醫觀察的各種症狀有些基本了解，願意花時間仔細觀察及記錄病情。同時，得有正確的看診心態及良好的配合程度，更得願意花很多精力找尋品質優良的中藥材等等。並不是自己什麽都不用做，找醫生來遠程看診一兩次，就希望各種疾病立即痊愈！</p>\n<p></p>\n<p></p>",
  "article_time": "2021年08月06日 17:37",
  "comments": [
    {
      "id": "747d817856a669a89a2dbf8cb31ea2f6",
      "author": "邵晓倩",
      "time": "2021年08月07日 10:49",
      "content": "<p>光看到开头的两张照片，心里已经开始紧缩了。虽然听说过乳腺癌会溃烂流脓，但是真实的看见病患处，还是深深的震撼了。远程的治疗对这样复杂的病情，确实难度太大了，加上病患和家属容易自作主张，擅自更改治疗方式，再加上病急乱投医的心理，什么都愿意去试试。谢谢分享这个案例，也希望病人能按医嘱，早日康复起来。</p>",
      "level": 0,
      "highlight": false,
      "children": []
    },
    {
      "id": "df24988c9c637d259fea3d39dfc18e07",
      "author": "carey",
      "time": "2021年08月08日 22:50",
      "content": "<p>宗恩老师医者仁心，好的药材犹如利剑，家属有责任去认真摘选。由于管制，很多药房出售的药材都是炮制过的，可以借助网络，搜索“GAP中药材基地”“出口品质”等字样，这样的产品有不少，所以卖之前还得要先辨别，做好筛选。</p>",
      "level": 0,
      "highlight": false,
      "children": []
    },
    {
      "id": "e1808b61530ce026b122f191e5154c9d",
      "author": "carey",
      "time": "2021年08月10日 20:22",
      "content": "<p>宗恩老师， 请教您，<br/>\n今天我和四川江油附子厂联系， 得到以下的讯息：<br/>\n他们厂生产的炮附片根据药典是用盐或胆巴浸泡，而蒸附片和炒附片无盐无胆巴炮制，<br/>\n请问， 我们买炮附子是否选择蒸附片和炒附片这两种更好呢？</p>",
      "level": 0,
      "highlight": false,
      "children": [
        {
          "id": "142ace2cb3b4465f543a563220a5698d",
          "author": "李宗恩",
          "time": "2021年08月12日 13:43",
          "content": "<p>炒附片</p>",
          "level": 1,
          "highlight": true,
          "children": []
        }
      ]
    },
    {
      "id": "3e39131fb63845b69674db74c21b6a6a",
      "author": "中醫愛好者",
      "time": "2021年08月22日 13:00",
      "content": "<p>太恐怖了兩個月可以治到這樣，療效已經很棒，可是患者如果不好好愛惜自己的生命，不正視自己的疾病的話，還亂塗亂吃，恐怕也回天乏術</p>",
      "level": 0,
      "highlight": false,
      "children": []
    },
    {
      "id": "dfdb231f00d7da5ef8d39a18e800b868",
      "author": "三三三",
      "time": "2021年08月23日 02:31",
      "content": "<p>我也正在治疗一例乳腺瘤破溃的病例，主人完全放弃西医手术，我会努力医治，不给倪师丢脸！！！</p>",
      "level": 0,
      "highlight": false,
      "children": []
    },
    {
      "id": "68e99ecaa9cd57147e8207b97981021d",
      "author": "李联欢",
      "time": "2021年09月01日 01:10",
      "content": "<p>宗恩老师您好！我几个月前突然发现左侧乳房有大概四厘米左右的硬块（以前两侧都有结节），这20多天我都在学习倪师的视频，又看了管理员发的乳癌的症状及原因，越来越怀疑自己得了乳癌，这几天我控制不住自己低落的情绪，八十多岁的老妈老爸需要我照看，我想好好的多陪陪他们安享晚年，我一直都很喜欢中医，相信中医，宗恩老师，我想恳请您远程看诊可以吗？</p>",
      "level": 0,
      "highlight": false,
      "children": [
        {
          "id": "81e8d1b43d29a1adf83162442387ef92",
          "author": "李宗恩",
          "time": "2021年09月07日 20:19",
          "content": "<p>如果有醫療需要，請聯絡診所：info@youngQi.com</p>",
          "level": 1,
          "highlight": true,
          "children": []
        }
      ]
    },
    {
      "id": "fabc9dd1488ce43c69dc1004bf5b8a64",
      "author": "saleen",
      "time": "2021年09月02日 20:58",
      "content": "<p>李老师，有个问题一直困扰着小孩。之前小孩老是挤眼睛，耸鼻子，西医诊断为抽动症，后来一段时间就好了。今年小孩不停的眨眼睛，就是眨眼的频次比较高，其他都正常。在国内这种情况也很普遍。老师能不能针对这方面讲讲，有没有好的预防和治疗办法。</p>",
      "level": 0,
      "highlight": false,
      "children": [
        {
          "id": "20584d1b91d224abff12da6dcc4388da",
          "author": "ET",
          "time": "2021年09月06日 08:03",
          "content": "<p>李医师是不赞同看到某个症状就开某个方的，但是有的中医看得病人多，很多时候也是直接开方。之前读了台湾张姓老中医的书说眨眼睛就用葛根汤为底。后来我大女儿有类似症状，确实用了几天就好了。这可能是足太阳膀胱经到精明穴的关系，也可能是葛根把好的水带到头顶吧。没有办法的情况下你可以试试。不过还是那句话，葛根汤有麻黄，最好傍晚六点以前服完当天的药，以免影响睡眠。还有麻黄这药比较麻烦，可以的话，建议用科学中药粉剂可能比较安全。</p>",
          "level": 1,
          "highlight": false,
          "children": [
            {
              "id": "8f09cc81e8bfa8549d7da2d7aeefd886",
              "author": "李宗恩",
              "time": "2021年09月07日 20:31",
              "content": "<p>眨眼睛就用葛根湯加減，是一個不好的示範。葛根提水上頭，麻黃發陽，在某些情況下可以減緩眨眼睛的症狀，但像西醫的妥瑞症等的表現，不一定能解決根本問題。</p>",
              "level": 2,
              "highlight": true,
              "children": []
            }
          ]
        },
        {
          "id": "0aec170701845b4c0c1b1124c0868d5f",
          "author": "李宗恩",
          "time": "2021年09月07日 20:21",
          "content": "<p>單一症狀無法診斷，但這樣的症狀常常被西醫認為是妥瑞症，中醫不難治療，網頁以前有討論過。</p>",
          "level": 1,
          "highlight": true,
          "children": []
        }
      ]
    },
    {
      "id": "3dc1a835f418a91d42508ef91c68e136",
      "author": "Chrisphs",
      "time": "2021年09月10日 12:11",
      "content": "<p>李老師, 在哪可以買到漢唐系列藥品?</p>",
      "level": 0,
      "highlight": false,
      "children": [
        {
          "id": "8aec6aff8919505789ce3f504fb1f0e0",
          "author": "李宗恩",
          "time": "2021年09月20日 21:17",
          "content": "<p>漢唐系列藥品在台灣及大陸並沒有得到政府許可。</p>",
          "level": 1,
          "highlight": true,
          "children": [
            {
              "id": "fd50c7f44d0135522ebfbfb2c7e0ef03",
              "author": "Chrisphs",
              "time": "2021年10月04日 08:17",
              "content": "<p>是不是只在美國有？</p>",
              "level": 2,
              "highlight": false,
              "children": [
                {
                  "id": "7252b8cc1fd4b4daea5552effc15c5da",
                  "author": "ET",
                  "time": "2021年10月07日 18:42",
                  "content": "<p>汉唐系列原本是倪师开发给自己（和学生）临床上用的，产地在台湾。应该在医师的指导下服用，不建议大众自购自服。自己乱服不只对病情没有帮助，也只是肥了中间商和药厂而已。</p>",
                  "level": 3,
                  "highlight": false,
                  "children": []
                }
              ]
            }
          ]
        }
      ]
    },
    {
      "id": "3476b01ae5958121628afb35658d5e00",
      "author": "Ma Rong",
      "time": "2021年11月28日 20:40",
      "content": "<p>请问这个病例后续治疗情况如何呢？</p>",
      "level": 0,
      "highlight": false,
      "children": [
        {
          "id": "ef9e63bff46538efd0fc0ec0d8c1d3c7",
          "author": "李宗恩",
          "time": "2021年11月30日 19:43",
          "content": "<p>病情仍然不明朗。</p>",
          "level": 1,
          "highlight": true,
          "children": [
            {
              "id": "44778dcffdb53112740198e00598353e",
              "author": "不看西醫",
              "time": "2023年02月08日 09:45",
              "content": "<p>此例跟我的好像，我也不看西醫，現在有在用高科技生醫產品，至少傷口不會有細菌，讓它無異味<br/>\n  我想，應該也要把里外的病菌殺死了，潰瘍才不會擴散</p>",
              "level": 2,
              "highlight": false,
              "children": [
                {
                  "id": "36a862bef4fc8928ae9fa7b72670334f",
                  "author": "Candy",
                  "time": "2024年12月04日 16:35",
                  "content": "<p>你好，我也是只相信中医，但是一直没有找到合适的？我也是乳癌破溃了，也没有手术和化疗。 你介意我们一起聊聊吗？</p>",
                  "level": 3,
                  "highlight": false,
                  "children": []
                }
              ]
            }
          ]
        }
      ]
    },
    {
      "id": "ee23b7a7e8733cb0ff21ad8893f908eb",
      "author": "暗香疏影",
      "time": "2024年03月22日 05:21",
      "content": "<p>最讨厌这种人，有问题一次次找你甚至求你，辛辛苦苦帮他给他意见最后又不采纳，遇到这种人李博士直接放弃，看不好最后他只会怪中医不好中医师不好，绝不会找自己原因，生老病死三千疾，唯有贱骨不可医！</p>",
      "level": 0,
      "highlight": false,
      "children": []
    },
    {
      "id": "dae88b4da48dbe926c2c51a09c55cb33",
      "author": "Candy",
      "time": "2024年12月04日 16:31",
      "content": "<p>你好，请问我可以找你看病吗？我也是乳癌破溃了，也没有手术和化疗。</p>",
      "level": 0,
      "highlight": false,
      "children": [
        {
          "id": "2c14635b84b003a0e16cad369ed8e14d",
          "author": "送你座帆船",
          "time": "2024年12月05日 12:03",
          "content": "<p>主页有他的诊所信息，但是要预约</p>",
          "level": 1,
          "highlight": false,
          "children": []
        },
        {
          "id": "b1369e32e88f4315f941c40dfcd0029c",
          "author": "李宗恩",
          "time": "2024年12月10日 14:19",
          "content": "<p>有醫療需要，請聯絡診所info@youngQi.com</p>",
          "level": 1,
          "highlight": true,
          "children": []
        }
      ]
    }
  ],
  "page": 11,
  "order": 8
}