{
  "article_url": "https://andylee.pro/wp/?p=7825",
  "title": "FM96.1：新冠肺炎 相對韓國、日本 為何義大利死亡人數這麼高？",
  "content": "<figure class=\"wp-block-audio\"><audio controls=\"\" src=\"https://andylee.pro/wp/wp-content/uploads/2020/04/S-03182020武漢肺炎-相對韓國、日本-為何義大利死亡人數這麼高？.mp3\"></audio></figure>\n<p>（ 語音檔案由FM96.1電台提供，文章摘錄撰寫中，請稍加等待。謝謝。）</p>",
  "article_time": "2020年03月02日 17:42",
  "comments": [],
  "page": 21,
  "order": 2
}