{
  "article_url": "https://andylee.pro/wp/?p=7724",
  "title": "短片：淺談預防疫病中藥方",
  "content": "<p>感謝寰宇新聞駐美特派記者曾淯菁的採訪及剪輯製作，我們簡短的討論了預防疫病的中藥方劑。雖然「預防」不代表一定能「避免感染」，至少讓身體處在一個比較好的狀態，如果真的感染了，希望至少維持在輕症狀態，減少惡化的機率。通許縣人民醫院在抗疫治療時，使用了相同的中藥預防方法，全院一千兩百多位醫護及工作人員無一感染，受到央視及其它新聞媒體大幅報導。</p>\n<figure class=\"wp-block-embed-youtube wp-block-embed is-type-video is-provider-youtube wp-embed-aspect-16-9 wp-has-aspect-ratio\"><div class=\"wp-block-embed__wrapper\">\n<iframe allow=\"accelerometer; autoplay; clipboard-write; encrypted-media; gyroscope; picture-in-picture; web-share\" allowfullscreen=\"\" frameborder=\"0\" height=\"281\" referrerpolicy=\"strict-origin-when-cross-origin\" src=\"https://www.youtube.com/embed/MplHI-aMhZc?feature=oembed\" title=\"治疫名醫李宗恩 全方位預防新冠肺炎茶飲大公開                                                #中醫李宗恩#武漢肺炎#新冠肺炎\" width=\"500\"></iframe>\n</div></figure>",
  "article_time": "2020年03月10日 20:47",
  "comments": [
    {
      "id": "47943996bfd1a43f92bf1e3e597fb286",
      "author": "david",
      "time": "2020年03月10日 21:31",
      "content": "<p><a href=\"https://www.ntdtv.com/b5/2020/03/10/a102796118.html\" rel=\"nofollow ugc\">https://www.ntdtv.com/b5/2020/03/10/a102796118.html</a></p>\n<p>這個方劑也是，完全的清熱解毒，經驗上告訴我們，很難好。<br/>\n病況會反反覆覆，請大家不要用這種方去開藥吃</p>",
      "level": 0,
      "highlight": false,
      "children": [
        {
          "id": "778be0cc23308cf43d9eaf7ac1bbbf9e",
          "author": "andy",
          "time": "2020年03月11日 09:57",
          "content": "<p>治病是不能隨便服用什麼網上寫的中藥方，並非感冒發燒就服用哪個藥方，得請中醫師直接看診。</p>",
          "level": 1,
          "highlight": true,
          "children": []
        }
      ]
    },
    {
      "id": "1dd8dd87a17246c2073d1d79250ced46",
      "author": "Johnny",
      "time": "2020年03月12日 07:31",
      "content": "<p>请问李医生，如今北美的疫情持续发展，并且已经进入春季，还适合服用您介绍的五苓散／桂枝汤／甘草干姜汤做为预防么？谢谢！</p>",
      "level": 0,
      "highlight": false,
      "children": [
        {
          "id": "0ad066e86be2188d0e3eae2996f41bb5",
          "author": "andy",
          "time": "2020年03月12日 11:15",
          "content": "<p>還是適合，只是本來陰虛、中下焦寒濕的人，最好先找中醫師看診，不要自己大量服用，結果上火，那不是藥方的問題，而是病人原本的狀況導致的。</p>",
          "level": 1,
          "highlight": true,
          "children": [
            {
              "id": "a3e5232022202e2c14723087255656f6",
              "author": "Johnny",
              "time": "2020年03月12日 18:20",
              "content": "<p>非常感谢！</p>",
              "level": 2,
              "highlight": false,
              "children": []
            },
            {
              "id": "9485c4f3bd94920e189438f4b26bf457",
              "author": "汪汪",
              "time": "2020年03月18日 01:46",
              "content": "<p>請問如果不上火的話五苓散可以每天服用嗎?</p>",
              "level": 2,
              "highlight": false,
              "children": [
                {
                  "id": "fa807f7932b947dcb043cb7dcfc5d11f",
                  "author": "李宗恩",
                  "time": "2020年03月18日 08:48",
                  "content": "<p>正常人可以，身體虛弱或本來有健康問題的人，得諮詢中醫師。</p>",
                  "level": 3,
                  "highlight": true,
                  "children": []
                }
              ]
            }
          ]
        }
      ]
    },
    {
      "id": "67b94758041994994d210f48de209a01",
      "author": "Calvin",
      "time": "2020年03月13日 22:46",
      "content": "<p>請問如果家人住馬來西亞，是赤道雨林氣候適合吃次方嗎？還是建議那個？</p>",
      "level": 0,
      "highlight": false,
      "children": [
        {
          "id": "2e930363b5705b05cccd02a42fa41db7",
          "author": "Jet lee",
          "time": "2020年03月14日 22:37",
          "content": "<p>补中益气加五苓散或者芩桂术甘汤，现学（李老师千聊公开课讲的）现卖</p>",
          "level": 1,
          "highlight": false,
          "children": []
        },
        {
          "id": "a50704a1ffde8e0023ab4f51bbc195cd",
          "author": "李宗恩",
          "time": "2020年03月16日 10:37",
          "content": "<p>很多住在熱的地方的人，平時吃喝一堆冷食冷飲，造成中下焦寒濕。這個時候服用桂枝、四物湯等等，熱下不去而反逆，導致一般說的上火。這不是藥方的問題，而是這些人已經不算是健康的人了，得先去中下焦的寒濕。來不去中下焦寒濕時，防疫就改為只用五苓散，或者連五苓散中的桂枝也減量。</p>",
          "level": 1,
          "highlight": true,
          "children": [
            {
              "id": "a0660cda36b76a89d8c03514dfe91860",
              "author": "Calvin",
              "time": "2020年03月17日 07:29",
              "content": "<p>Thanks,馬來西亞目前預期日日增高，唉…<br/>\n同意，很多其實都在冷氣房，請問醫師去中下焦的寒濕是用五苓散的意思嗎？還是那個方可用？</p>\n<p>如果是預防請問五苓散科中吃幾克？</p>\n<p>感恩</p>",
              "level": 2,
              "highlight": false,
              "children": []
            },
            {
              "id": "6931bc47ecf872806355d67fd58746d2",
              "author": "罗罗",
              "time": "2020年03月28日 09:27",
              "content": "<p>李老师，您好！我做了胆囊切除手术后10年，现在出现红色蜘蛛痣，口干口苦，想请您帮忙开方子预防肝结石？怎么付费给您？</p>",
              "level": 2,
              "highlight": false,
              "children": [
                {
                  "id": "c34ad35828cceca15b6cab05a061a877",
                  "author": "李宗恩",
                  "time": "2020年03月28日 22:01",
                  "content": "<p>我不這樣網上提供個案看診，有需要的話，請和診所聯絡，網頁上有診所資料。</p>",
                  "level": 3,
                  "highlight": true,
                  "children": [
                    {
                      "id": "37ce0e3003612e97108d2ac1141de89a",
                      "author": "罗罗",
                      "time": "2020年03月29日 04:21",
                      "content": "<p>谢谢您</p>",
                      "level": 4,
                      "highlight": false,
                      "children": []
                    }
                  ]
                }
              ]
            }
          ]
        }
      ]
    },
    {
      "id": "cd7e204107cb97fcf7edddcc00b9339b",
      "author": "刘剑彬",
      "time": "2020年03月15日 12:24",
      "content": "<p>李医师，您好，最近一直在寻找中医很心累，不知道您可以介绍几个从大陆去美国和您学习的弟子嘛？实在是求医无门了！</p>",
      "level": 0,
      "highlight": false,
      "children": [
        {
          "id": "313d691a3908f17aef6b0c2120872e6a",
          "author": "gordon",
          "time": "2020年03月16日 22:03",
          "content": "<p>@刘剑彬，你在哪個城市？深圳有個方典經方醫館的方亮醫生。</p>",
          "level": 1,
          "highlight": false,
          "children": []
        }
      ]
    },
    {
      "id": "2240d29b0a90a26bd0638159ac2f29cb",
      "author": "wang",
      "time": "2020年03月15日 04:53",
      "content": "<p>李医师您好，今天上午听您讲座受益匪浅。想咨询您诊所是否有对外电话，想让孩子联系一下，看看是否可以寄五苓散类的预防中药，是在湾区的留学生。非常时期，主要不想让她往外跑，添麻烦。现在一些家长也在想办法寄中药过去，您诊所若可以寄送，就太好了。谢谢您。</p>",
      "level": 0,
      "highlight": false,
      "children": [
        {
          "id": "90e12ef394b54ce3d4c760406b027ea8",
          "author": "Sophia",
          "time": "2020年03月15日 17:47",
          "content": "<p>650-917-2355</p>\n<p><a href=\"http://youngqi.com/cn/\" rel=\"nofollow ugc\">http://youngqi.com/cn/</a></p>",
          "level": 1,
          "highlight": false,
          "children": [
            {
              "id": "b7fac092e3112e76eddb7bdd41eb7d5e",
              "author": "wang",
              "time": "2020年03月15日 20:55",
              "content": "<p>十分感谢</p>",
              "level": 2,
              "highlight": false,
              "children": []
            }
          ]
        },
        {
          "id": "c5c59f036ae5462d5ed5f68c99b6c057",
          "author": "李宗恩",
          "time": "2020年03月16日 11:04",
          "content": "<p>可以和診所連絡info@youngQi.com, (650) 917-2355。</p>",
          "level": 1,
          "highlight": true,
          "children": [
            {
              "id": "71cd30c0725e20887b31d8cfdc3a3ec6",
              "author": "wang",
              "time": "2020年03月16日 22:15",
              "content": "<p>十分感谢</p>",
              "level": 2,
              "highlight": false,
              "children": []
            },
            {
              "id": "f7b4dd265599b67f760aa25831c70522",
              "author": "wang",
              "time": "2020年03月21日 08:40",
              "content": "<p>给您发了邮件，咨询预防的中药，谢谢您</p>",
              "level": 2,
              "highlight": false,
              "children": []
            }
          ]
        }
      ]
    },
    {
      "id": "3b40a68620eccb6f81297ed5b5b291c8",
      "author": "出師未捷身先死",
      "time": "2020年03月16日 01:12",
      "content": "<p>你好李博士!</p>\n<p>一位親戚五十多歲，今天突發腦溢血，緊急送到醫院後醫生經過CT SCAN之後，卻說腦幹出血嚴重，治不了了。我用縫衣針扎了她的十宣和湧泉，擠出來了一點血，但是人還沒有醒過來。現在親戚從醫院接回了家中，脈跳得特別快，手很燙，腳心有點涼，頭面滾燙，嗓子似乎有痰，一直喘個不停。不知道是我扎的穴位不對，還是手法不對，期待李博士能火速給予建議!!因為親戚的父母現在仍然健在，不想白發人送黑發人。</p>",
      "level": 0,
      "highlight": false,
      "children": [
        {
          "id": "14105f286d709eb3ad860963f0f9b44a",
          "author": "李宗恩",
          "time": "2020年03月16日 11:50",
          "content": "<p>嚴重腦溢血，導致一般所謂的植物人情況，十宣放血或其它針灸方式都很難逆轉。</p>",
          "level": 1,
          "highlight": true,
          "children": [
            {
              "id": "50cc21045fcc80d5c9272c337f0dfd12",
              "author": "出師未捷身先死",
              "time": "2020年03月16日 22:05",
              "content": "<p>看到“很難逆轉”這四個字實在令人心碎。聽聞身邊的很多人在五十多歲就因為腦溢血就很快走人，實在感慨現在西醫急救的無力，一句”治不了”就將家屬打發回家。這位親戚在發病前已經檢查出有輕症腦血栓，發病當天曾從事體力勞動，突然間嘔吐倒地不起，如果在倒地之後立即採取針灸急救能救回來麼？</p>",
              "level": 2,
              "highlight": false,
              "children": [
                {
                  "id": "3c8a07fecd6f0e6831cf33546d2a4c25",
                  "author": "李宗恩",
                  "time": "2020年03月17日 14:42",
                  "content": "<p>不能這麼說，如果這位西醫真的認為治不好，那麼他誠實的告訴你們，那是負責任的，最怕有些醫生明明知道治不好，還故意不告訴家屬，讓他們不斷花大錢買個希望，這種事在中醫界很常發生。</p>",
                  "level": 3,
                  "highlight": true,
                  "children": []
                }
              ]
            },
            {
              "id": "b514249ad8f7c792a34f2411e5d82f81",
              "author": "出師未捷身先死",
              "time": "2020年03月16日 22:27",
              "content": "<p>我扎親戚的湧泉穴附近時，親戚的腳會向後動一下，扎十宣時根本就沒有反應。難道真的就沒法挽救性命?</p>",
              "level": 2,
              "highlight": false,
              "children": [
                {
                  "id": "a0c346de9beb6f5a00e732fd24765270",
                  "author": "汪汪",
                  "time": "2020年03月18日 01:56",
                  "content": "<p>星期日上午到彰化溪州牟尼精舍請示看看是否有沖犯或是因果，急的話可以試著 line: mickey1104 陳師兄看看</p>",
                  "level": 3,
                  "highlight": false,
                  "children": []
                }
              ]
            }
          ]
        }
      ]
    },
    {
      "id": "abad2747f64c5a7b9933bc867f68e097",
      "author": "中医学徒",
      "time": "2020年03月16日 07:22",
      "content": "<p>中医是生命医学，伤寒论就是打开生命医学的办法。这是大自然赋予我们的本能，这是大自然赠予我们最好的医学。</p>",
      "level": 0,
      "highlight": false,
      "children": [
        {
          "id": "d37df15740a76a5941505e73fead9baf",
          "author": "李宗恩",
          "time": "2020年03月16日 11:54",
          "content": "<p>傷寒雜病論是一本很好的醫學書籍，只是很多人只會拿症狀及藥方來連連看，而非真的了解其中的中醫生理及病理的解釋。</p>",
          "level": 1,
          "highlight": true,
          "children": []
        }
      ]
    },
    {
      "id": "6352f67afe0448dbe5ccc6fb113277b7",
      "author": "Gary",
      "time": "2020年03月19日 01:49",
      "content": "<p>這兩天看了宗恩老師一半有多的博客內容，好像開始有點明白您講的方向了，謝謝</p>",
      "level": 0,
      "highlight": false,
      "children": []
    },
    {
      "id": "6bc909adf7925e0c6eea4122315e1152",
      "author": "lmc",
      "time": "2020年03月20日 04:35",
      "content": "<p>李师，请教一下，如何辩证三焦系统的病症。</p>",
      "level": 0,
      "highlight": false,
      "children": [
        {
          "id": "a58f440d4f74c3c6d2741be2876a48c3",
          "author": "李宗恩",
          "time": "2020年03月22日 12:17",
          "content": "<p>這不是三言兩語可以解釋的，以後開課在深入講解。</p>",
          "level": 1,
          "highlight": true,
          "children": []
        }
      ]
    },
    {
      "id": "33dcd4ceac63ae8d5314cce9721e2ac9",
      "author": "Emily",
      "time": "2020年03月21日 11:53",
      "content": "<p>Dr. Lee,<br/>\nThank you so much for sharing your amazing work! Can I get your permission to translate your material into English so that more people might benefit? So many acupuncturists and herbalists in the US are not benefiting from your wisdom and work.<br/>\nThank you for all you do.</p>",
      "level": 0,
      "highlight": false,
      "children": [
        {
          "id": "4fe674b96e9ea1e611c2caf3fd6aae93",
          "author": "李宗恩",
          "time": "2020年03月22日 12:23",
          "content": "<p>Sure, please go ahead. Just let me review your translation first. I’d like to make sure that you don’t misunderstand my explanations.</p>",
          "level": 1,
          "highlight": true,
          "children": []
        }
      ]
    },
    {
      "id": "da152203eed973d60ed2495ae3ccb876",
      "author": "009",
      "time": "2020年03月22日 04:01",
      "content": "<p>李医师，有一种病西医叫PNH，是一种溶血性贫血症，想请教发病原理，可以治愈吗？</p>",
      "level": 0,
      "highlight": false,
      "children": [
        {
          "id": "5a15db993837b51daf1caa39aa288948",
          "author": "李宗恩",
          "time": "2020年03月22日 12:26",
          "content": "<p>中醫是辨證論治，不從西醫病名來討論，這樣反而會誤導。</p>",
          "level": 1,
          "highlight": true,
          "children": []
        }
      ]
    },
    {
      "id": "afc59f53b6596e476bef75e0ab9b8fc3",
      "author": "009",
      "time": "2020年03月23日 03:56",
      "content": "<p>脸色发黄，尿色像酱油，贫血，身体瘦弱，食量小，腹胀，眼白黄，脾肿大</p>",
      "level": 0,
      "highlight": false,
      "children": []
    },
    {
      "id": "c4e0fa8c26664d03e89a135436aaf30a",
      "author": "Karunavihari",
      "time": "2020年03月25日 01:52",
      "content": "<p>李老师，可以请教您 我在缅甸禅林给大众每天和甘草干姜汤，每周一次桂枝汤或五苓散加桂枝预防，这样做法合适吗？目前缅甸已经紧张起来了，美国也严重，您自己要多加保重，愿您和家人，阳气诊所的仝人们都吉祥平安，也愿美国的人民平安，谢谢您。</p>",
      "level": 0,
      "highlight": false,
      "children": [
        {
          "id": "261348158cdc771f84db25bc3fa536bc",
          "author": "李宗恩",
          "time": "2020年03月25日 12:14",
          "content": "<p>每週一次可能不夠，得頻繁一些。</p>",
          "level": 1,
          "highlight": true,
          "children": []
        }
      ]
    },
    {
      "id": "038e6802d1ce67a5f2abec431f14640d",
      "author": "Karunavihari",
      "time": "2020年03月25日 23:02",
      "content": "<p>尊敬的李老师，您好！非常感恩老师您这么及时的回复，现在在缅甸还是很多不了解中医，即使是华人对中国抗疫期间中医的预防和治疗方太多也弄糊涂了，有一位张医生有三十个处方，不同地方有不同的指导方，还有些开来说是针对缅甸气候的方，也有说缅甸这么热，桂枝发汗不能用，也要辩证才对方喝预防方，可是这中医哪找啊！五苓散他们也不太了解，能不能恳请您对于预防方再做一次详细的阐述，包括诸多疑议和具体措施，最好还有英文版（这个太急需重要了，要么行外人难解释给当地人民）。目前缅甸回来过泼水节的人越来越多，而且大部分来自泰国，还有可能是无症传播者，这期间跨度长流动性这么大，未来潜伏的危险可想而知，而缅甸的状况有如此，即使现在在中国处理药材，也要最快半个月左右，现在有可能更晚了，恳请您，恳请您为更多的民众普及吧！最好有中英版，英文版晚一些日子也好，起码能马上定方订药材，还要等待过境快递啊，李博士，恳请您慈悲！</p>",
      "level": 0,
      "highlight": false,
      "children": [
        {
          "id": "bbeee586625d3757a7444b4f32aca75a",
          "author": "Karunavihari",
          "time": "2020年03月26日 12:03",
          "content": "<p>另外还有一贴<br/>\n<a href=\"https://mp.weixin.qq.com/s/66EaU2lzEnqvk1red-XjbQ\" rel=\"nofollow ugc\">https://mp.weixin.qq.com/s/66EaU2lzEnqvk1red-XjbQ</a><br/>\n6成新冠患者無症狀，新一輪疫情可能爆發！擴散，這些方法關鍵時刻能救命！<br/>\n原創 三甲傳真 里提到下面就請湯英主任告訴所有海外華人和留學生，在買不到中藥的情況下怎麼辦？<br/>\n首先，每天一頭大蒜，大蔥，生薑，大米一起熬粥喝，早晚兩次。這裡的大蒜，大蔥，生薑都是有辣味，辛辣入肺，是陽藥。大蔥，大蒜，大米色白入肺。生薑色黃入脾胃，能去除脾胃的寒濕之氣。大米甜味入脾胃，潤腸，保護胃腸功能。這樣胸陽提升了，脾胃功能好了。可以請問您這食療方確定是湯英主任提出的嗎？適合嗎？非常謝謝您，请您多注意身体保重啊！</p>",
          "level": 1,
          "highlight": false,
          "children": [
            {
              "id": "62b1a50e832a2494161d61ff590d98e5",
              "author": "Karunavihari",
              "time": "2020年03月26日 08:50",
              "content": "<p>李老师，您好！下面的链接也是介绍了预防方，请您指导，谢谢您。<br/>\n<a href=\"https://mp.weixin.qq.com/s/gTlBDW-18CBKUKmuBf6Eeg\" rel=\"nofollow ugc\">https://mp.weixin.qq.com/s/gTlBDW-18CBKUKmuBf6Eeg</a><br/>\n【新冠肺炎中药预防方组成】<br/>\n黄芪10g 白术10g 防风10g 金银花10g 连翘10g 芦根10g</p>",
              "level": 2,
              "highlight": false,
              "children": [
                {
                  "id": "6a1d1af8c677c39c0994d1f7ff46fe2a",
                  "author": "李宗恩",
                  "time": "2020年03月27日 22:30",
                  "content": "<p>還是得看每個人的情況，如果一個人本來就體寒，或者已經有些表寒，那這樣的方劑並不能預防，服用太多反而可能導致問題。</p>",
                  "level": 3,
                  "highlight": true,
                  "children": []
                }
              ]
            },
            {
              "id": "bc18c7ba1c2362a1f33a8d512ff9ed98",
              "author": "李宗恩",
              "time": "2020年03月27日 22:27",
              "content": "<p>大蒜、大蔥、生薑不是比桂枝更容易讓人發汗嗎？那為什麼你們擔心桂枝呢？湯英醫生的建議，是沒有辦法買到中藥情況下的應變，可以有些幫助。</p>",
              "level": 2,
              "highlight": true,
              "children": []
            }
          ]
        },
        {
          "id": "7aaccec7ef35e2fe75ff1a57353b7bf4",
          "author": "李宗恩",
          "time": "2020年03月27日 22:22",
          "content": "<p>誰說熱的地方不能用桂枝？桂枝湯的桂枝也不是為了發汗，桂枝湯證本來就已經有汗了。</p>",
          "level": 1,
          "highlight": true,
          "children": [
            {
              "id": "10749a753d77b7b016abd0f14c335f73",
              "author": "Karunavihari",
              "time": "2020年03月28日 03:51",
              "content": "<p>李老师，非常感谢您这么快速详细的指导释疑，对不起可以请教您如果用本短片里的五苓散加桂枝汤，具体的分量该怎么抓呢？谢谢您</p>\n<p>五苓散：猪苓 茯苓 白术 泽泻 桂枝<br/>\n桂枝汤：桂枝 生杭芍 炙甘草 干姜 大枣</p>",
              "level": 2,
              "highlight": false,
              "children": [
                {
                  "id": "cd71cec75daf678bbbe2f008a5d38164",
                  "author": "李宗恩",
                  "time": "2020年03月28日 22:00",
                  "content": "<p>預防性質下，劑量不是那麼關鍵，桂枝6～9克一天，其它造原方劑比例即可。</p>",
                  "level": 3,
                  "highlight": true,
                  "children": [
                    {
                      "id": "197a96e9fc6723eabfd8d089ec9588b7",
                      "author": "Karunavihari",
                      "time": "2020年03月29日 07:34",
                      "content": "<p>李老师，您好！非常感谢您及时回复和帮助，非常受益，目前主要是缅甸曼德勒省进入热季了，天气干燥，再加上缅甸长时间没有雨。很多人口干舌燥，体内又湿寒，苔齿痕和寒比较多。特别是女众，请问这种状况是阴虚吗？ 如果喝预防方应该怎么喝合适呢？五苓散➕桂枝汤还合适吗？需要调整吗？恳请您回复，谢谢。</p>",
                      "level": 4,
                      "highlight": false,
                      "children": []
                    },
                    {
                      "id": "373176c3deba5c350218c9230165ed4f",
                      "author": "李宗恩",
                      "time": "2020年03月29日 20:38",
                      "content": "<p>不要一直重複問一樣的問題，已經解釋了幾次桂枝不會造成問題。</p>",
                      "level": 4,
                      "highlight": true,
                      "children": []
                    }
                  ]
                }
              ]
            }
          ]
        }
      ]
    },
    {
      "id": "6f104d8e809c3cdf4a0eacce7d62b32b",
      "author": "yxh",
      "time": "2020年03月26日 06:29",
      "content": "<p>李老师，想请问一下，您能不能介绍一下纽约的中医诊所。我姐姐在纽约哥大留学，最近美国疫情严重,也回不了中国，万一有突发情况可以去那里求医，谢谢您！</p>",
      "level": 0,
      "highlight": false,
      "children": [
        {
          "id": "267c52f6e94a5e1706f56ce07fb846e0",
          "author": "李宗恩",
          "time": "2020年03月27日 22:27",
          "content": "<p>我對紐約情況不了解。</p>",
          "level": 1,
          "highlight": true,
          "children": [
            {
              "id": "cfd43bf94bed80c067e71621c613a273",
              "author": "yxh",
              "time": "2020年03月29日 18:41",
              "content": "<p>好的，谢谢您</p>",
              "level": 2,
              "highlight": false,
              "children": []
            }
          ]
        }
      ]
    },
    {
      "id": "4960026721ec1746e8f1484d0356c2da",
      "author": "农元信",
      "time": "2020年03月30日 19:17",
      "content": "<p>李博士，您好！如果我们去美国找您给您看病方便吗？谢谢！</p>",
      "level": 0,
      "highlight": false,
      "children": [
        {
          "id": "39b79435d73cff3786502aafbd78f2e4",
          "author": "李宗恩",
          "time": "2020年03月30日 20:24",
          "content": "<p>診所正常看診，你們直接和診所聯絡即可，網頁上有診所資料。</p>",
          "level": 1,
          "highlight": true,
          "children": []
        }
      ]
    },
    {
      "id": "e31c466221dc8a71356fd2aeb3ec38b5",
      "author": "Karunavihari",
      "time": "2020年05月02日 21:49",
      "content": "<p>尊敬的李博士，您好！我收到一条信息 仅供参考。</p>\n<p>这个药方让老挝新冠肺炎零感染，被誉为“中国疫苗”</p>\n<p>Original 医者许鹏飞  特效药方大公开  Yesterday<br/>\n这个药方让老挝新冠肺炎零感染，<br/>\n被誉为“中国疫苗”</p>\n<p>     中国邻居老挝人民民主共和国，北邻云南省，简称老挝，国土面积23.68万平方公里，人口700多万，首都万象。</p>\n<p>    自新冠肺炎全球蔓延以来，截止目前，老挝19例确诊患者，全部为境外输入，用纯中药治疗已全部治愈，核酸转阴，出院8例，其余11例也将在近期结束观察出院回家。</p>\n<p>    老拟目前在不佩戴口罩，无酒精等消毒情况下，纯用中药预防，实现新冠肺炎零感染。具体是：把每一位入境者都当做无症状病毒携带者、隐型病人（假阴性病人），每人每天服用中药预防，始终坚持中医中药主导抗疫，从而100%解决了无症状病毒携带者及隐型病人（假阴性病人）这个世界难题。解决了在全世界没有疫苗的情况下的预防问题，老挝目前零感染，证明中医药预防有100%的特效，被老拟医学专家称为“中国疫苗”。<br/>\n    神奇“中国疫苗”中药方出自我国的云南省，4月12日，中国赴老挝抗疫医疗专家组一行12人顺利完成15天的工作任务，回到云南昆明。专家组成员杜义斌主任介绍，中医药防治新冠肺炎方案已纳入老挝第二版国家诊疗方案。支援老挝的医院抗疫院内制剂也在老挝成功临床运用，院内制剂“贯防合剂”等的运用指征、服用剂量、服用方法和禁忌症等，经过翻译后形成固定方案向老挝全国发布，指导老挝各医疗机构的抗疫工作。</p>\n<p>    在老挝期间，老挝卫生部请求专家组帮助老方制定第二版国家诊疗方案。杜义斌教授结合老挝没有中草药，医生不会辨证使用中草药的实际情况，决定在方案中专列章节，为老挝制定简明扼要的中医药防治新冠肺炎方案并得到老方专家的认可。中医药诊治内容进入援助国诊疗方案，为推广中医中药建立了法规保证，为传播中医声音，推行中医方案的奠定了最坚实基础。根据援助国实际情况变通使用中医治疗方法，是推行中医疗法的最有效措施。这次被老挝医学家誉为“中国疫苗”的就是云南省支援去老挝的中药“贯防合剂”。</p>\n<p>   “中国疫苗贯防合剂”是专家根据新冠肺炎发病机理：新型冠状病毒感染的肺炎属于中医疫病范畴，病因为感受疫戾之气，病位在肺，基本病机特点为“湿、热、毒、瘀”；及云南气候特点以及云南人的同体质等情况，拟定的预防治疗方，用于强身健体、提高免疫；治疗新冠肺炎、对抗疫情，已取得了很好的预防和治疗效果。配方组方如下：</p>\n<p>undefined<br/>\n贯防合剂<br/>\n（许鹏飞整理）</p>\n<p>灵芝10克  生黄芪10克<br/>\n藿香10克  贯   众30克<br/>\n防风15克  滇柴胡10克<br/>\n神曲10克  重   楼10克</p>\n<p>     本方辛凉解表，解毒扶正。用于风热犯表所致的畏寒、发热、咳嗽、痰黄稠、纳差、乏力等症；上呼吸道感染、时邪疫区新型冠状病毒感染或易感人群见上述证候者。用法用量：口服，一日3次，一次100ml。餐后服用，小儿酌情减量或遵医嘱。</p>",
      "level": 0,
      "highlight": false,
      "children": [
        {
          "id": "66fb63422fd6e3e8fbe1a45ec1feebc7",
          "author": "Karunavihari",
          "time": "2020年05月03日 12:34",
          "content": "<p>这个编造的帖子不仅忽悠中国人放下对新冠肺炎的防控，还忽悠我们不需要保护我们宝贵的中药材资源，“让中医专家理直气壮走向世界，同受援国一起战胜瘟疫”，用心极其险恶。<br/>\n因此，这个编造的帖子用“扛着中医反中医”的方法误导忽悠大众，让一些不明真相的群众被帖子表面编造的事实而吸引，忽视了这个帖子真正要给大众潜意识里灌输的观点：<br/>\n新冠肺炎不可怕，中医就可以完全预防治疗，相当于一场感冒，我们因此不必兴师动众防控疫情，我们也不用担心境外疫情输入，我们可以完全敞开国门让外国人进入；我们也不用保护宝贵的中药材资源和中医人才，不用禁止战略性的中药材资源出口，因为连老挝的中药材就够几亿人防疫用……<br/>\n这样吹破天的牛皮，竟然也让许多大众都信以为真，这是一个典型的洗脑贴，如果大众真的被这个帖子洗了脑，那后果不堪设想。<br/>\n如柳也希望国家相关部门及时打击这样误导大众的帖子！   <br/>\n老挝“中医抗疫”的帖子极其歹毒，大家不要被误导了<br/>\n<a href=\"https://mp.weixin.qq.com/s/f_v1KOHB7YLtSNlKDtOWKg\" rel=\"nofollow ugc\">https://mp.weixin.qq.com/s/f_v1KOHB7YLtSNlKDtOWKg</a></p>",
          "level": 1,
          "highlight": false,
          "children": [
            {
              "id": "4b96954bbcfc645775523bafe04c6194",
              "author": "李宗恩",
              "time": "2020年05月04日 14:49",
              "content": "<p>這樣的文章，一看就知道是在騙人，換取點擊率。很多不肖之人，利用疫情來炒作名氣或斂財，中醫界也不例外。</p>",
              "level": 2,
              "highlight": true,
              "children": [
                {
                  "id": "b46a316025ac3285c602e0181bcf0d6a",
                  "author": "李晨",
                  "time": "2020年05月05日 20:28",
                  "content": "<p>李宗恩医师，睾丸静脉曲张和下坠，也按肝经虚寒，中气不足方向思考吗，这跟心脏功能差牵连吗，或者先去中下寒湿，补脾虚，然后再绕回来强心肺去痰湿。<br/>\n我现在情况还好，更换了环境调养，睡觉11点之前能睡，白天想的事多，3到5点会醒一次，然后再睡，。放松不想不会醒。其他到没有什么，隐藏的现象没有发掘出来。最近在参加考试，一到考试前天总睡不着，考试遇见考官紧张，能帮忙分析吗？补考一次1000多元，考了这次就拿证了，可以自己生存了。<br/>\n李医生，多久在网络开课，我能报名一个吗？<br/>\n在桂林汉唐看病，看的效果不是显著，开始之会开大量生附子，后来在网上看别人去看，也是跟我一样，开很多的附子让人吃，医生写的文章说，不放心把命交给他，就开四平八稳的方。反正我是看到有点怕，跟医生反馈，后来就把我拉黑了，空间也不让看，我是不会去看了，自己去复诊太远，要住一晚上不方便，微信拿一次药还要多收200复诊费，也没有视频语音，像他们这样赚钱，几年会成为亿万富翁不。</p>",
                  "level": 3,
                  "highlight": false,
                  "children": [
                    {
                      "id": "bc57112cb76ec845ae30ba02471a5dea",
                      "author": "李宗恩",
                      "time": "2020年05月10日 20:15",
                      "content": "<p>治療的步驟，好比打仗的戰略，得看實際情況來決定，和主治醫生的思維及病人現實生活狀況有關，不能說一定什麼步驟先什麼步驟後。</p>",
                      "level": 4,
                      "highlight": true,
                      "children": []
                    }
                  ]
                }
              ]
            }
          ]
        }
      ]
    },
    {
      "id": "a39b65a1f9b96f93cac9ac8900622745",
      "author": "姚锐",
      "time": "2021年06月20日 13:41",
      "content": "<p>新冠的预防主旨是使肺处于较好的状态，既不要太干，也不要存积液；以应对新冠肺炎可能对人体造成的两大危害：<br/>\n1、肺部津液缺少、太干不能降温（寒邪入里化热），造成类似SARS的肺纤维化；<br/>\n2、肺部大量积液不能排除，导致患者呼吸困难，甚至被呛死。</p>\n<p>预防方1：五苓散，确保三焦水道通畅，增强抵抗能力，适合身体状况较好的人；<br/>\n预防方2：桂枝汤，增强抵抗力、平衡营养，适合平时比较疲累、体力比较差、感觉快感冒的人；<br/>\n预防方3：甘草干姜汤，强心解毒、强胸阳</p>\n<p>身体状况非常好的人，可以单用五苓散；<br/>\n身体状况欠佳的人，可以用五苓散+桂枝汤；<br/>\n需要增强心脏功能，可以将桂枝汤中的生姜换成干姜，即五苓散、桂枝汤和甘草干姜汤合用。</p>\n<p>如果身体一直还好，没有常年肺病糖尿病，上面的预防方可以定期服用以预防新冠，例如隔日一次或三、四日日一次；<br/>\n预防用，桂枝每日6-9克，其他依比例。</p>\n<p>本來陰虛、中下焦寒濕的人，最好先找中醫師看診，不要自己大量服用，可能导致上火。如果来不及去中下焦寒湿，防疫改为只用五苓散，甚至五苓散中的桂枝也减量、以防上火。</p>\n<p>对于已经出现肺部积液的高风险人群，可以用射干麻黄汤减轻剂量作为预防；<br/>\n对于已经出现肺阴虚的高风险人群，可以用麦门冬汤。</p>",
      "level": 0,
      "highlight": false,
      "children": [
        {
          "id": "116be375329e8b669bd101ab6fe74af0",
          "author": "姚锐",
          "time": "2021年06月20日 13:42",
          "content": "<p>李老师好，根据您的讲解和答疑，整理了文字稿如上，请检阅，谢谢您！</p>",
          "level": 1,
          "highlight": false,
          "children": [
            {
              "id": "91026dfb07cf3f80d79994e2099ebc4a",
              "author": "李宗恩",
              "time": "2021年06月20日 17:17",
              "content": "<p>謝謝你的整理。</p>",
              "level": 2,
              "highlight": true,
              "children": [
                {
                  "id": "7bf8d57314a020148a3b016c0a7b38c8",
                  "author": "姚锐",
                  "time": "2021年06月24日 19:07",
                  "content": "<p>谢谢李老师！</p>",
                  "level": 3,
                  "highlight": false,
                  "children": []
                }
              ]
            }
          ]
        }
      ]
    }
  ],
  "page": 21,
  "order": 3,
  "filename": "data\\page20\\page20_order10_a0660cda36b76a89d8c03514dfe91860.json"
}